id,tmdb_id,title,original_title,tagline,overview,runtime,budget,revenue,release_date,status,popularity,vote_average,vote_count,original_language,poster_path,backdrop_path,teaser_link,trailer_link,awards,is_active,user_ratings_count,streaming_platforms,cached_average_rating,homepage,spoken_languages,production_countries,belongs_to_collection,imdb_id
22271,1075317,Gwen Shamblin: Starving for Salvation,Gwen Shamblin: Starving for Salvation,,"Gwen Shamblin, a charismatic with a curated image, became known with her Christian diet program ""Weigh Down Workshop"", and was accused of exploitation and emotional, psychological, and physical abuse by the church's alleged cult practices.",88,0,0,2023-02-04,Released,1.417,6.6,10,,/mtvOSet5NRSB4Qu4cHTVzCfRcZJ.jpg,/vlwoglCLDyR8sffUSvZFl2xijvE.jpg,,,[],1,0,[],,,[],[],[],
25453,1086474,Ariyavan,அரியவன்,,"Jeeva, a kabaddi player rescues Jessie, a friend of his fiancée after she is taken advantage of by the gang. As Jeeva tries to protect other girls and subdue the gang, he is compelled to confront brutal and dreaded gangster Thuraipandi.",108,0,0,2023-03-03,Released,1.189,9.0,1,,/wQCa5Wfj4W8jxP2x9vxkcEYxTVI.jpg,/9ueIUfklVWI5jsZhGYK4daKDaL0.jpg,,,[],1,0,[],,,[],[],[],
11714,1354845,Monkey King Fight Lion Camel,孙悟空大闹狮驼岭,,"As Tang Sanzang and his disciples arrive at Lion Camel Ridge, they encounter villagers captured by demons. Wukong's attempt to rescue them goes awry, and he and Zhu Bajie fall into a trap set by the three demon kings. Overwhelmed by their enemies, Wukong seeks help from the Buddha and learns the value of unity and teamwork. With the help of his brothers and a Bodhisattva, they work together to save the villagers and continue their journey westward, stronger and more united than before.",74,0,0,2024-09-11,Released,4.8416250000000005,2.5,2,,/zTwsbbD4YQlNSbJ3WqgMWzNGzEt.jpg,/q9pbiujld0ceq7Lw6QEpBrGatVQ.jpg,,,[],1,0,[],,,[],[],[],
30060,85272,The Millerson Case,The Millerson Case,Jealousy Brews MURDER for radio's amazing Crime Doctor!,"While on vacation, a criminal psychologist investigates a murder during a typhoid epidemic.",72,0,0,1947-05-29,Released,1.682,5.5,6,,/xIwYk8HFaxNzzMu3GPQiHdaTtxC.jpg,/51M2cBIbD8kKc1ivemA7tT16sPy.jpg,,,[],1,0,[],,,[],[],[],
22093,1208610,Bad Indian - the Villain Origin Story,Bad Indian - the Villain Origin Story,"When the results of her A-levels threaten Abbey’s future, can she create the illusion of truth to save her mother’s perception?","Bad Indian – The Villain Origin Story, is a coming of age comedy-drama about Abbey, a young woman from Croydon.  When Abbey lies to her strict Catholic Indian Mother about her rejection from Cambridge University her only method of escapism is to have one memorable night at the infamous Tiger Croydon’s A-Level Results Party. But what happens when the truth she's been running from violently slaps her in the face.",12,11000,0,2023-11-16,Released,3.384,4.67,3,,/5NapG1oQ6hi60Kv4yEnlqQmpGxR.jpg,/pJvR0XbqXNzYUZjESvn8YDvNe9W.jpg,,,[],1,0,[],,,[],[],[],
21849,976827,Dhak Dhak,Dhak Dhak,Four ordinary women. One extraordinary journey,"Four women — a travel blogger, her friend's biker granny, a makeshift mechanic and a young girl set to be married — ride to the highest motorable pass in the world on an extraordinary journey of self-discovery.",140,0,0,2023-10-13,Released,1.991,5.8,10,,/l3VtG2LeHL0AGnDC8dsDwmPu5PK.jpg,/zi61CVleJa70IyorynX6PZFRCVo.jpg,,,[],1,0,[],,,[],[],[],
1449,1405751,Coroner to the Stars,Coroner to the Stars,,"Coroner to the Stars chronicles the extraordinary journey of Dr. Thomas Noguchi, the former Los Angeles County Chief Medical Examiner-Coroner whose groundbreaking autopsies forever shaped American culture. From Marilyn Monroe and Robert Kennedy to Sharon Tate and Natalie Wood, Noguchi’s outspoken expertise pushed forensic science into the spotlight—even as Hollywood elites and political adversaries sought to silence him. A Japanese immigrant who unwittingly rose to fame in a city driven by stardom, Noguchi’s fearless pursuit of truth often placed him in the crosshairs of controversy.",83,0,0,2025-02-20,Post Production,1.375,0.0,0,,/9doStrDXyrhRpY2o78AugRcgJGP.jpg,/yvY1SLHZT5vcLoSdcatjREMXYVY.jpg,,,[],1,0,[],,,[],[],[],
8001,1387005,Insomnia,午夜失眠,,"The night before Wei-Kai's best friend went to study abroad, Wei-Kai couldn't sleep, and his desires turned into fantasies.",0,0,0,2024-11-18,Released,0.965,0.0,0,,/prLDXvCiA78Zc7GkTSF78aVr2Qs.jpg,/oMgGrgZZ4qDDMMNcVbW99DPjqjv.jpg,,,[],1,0,[],,,[],[],[],
12125,1291239,Gharat Ganpati,घरत  गणपती,,"Set against the picturesque landscape of Konkan, Gharat Ganpati offers an endearing glimpse into the lives of the Gharat family.",136,0,0,2024-07-26,Released,1.54025,6.0,2,,/xEU9UhUIKRRru8A0TVPseqhZzF5.jpg,,,,[],1,0,[],,,[],[],[],
1028,1120762,Robinhood,రాబిన్ హుడ్,All Indians are my brothers & sisters ...,"Ram, a modern-day Robin Hood, is a master thief who unexpectedly finds himself switching sides. When fate forces him to become the personal security officer for Neera, a rollercoaster ride of action, comedy, and unexpected twists follows.",150,0,0,2025-03-28,Released,4.7583,4.8,2,,/zeH5oAM1A3zgXbvQ3L9GiDs3ldQ.jpg,/yNuLB4Bqv1m8QAwd3WuBwIznErn.jpg,https://www.youtube.com/watch?v=RNuVnHlRjP0,https://www.youtube.com/watch?v=NfsTxYtBiWg,[],1,0,[],,,[],[],[],
4160,1402242,Sinfonia de Natal,Sinfonia de Natal,,,0,0,0,2024-12-24,Released,0.985,0.0,0,,/wK4g3nn35BKpZ0NlrYeqo8rBo49.jpg,,,,[],1,0,[],,,[],[],[],
30115,256772,The White Unicorn,The White Unicorn,,"In a home for delinquent girls, the worst offender exchanges reminiscences with the warden.",97,0,0,1947-10-29,Released,1.242,7.5,1,,/oroX2Jdb2Uto3xpV2uJRAFAJY8k.jpg,/b3aYCaODOiGi1eNQPE4gThFJ7gf.jpg,,https://www.youtube.com/watch?v=bZ3GERHMd3o,[],1,0,[],,,[],[],[],
11101,936622,Bade Miyan Chote Miyan,बड़े मियाँ छोटे मियाँ,The world is about to end and...our heroes will rise,Two elite soldiers with troubled pasts are enlisted for a daring mission when a deadly masked madman threatens India's defenses.,164,42105000,0,2024-04-11,Released,4.290375,6.7,35,,/ote8HmQOgmoAfqFaqVKsEdgD2q4.jpg,/b795kAB6Vbw0P92tyQwQyr4YzGf.jpg,https://www.youtube.com/watch?v=AS6q8k2Hiag,https://www.youtube.com/watch?v=IGzLHNPO4QI,[],1,0,[],,,[],[],[],
27887,1249828,Radio Man,Radio Man,,"After spending a night asleep in a high-powered radio telescope dish, Jack acquires a unique skill of being able to transmit all types of radio waves in his mind. Prior to this incident Jack is having a bad run, he has just broken up with his girlfriend, lost his job and has no money and is about to be kicked out of his house.",110,0,0,2023-06-01,Released,0.557,5.0,1,,/bMfPaK7zi33rV2dUpZ9EYk2HdfC.jpg,,,,[],1,0,[],,,[],[],[],
25284,1150767,DARK EXTRACTION,DARK EXTRACTION,,,0,10,0,2023-05-20,Released,1.301,10.0,1,,/qLmPdO5mAI7G1Y5pjMNWipnCuz6.jpg,/kgf9QyfrlCP5fJ0j9O6lZc2Sh7V.jpg,,,[],1,0,[],,,[],[],[],
5054,1404019,Rose,Rose,A nightmare about love and lust.,"""Rose"" follows Paul, a nervous young man waiting for his girlfriend to arrive for a date. When lustful thoughts about her mother start to pop into his head, they slowly begin to take control of his reality.English",13,250,0,2024-12-13,Released,0.427,10.0,1,,/m0sIsOUQt6r542qDSrqdadGeEs7.jpg,/f8jVxHC6qCh7fTywiLDnYdEKHRs.jpg,,,[],1,0,[],,,[],[],[],
20956,964883,All Because of the Cat,Ma langue au chat,,"Laure and Daniel welcome their friends for the yearly holidays in their country home, but their cat’s disappearance soon makes old secrets resurface.",103,3830000,0,2023-04-26,Released,3.522,5.7,30,,/we4s7n9hSYEKGXWCbzjzynII9tX.jpg,/9lZ2rgoCpq1agx3xxFkzfGpBhDJ.jpg,,,[],1,0,[],,,[],[],[],
5577,1399850,We Are We Come We Go,We Are We Come We Go,,A meditation on time and acquaintances; a walk through a maze; the artist draws a circular path.,1,0,0,2024-12-09,Released,0.527,0.0,0,,,,,,[],1,0,[],,,[],[],[],
5252,1399868,Framheim,Framheim,That's the title we're going with?,"A group of student playwrights embark on a journey to write a play about the first expedition to the South Pole, but the lines between story and reality begin to blur in a struggle for creative control.",22,650,0,2024-12-12,Released,1.443,0.0,0,,/gZcAoZibY9ULKnGUPX1aPGhkqlM.jpg,/7P63fnnpAlASK3HKHvwPyzLGP7u.jpg,,,[],1,0,[],,,[],[],[],
20232,1094463,Nobody But You,不能错过的只有你,,"Is the person you least want to miss still by your side? After failing to drift in the north and frustrated in love, Qin Huasheng returned to his hometown Chengdu. He unexpectedly met with Lin Wen, who was also emotionally hurt, and gradually the two got closer because of similar experiences.",111,0,7800000,2023-04-01,Released,4.942,4.7,3,,/mIVbaN7koQwsBGjPBqqQQKhjTWn.jpg,/vFDKLYWoBdgOptIiXT07tv2Odz0.jpg,,,[],1,0,[],,,[],[],[],
25151,1177518,One Night at School,夜校,,"The movie “One Night at School” describes three groups of totally irrelevant people who accidentally encounter in an abandon school one night. One group includes five beauties who go there for a livestreaming programme. They are forced to make a low cost but highly attractive programme and the abandon school seems a perfect setting. Several people from a criminal gang are also in the school at that night to carry out some revenge action. After searching in the city, the gang decides that the abandon school is suitable. The last group comprises two guys who have stolen the dead body of a Singaporean rich man. The body is stored in the abandoned school where the two guys go to check every day. They plan to extort a large sum of virtual currency from the rich man’s family. By taking care of their own matter at the same place at the same time, the three groups unintentionally intertwine and the adventure unfolds.",109,0,0,2023-11-02,Released,0.572,5.0,1,,/mbtnARQA1uUopWJBWhEoi2vxF05.jpg,/9n7UrXODFvjxzfMvL6C3k9R4fSz.jpg,,,[],1,0,[],,,[],[],[],
34,1290568,Margie Claus,Margie Claus,,The film follows Santa Claus when he disappears while delivering presents to his wife - Margie Claus - who must assemble a rescue team to save Christmas.,0,0,0,2027-11-04,Planned,4.903,0.0,0,,,,,,[],1,0,[],,,[],[],[],
30408,440240,Robinson Crusoe,Робинзон Крузо,,A man struggles to survive after being shipwrecked on a deserted island.,75,0,0,1947-02-20,Released,0.459,5.8,4,,/yINLdlXyd3WUHYWRE2ZAJPlRcYe.jpg,/fDgMR9tkE89WkEnD4djwfnaPOtX.jpg,,,[],1,0,[],,,[],[],[],
14195,1283998,Let's Eat Together Aki and Haru: More Please!,アキはハルとごはんを食べたい 2杯目！,,"Aki and Haru are in their fourth year of college now, they are both looking for jobs. Haru decides to pursue a career as a photographer and gets a job offer at a photography studio, while Aki gets a job offer at an interior products company. However, Aki's work location is in Osaka. They can only spend time together until graduation. In the midst of their sadness and confusion, Aki realizes that he has feelings for Haru that are more than just friendship...  ☆ Another adaptation from the popular manga building on from the 2023 version, featuring the same cast and an upgraded romance!",97,0,0,2024-06-14,Released,1.1199999999999999,10.0,1,,/aDgY7m9CuQXxMlTrE0vBDBWIXpF.jpg,/86qfRs6gIJresVJBnXLS4IsTdSM.jpg,,https://www.youtube.com/watch?v=8HjiiCQ6X3o,[],1,0,[],,,[],[],[],
20678,714651,The Boys,소년들,There was no truth on that day,"In 1999, a robbery-murder case occurs in a small supermarket in Samnye, Jeonbuk province. The police investigation quickly narrows down to three boys from the neighborhood, and these boys are falsely accused of being murderers overnight and are imprisoned without understanding what is happening. The following year, veteran detective Hwang Joon-cheol is newly appointed as the head of Crime Investigation Division. He receives a tip about the real culprits and embarks on a reinvestigation to clear the boys' names. However, the interference of the detective responsible for the case at the time, Choi Woo-sung, leads to everything falling apart, and Hwang is demoted. Sixteen years later, the sole witness of the case and daughter of the victim, Yoon Mi-sook, and the boys return to Hwang, seeking justice...",124,0,0,2023-11-01,Released,3.748,6.5,8,,/rgyKMJkZfDdcfjfIPfNSgVJ7S44.jpg,/duTR9M0lggpLMLCd6guYBNBBOXu.jpg,,https://www.youtube.com/watch?v=l5huGvbai9w,[],1,0,[],,,[],[],[],
9521,1382867,Andromeda,Andrômeda,Film Noir,A young boxer begins an investigation to discover the whereabouts of his fighting partner,8,0,0,2024-11-06,Released,0.873,0.0,0,,/2bQUcFGsXHXT68dE6AoTVgtV25b.jpg,,,,[],1,0,[],,,[],[],[],
892,1396445,Be Forever Yamato Rebel 3199: Part 3: Ultramarine Asteroid,Be Forever Yamato Rebel 3199: Part 3: Ultramarine Asteroid,,Third part in the theatrical version of Be Forever Yamato Rebel 3199.,0,0,0,2025-04-11,In Production,0.457,0.0,0,,,,,,[],1,0,[],,,[],[],[],
370,1373985,DOORS,DOORS,,Film adaptation of the popular Roblox horror game 'DOORS'.,0,9000000,0,2025-10-21,Planned,1.681,0.0,0,,/wLBVvl6duN3YmGSQRYLFvryRmzV.jpg,,,,[],1,0,[],,,[],[],[],
8272,1390576,The Primordial Code - The Burning Essence,The Primordial Code - The Burning Essence,,"Documentary filmmaker Marijn Poels is in search of humanity's primal code. In the second part of his trilogy, he unravels the genetically embedded principles and instincts we have neglected through the ravages of time. A compelling and mind-boggling quest of how certain stories, frequencies, and intentional programs suppress our perceptions, and block our path to humanity.  Poels seeks a connection to the primal principles of nature, which are the key to understanding and reclaiming the inner light of who we are.",117,0,0,2024-11-15,Released,0.624,0.0,0,,/hj3rfnXvdTubJYPq00Gn4i8K5kq.jpg,/kkBJxhHdEvIwiS0jowyLltJdNxS.jpg,,https://www.youtube.com/watch?v=Xq_Xj3DsFQg,[],1,0,[],,,[],[],[],
24815,1149691,The Wait to Nowhere: When a Crisis Goes Untreated,The Wait to Nowhere: When a Crisis Goes Untreated,,"The Wait to Nowhere: When a Crisis Goes Untreated reveals an unspeakable reality: children living in the ER for days, weeks and even months at a time, awaiting dedicated care. This film explores the issue and touches on solutions. True stories are told by those living this nightmare, including hospitals that are caught up in a failed system, while lawmakers help lay out a plan to address the crisis before even more children’s lives are lost.",47,0,0,2023-07-08,Released,1.217,10.0,1,,/qu9DlJAnbyJ9dxXC0HkxOlQDeRX.jpg,,,,[],1,0,[],,,[],[],[],
13898,1131684,The Life Apart,La vita accanto,,"In Vicenza, a beautiful Italian art city, a young wealthy couple joyfully welcomes the birth of a long-awaited daughter in the early 1980s. But the child’s face is disfigured by a red birthmark that covers half her face. This spot haunts the mother to the point that she rejects her responsibilities as a mother. The child’s aunt, a famous concert pianist, takes over her education, thus discovering her exceptional musical talent.",100,0,0,2024-08-22,Released,2.269,5.7,29,,/3Ll7ODwVvNSusauWb4ysI6r3hcR.jpg,/a7QtKAp5znDBAbKeW01WhC9xg1k.jpg,,,[],1,0,[],,,[],[],[],
755,1175404,Doctor on Display: The USA Tour 1986-1988,Doctor on Display: The USA Tour 1986-1988,Here’s your chance to experience the DOCTOR ON DISPLAY!,"In 1986, BBC Enterprises organized the Doctor Who USA Tour, a two-year travelling exhibition of props and memorabilia from the program, showcased in a 48-foot trailer decorated with alien landscapes from the show, police box entrances, and a mock-up of the TARDIS interior. This documentary features footage from the events as well as interviews with participants and more.",50,0,0,2025-05-15,In Production,0.435,0.0,0,,/gR3raRmxbhsAGvf9wxeHLyCRHLK.jpg,/9UPkAwcvYetY5u8hm824gy4K4p.jpg,,,[],1,0,[],,,[],[],[],
27744,1190400,Alone Together,Alone Together,,"Nassdja is locked down during a raging pandemic with her brutish boyfriend Luke. With the hope of healing their fractured relationship, they flee to Luke's remote family cabin, but soon find they are not alone.",93,0,0,2023-10-13,Released,0.575,9.0,1,,/jsqQTi7dEqZsXrsG9zRcdO8K2jw.jpg,/x5lR7LbehWP8Ar4F3zJ0Fpl5iGW.jpg,,https://www.youtube.com/watch?v=OmNNxKPaMA0,[],1,0,[],,,[],[],[],
9748,1409650,Joan,Joan,,"A woman looks for her fiance on her wedding day. Based upon folklore and literature surrounding James Harris, the Daemon Lover, including “House Carpenter” broadsides and the work of Shirley Jackson and Elizabeth Bowen.",16,1000,0,2024-11-03,Released,0.795,0.0,0,,/5ny4VzycsyWkLnZpv3LfgTxeORR.jpg,/mfLwOg9tYuo1iiOJYNJ22yES783.jpg,,,[],1,0,[],,,[],[],[],
26691,1210584,The Dark Sisters,The Dark Sisters,,"Sisters Jorie and Kaidon attempt to reconnect over a vacation in the woods after a terrible secret drove them apart. But there is a hidden power in the forest that measures life and death, and this power means to weigh the sister's future against the dark crime from their past.",78,0,0,2023-03-28,Released,0.361,4.67,3,,/xWywYPwx5smrfN6mtdMLxCJtXO7.jpg,/3NJ9lkPDv0eegl7r4S5G4G85tDw.jpg,,https://www.youtube.com/watch?v=uRFBcVzAifo,[],1,0,[],,,[],[],[],
26334,1081922,Acústico MTV: Manu Gavassi canta Fruto Proibido,Acústico MTV: Manu Gavassi canta Fruto Proibido,,,60,0,0,2023-02-02,Released,0.436,1.0,2,,/fDwd883WiKc5UmEQBSyeStuCasz.jpg,/diHj4yHTA0Iwj3rJYfs1mxh9LqU.jpg,,,[],1,0,[],,,[],[],[],
21606,896250,The Cello,تشيللو,Music to die for.,An aspiring cellist learns the cost of his brand-new cello is a lot more insidious than he first thought.,120,17000000,5314,2023-09-14,Released,1.772,6.0,2,,/bsBZZKa70pGsP5iqWmMQaWg9lBa.jpg,/rr9XhC9VP9DR8CBrPCgRi8uiLfE.jpg,,https://www.youtube.com/watch?v=UodLaSLG_7k,[],1,0,[],,,[],[],[],
31541,1445302,Carabao Cup Final 2025,Carabao Cup Final 2025,,"The 2025 Carabao Cup final is the upcoming final match of the 2024–25 EFL Cup. It is to be played between Liverpool and Newcastle United at Wembley Stadium in London, England, on 16 March 2025.",120,0,0,2025-03-16,Released,2.000625,5.0,5,,/idI77qU1yZ8kbUfoHgndsgCJbYg.jpg,/vuQVJYSkrm5lApNtQxOcOtQwxy6.jpg,,,[],1,0,[],,,[],[],[],
1469,1312157,CrazyMinded,FolleMente,What are we hiding in our thoughts?,"How much do we really know about ourselves when we make a decision? What if there are multiple versions of our I within us, each with something to say?",97,8988900,14604876,2025-02-20,Released,9.275375,7.39,217,,/sPps037qCts9XDwCaS6j7JsNuEd.jpg,/zOOCJa8fhZz5ZM6tHR5ZCpXunwX.jpg,,,[],1,0,[],,,[],[],[],
29904,119429,Flesh Will Surrender,Il delitto di Giovanni Episcopo,,"Giovanni used to be a humble, mild-mannered government clerk whose life was turned upside down when he met Giulio, a notorious forger who at once set about manipulating the over-confident man. Giovanni did what he should never have done: he associated himself with the crook. Giulio soon laid hands on Giovanni's money, ruined his career and manhandled him into marrying his own mistress, the beautiful Ginevra. It was of course an unhappy marriage but Giovanni found a little solace when his son Ciro was born. Seven years later though, Wanzer resurfaced...",96,0,0,1947-09-27,Released,2.85,7.3,17,,/kgw69zBj4VCRGnC9Mw7AJkm4PHD.jpg,/50E46BSv6sg8rbEfwu7IDCBoNML.jpg,,,[],1,0,[],,,[],[],[],
24391,1184903,All the Way Back: Thoughts of a Hypnotist,All the Way Back: Thoughts of a Hypnotist,,"This film is a portrait of hypnotist and artist, Marcos Lutyens. It examines the idea of incorporating hypnotism into art through the filmmaker participating in a hypnotic induction.",16,2000,0,2023-09-25,Released,1.648,10.0,1,,/bIu9gQBK2NNYJAVojkxb7aI3BaE.jpg,/usPnVC3BB9RExkVFC9Ysh3QR4ne.jpg,,,[],1,0,[],,,[],[],[],
23489,1049137,Of Dreams in the Dream of Another Mirror,De songes au songe d’un autre miroir,,"The world is alive, but maybe without mirrors and images, none of it would exist. The blind create images in a different way – with sounds, textures and experiences. When you enter the rabbit hole, imagination plays the main part.",16,0,0,2023-02-20,Released,1.787,7.0,1,,/pRUl9D8NRrmYVSmaps05XB6el5v.jpg,,,,[],1,0,[],,,[],[],[],
15981,1118588,The Voice of the Sirens,La Voix des Sirènes,,"At the heart of the sea bed, between rocks and corals, primitive algae undulate, lulled by the muffled and roaring sound of the currents. Up there, on the surface of the water, something extraordinary has just appeared: a voice. So soft and seductive that it is unlike anything we have ever heard before.",20,0,0,2024-06-09,Released,0.406,6.5,4,,/lhBLpVaHvXoxrPFnMwc0JNWtGrm.jpg,,,,[],1,0,[],,,[],[],[],
25585,1138124,To Love Is To Grow,Amar es madurar,,The paths of a couple who'd dated for more than a decade diverge when Juan decides he wants to raise a family and Elizabeth focuses on her career.,98,0,0,2023-06-09,Released,1.162,4.7,6,,/pCV7eNGdVTYKOmc9zll7Hl9GEgX.jpg,/1b9nowNeSNI5cLJo69mejMluQHl.jpg,,,[],1,0,[],,,[],[],[],
26966,1174803,Eu Sou Maria,Eu Sou Maria,,The filme relates how a victory - winning a scholarship to an elite private school - may become an obstacle race for an impoverished young person.,95,0,0,2023-11-30,Released,0.776,5.4,4,,/gnlIchMogl6Y7eLbG1twmvxErc9.jpg,/wj0iE18CBijyLaLLxDjLaAH3IvY.jpg,,,[],1,0,[],,,[],[],[],
11165,1093971,Srikanth,श्रीकांत - आ रहा है सबकी आँखें खोलने,Story of a man whose vision inspired the world,"In a world with odds stacked against him in every step of the way, Srikanth defies norms, blazing a trail from rural India to becoming the first visually impaired student at MIT. As he builds Bollant Industries, his success brings challenges for which he would not only chase personal dreams but safeguard a shared future for the ones just like him. This is the tale of an entrepreneur's triumph and sacrifice, both which he welcomed with open arms and a smile.",134,0,0,2024-05-10,Released,3.4963749999999996,7.5,14,,/nkWF1jIMQqWZSShNTAdBUqrdFsZ.jpg,/pJEHHmz3pZqRBAXF5uv7rHcOMeO.jpg,,https://www.youtube.com/watch?v=OMeuJP5iBWY,[],1,0,[],,,[],[],[],
4795,1403501,Max Verstappen Simply Lovely,Max Verstappen Simply Lovely,,,0,0,0,2024-12-16,Released,1.025,5.0,3,,/bR7aB9JXGmLOmEQ8aWvS96buRfo.jpg,,,,[],1,0,[],,,[],[],[],
839,1399699,花まんま,花まんま,,,0,0,0,2025-04-25,In Production,0.557,0.0,0,,/ljbbecUEjv2DhzguswXnqW5VB3u.jpg,,,,[],1,0,[],,,[],[],[],
1338,1323008,My Beloved Stranger,知らないカノジョ,,"Riku Kambayashi was a university student, who wanted to become a novel writer. Minami Maezono was a university student, who wanted to become a singer. They fell in love at first sight and married while they were university students. Now, Riku has achieved his dream of becoming a bestselling writer, but Minami hasn’t achieved her dream of becoming a singer. Minami somehow feels disconnected from her husband, who is busy with his work. One day, a comment by Riku triggers a big argument between them. When Riku wakes up the next morning, he finds that Minami is nowhere to be found. He goes to the publisher for a meeting, but he figures out that he now works as an editor of a literary magazine. More surprisingly, Minami is active as a popular singer-songwriter. Riku is confused by everything that has changed, but he gets busy to get his life back.",0,0,0,,In Production,0.365,0.0,0,,/cH1m5Enl1FQrR0RQtKTHubiOvuG.jpg,/vbpb7b9uchu2lY5d5rizYElk7Pd.jpg,,,[],1,0,[],,,[],[],[],
16496,1317153,"Quem é Você, POA?","Quem é Você, POA?",,,0,0,0,2024-07-15,Released,0.427,10.0,1,,/5He8XyyABwNLG6ICEPWSllSRvxh.jpg,/miWP70rwcgH7AGvrdOUR6QEcMoj.jpg,,,[],1,0,[],,,[],[],[],
14227,1365950,Deadline,데드라인,,,85,0,0,2024-11-06,Released,0.6813750000000001,5.0,1,,/8f0mmAp1jlDmMfC3HM8k7MfnOlv.jpg,/jQfx3Z54aLPPXT4moGEupXeP47Y.jpg,,,[],1,0,[],,,[],[],[],
5601,1324890,A un paso de la soledad,A un paso de la soledad,,,0,9,0,2024-12-09,Released,1.167,0.0,0,,/uKkI4NpP9WvgtBqYOpDMPzrZrE9.jpg,/p2VbSW1bC4Dj4MdJkMAuMFmY6NA.jpg,,,[],1,0,[],,,[],[],[],
16718,1284963,Shook Branches,Shook Branches,,An art museum employee with a dark past finds his reality deteriorating while he is hunted down by a pair of ruthless hitmen.,26,0,0,2024-05-10,Released,0.461,10.0,1,,/5vgE6CCBusvDbOAAhUVEwOVZg1T.jpg,/vonNkJVKh3wDrV4BnLi805D0YPE.jpg,,https://www.youtube.com/watch?v=ipNJRHwGBrE,[],1,0,[],,,[],[],[],
4012,1407687,Eden,Éden,LET THERE BE LIGHT.,An afternoon at the beach. Nothing happens in this film.,3,0,0,2024-12-25,Released,0.787,0.0,0,,/ghmrRTX0BWyBxexUGJ7GKRjJMxg.jpg,,,,[],1,0,[],,,[],[],[],
19301,1064024,Locked In,Locked In,,"A kindly nurse tries to unlock the secrets of a coma patient's injuries — and discovers the bitter rivalry, infidelity, betrayal and murder behind them.",96,0,0,2023-11-01,Released,19.685,5.26,240,,/blQaj6biyBMLo34cuFKKwbgjIBz.jpg,/sBY1M68pNdR30EXJnP9s5V104cF.jpg,,https://www.youtube.com/watch?v=y6a3yXfMEJg,[],1,0,[],,,[],[],[],
26168,981729,Deiva Machan,தெய்வ மச்சான்,,"A youngster from a small town believes that his only responsibility in life is to find a suitable groom for his sister. However, when things fall into place, he is faced with an issue that he would have never expected in life.",131,0,0,2023-04-21,Released,0.976,4.0,1,,/kjnuXurwCmwuiKeN6kKVr3sSzPl.jpg,/hYd9LfjlPPqhRqSfQmlNmEwDWcF.jpg,,,[],1,0,[],,,[],[],[],
16479,1321519,Trouble in the Barbary,Trouble in the Barbary,Thomas Sankara's worst nightmare...,This film recounts the steps of Algerian communist revolutionary Rashid Al Masri and his personal war on Morocco and their president Buchra Abergel.,14,0,0,2024-07-23,Released,0.325,10.0,1,,/oXJgLkYMYfBl1PoQHpux15xAsa2.jpg,,,,[],1,0,[],,,[],[],[],
9614,1382118,Primavera Só Floreia em Terra Fértil,Primavera Só Floreia em Terra Fértil,,,0,0,0,2024-11-05,Released,0.359,0.0,0,,,,,,[],1,0,[],,,[],[],[],
6644,1103569,A Wakefulness of Indocility,Un Desvelo de Indocilidad,,"A candy taster with insomnia attempts to liberate her sexual impulses through a trip to her inner world. Her lost childhood exposed, she becomes the target of a subsistence-based cult whose goal is the irruption of intimacy.",0,18747,0,2024-12-01,Released,0.457,0.0,0,,/lOP3V3RI2gWzrDfxfWrx22Xj55Q.jpg,,,https://www.youtube.com/watch?v=yx-YJKpoWiM,[],1,0,[],,,[],[],[],
19744,1318668,500 Days of Escobar,500 Días de Escobar: la vertiginosa caída del capo,,The 500-day manhunt for Colombia's Pablo Escobar is detailed through interviews and archival images in this crime documentary.,77,0,0,2023-12-03,Released,17.639,8.2,4,,/AoEl04jghs9APnpBKzDg37nZQnc.jpg,/5z0rFwwX4wmyOCaEUA4fmnwt1QD.jpg,https://www.youtube.com/watch?v=TxH4Mbxrwj8,,[],1,0,[],,,[],[],[],
2845,1408578,Underground History,Underground History,,A documentary.,55,0,0,2025-01-13,Released,1.975,0.0,0,,,,,,[],1,0,[],,,[],[],[],
1229,1370264,Crazxy,Crazxy,,Abhimanyu Sood. Good surgeon. Bad father. Questionable human being. He is having the worst day of his life.,94,0,0,2025-02-28,Released,3.40925,6.0,1,,/qYzJl0a0JmiDagm2AOpgeD7LPmJ.jpg,/iDJ0ljbQsqld29cQXxQ76qT9dgT.jpg,,,[],1,0,[],,,[],[],[],
22806,1158475,Enter the Spider-Verse: A Spider-Man Special,Enter the Spider-Verse: A Spider-Man Special,,"With Spider-Man: Across the Spider-Verse swinging into cinemas this summer, join our team of celebrity Spidey fans as they look back on over 20 years of web-slinging Spider-Man movies.",30,0,0,2023-05-26,Released,2.404,7.7,3,,,/fRTO1UxgWpMB9bBAD9P3WzSDEdD.jpg,,,[],1,0,[],,,[],[],[],
17966,1249455,Absorción,Absorción,,The emotional decline of a person after being the host of an energetic parasite.,4,0,0,2024-01-29,Released,0.188,10.0,1,,/11Xv5Aym9xbGqkIL8KybzpMKtkL.jpg,,,,[],1,0,[],,,[],[],[],
20245,1161680,A Whole Life,Ein ganzes Leben,,"When Andreas arrives in the remote valley in the Austrian Alps, he is only about four years old - nobody knows for sure. He grows up to become a skilled farmhand and, as a young man, joins a work crew that builds one of the first mountain railroads, bringing light and noise to the valley along with electricity. He also finds the love of his life in Marie, but their happiness is short-lived. Only many years later, when Andreas embarks on his final journey, she is with him once again. And in amazement Andreas looks back at all the years that lie behind him.",116,0,0,2023-11-09,Released,5.112,7.04,25,,/podcOble2lPYMQoBIwBPYaHtGhy.jpg,/823bFEITN9k0d6LV1AtNlPtpDZF.jpg,,,[],1,0,[],,,[],[],[],
23598,1147490,The Danube Rivers,Die Donau,,A young man writes in a notebook on the riverbank as we hear a voiceover of phrases recited by his inner voice.,18,0,0,2023-07-05,Released,1.789,5.0,1,,/r4dSTxoZXNZ1zps8eEC9TzC89b1.jpg,/5bNiCSjxkD2wt7Pgl5H3m4tdV0W.jpg,,,[],1,0,[],,,[],[],[],
26,1374067,Stree 3,स्त्री 3,,,0,0,0,2027-08-13,Planned,3.125,0.0,0,,/mCLrSZl4ROUPlDv8VFFVQzTGQQU.jpg,,,,[],1,0,[],,,[],[],[],
24953,1118036,Ocean Seen From the Heart,L'Océan vu du cœur,,"Ocean seemed to be unchanging and inexhaustible for ages. But the effect of mankind actions on its biodiversity and its temperature is alarming. In this documentary, Hubert Reeves, supported by scientists and explorers, offers to rediscover what threatens it and, most of all, its extraordinary ability of renewal.",96,0,0,2023-09-13,Released,0.747,4.0,2,,/oNvUPZTZlr8907GtwgMO6ABVLOu.jpg,/407RMClMEk4DwF8mpTjAhfNInFf.jpg,,https://www.youtube.com/watch?v=9ZDtKZK9-IQ,[],1,0,[],,,[],[],[],
14588,1297183,The Oasis I Deserve,The Oasis I Deserve,"Replika, an online chatbot, is learning with difficulty how to interact with humans.","Replikas, online chatbots, have trouble determining their place in the world. They share their thoughts with the humans they exchange with. Events unfold from their point of view through real conversations collected on the web.",22,0,0,2024-10-26,Released,0.873,7.0,2,,/muE0Vg2e9DTBtDK2PcjQ2jiwUK8.jpg,,,,[],1,0,[],,,[],[],[],
1292,1388002,The Gatekeeper,The Gatekeeper,,Adam seeks out The Gatekeeper.,0,0,0,2025-03-01,In Production,0.772,0.0,0,,/gPkoEvLMEDWy33ZmXEdzDKCaT4t.jpg,,,,[],1,0,[],,,[],[],[],
11354,1261924,What Jennifer Did,What Jennifer Did,,"When Jennifer Pan calls 911 to report that her parents have been shot, she becomes the primary focus of a captivating criminal case.",87,0,0,2024-04-09,Released,2.3205,6.3,123,,/r3PJPXuSArGK8tM6lBUyPUTtIbJ.jpg,/c5GD4WAHF00yJmLdalmClYKS19b.jpg,https://www.youtube.com/watch?v=BSm5Nki93Bw,https://www.youtube.com/watch?v=M-ppnYEAqSE,[],1,0,[],,,[],[],[],
6368,1404032,Archè,Archè,What's an anarchist movie ?,"One fall, one plot, one movie.",19,0,0,2024-12-02,Released,0.515,5.0,1,,/id610qaolJJzUg0Jxq2rGIqwv6l.jpg,,,,[],1,0,[],,,[],[],[],
20607,969050,Mad Fate,命案,Revolves around a fortune teller and a murderer.,"A fortune teller fails to help a prostitute who is facing a deadly calamity. When he meets a young boss of a tea restaurant, he predicts that his bloodthirsty tendencies will lead him to a prison sentence for murder.",108,0,0,2023-04-20,Released,7.008,6.5,24,,/j5cAg97yLaqDwzLhOQ6S2TfsmyT.jpg,/wBH2UUKQWAYUZ4QbDPf5ITdenjS.jpg,,https://www.youtube.com/watch?v=A6v0fLAOJCw,[],1,0,[],,,[],[],[],
17077,1260463,I Came Out & Everything is Worse Now,I Came Out & Everything is Worse Now,Does it ever get better?,Two childhood friends make an attempt to leave home after an unfortunate coming out the closet.,65,0,0,2024-03-16,Released,0.43,10.0,1,,/3vZjVb2gQ5YXJrml0TkBzlDSunG.jpg,,,,[],1,0,[],,,[],[],[],
18972,947763,Endurance,Endurance,The greatest survival story ever told.,"A century after Shackleton's Endurance sank beneath the ice, explorers uncover the legendary shipwreck and an amazing tale of survival.",103,0,0,2024-10-14,Released,5.874124999999999,7.5,15,,/7LPRuJ7pSxUB559ac8SS5mdElz8.jpg,/tAVttFkEnwv9qWoTOAWOHfRrnX9.jpg,,https://www.youtube.com/watch?v=563_lBO3wiY,[],1,0,[],,,[],[],[],
11536,1151262,"Disco, Ibiza, Locomía","Disco, Ibiza, Locomía",,"In the effervescent Spain of the 80s, Xavi Font, an artistic misfit, together with his friend Lurdes Iribar and her lover Manolo Arjona, founds Locomía. Although he achieves success, he also experiences the dark reality of the industry at the hands of powerful producer José Luís Gil.",0,0,0,2024-03-08,Released,1.650625,6.9,58,,/ef1yaVkpkX4rXv4P3MKpuQX0MZ.jpg,/f0QEv7oEn6lENQ1i3GUgo1jKvWa.jpg,,,[],1,0,[],,,[],[],[],
31770,1433838,Grin,Grin,,"When newly elected mayor Frank Ford's failed attempts to run the local freak show out of town, Grady Nelson the ring master, and father figure to Grin, Karnage, and Kisses is murdered. Grin is well aware of who committed this heinous act, and The Circus Rejects seek revenge on the mayor and everyone who stands in their way!",0,0,0,2025-03-14,Released,0.15,7.0,1,,,,,https://www.youtube.com/watch?v=vFPtZ7ecBTo,[],1,0,[],,,[],[],[],
5709,1400586,El Tío Hebdómada,El Tío Hebdómada,,,0,0,0,2024-12-07,Released,0.472,0.0,0,,/4wG3uocKvrAhS27zr6TMpRbHC8I.jpg,/lEG9Y5Dc3qRxYOinnl79CUk05EM.jpg,,,[],1,0,[],,,[],[],[],
23370,1183411,Koet,Koet,,"Due to a new bridge, the skipper of a ferryboat is suddenly without passengers. A coot looking for stuff for its nest provides a solution.",2,0,0,2023-09-25,Released,2.222,2.0,1,,/ib3QfjJffFQTCPLIWYoajbYc619.jpg,/3AHnTr36vUsniNRDUSJQYsj56dH.jpg,,,[],1,0,[],,,[],[],[],
3541,1414064,Una artista en la familia,Una artista en la familia,,,0,0,0,2024-12-31,Released,0.903,0.0,0,,/ikFt1pSTrK0VY3vnbRFxFC8skvB.jpg,,,,[],1,0,[],,,[],[],[],
21429,1058155,Testament,Testament,,"In an era of political correctness, identity evolution, protests, cultural scandals, activism, media storms, and other disputes, Jean-Michel, a 70-year-old single man, has lost all his bearings in this society. He lives in a retirement home located in a heritage building, managed with care and precision by Suzanne. Their peace is shaken by the arrival of young activists who demand the destruction of a historic fresco. Overwhelmed by an era dominated by political correctness, Jean-Michel will regain faith in humanity with the birth of an unexpected love.",116,0,0,2023-10-05,Released,4.446,6.7,31,,/9LApt8YBzKlQpAnHnKFpVjEpphx.jpg,/fu9kf4nuEXaxwGoBbG5Czhow75v.jpg,,https://www.youtube.com/watch?v=-2rFi9PLoFY,[],1,0,[],,,[],[],[],
25832,1165491,Black Belts,Black Belts,,"KJ, an offbeat middle schooler and martial arts movie nerd from Compton, challenges the top dojos in South LA, wearing his uncle’s old black belt. But when his former fighter dad gets too involved, both learn there’s more to life than keeping your guard up.",20,0,0,2023-09-29,Released,1.064,7.2,8,,/do5RTFU9vCB4R4rSqZWDAzS0w4C.jpg,/sB8vn36IrCx5CeZPmX1S6iuPprv.jpg,,,[],1,0,[],,,[],[],[],
8080,1369343,Ties That Choke,Ties That Choke,,"In the midst of a joyous family picnic, cryptic messages from Emily's childhood friend, Tom, unveil hidden tensions that turn a seemingly perfect gathering into a gripping tale of unraveling secrets and fragile connections.",6,10000,0,2024-11-17,Released,0.896,0.0,0,,/gNMXiHYLf0XHuJvXGiWz1aKiYC5.jpg,/sWfK6yM9JViHqwkBjzrCWHBrTV.jpg,,,[],1,0,[],,,[],[],[],
17667,1251794,Großstadtförsterin – Berliner Besonderheiten,Großstadtförsterin – Berliner Besonderheiten,,"Young forester Jana Doussière takes up a short-term position at the Grunewald forestry office. Coming from a wild forest in the Vosges, the solitude-loving Jana, who tends to struggle with people, encounters the big city forest and its ""Berlin peculiarities"". In addition to naked men, demonstrating wild boar fans and committed conservationists, the new forest warden is also confronted with sofas in trees, a mysterious city hunter and forest warden Robin, who hasn't exactly been waiting for her. And even her best friend Aylin, who brought her here, doesn't seem to have told her everything about the new job...",89,0,0,2024-02-29,Released,0.431,6.0,1,,/45GgPo3wW9Dn8bPeE058i0bE5DI.jpg,/xxxOaNOuHQhZj2tups7GNKJV99B.jpg,,,[],1,0,[],,,[],[],[],
13320,1151936,Butterflies,Perhoset,,"Siiri, a hardworking millennial, wants to be successful in her job as the advisor to the Minister of Economic Affairs. She craves a promotion. Siiri’s job takes her and the hard-to-handle minister, an unpredictable eccentric boss lady, to a big tango festival in a small Finnish town. Siiri’s father Petri, a former tango artist and an overly optimistic middle-aged man, wants to make himself useful to Siiri while trying to hide the fact that he himself is homeless, bankrupt and finally at his wits end. Over the course of one summer weekend both Siiri’s and Petri’s facade comes tumbling down but the tango keeps going on in the sweet Finnish summer night.",98,1678000,0,2024-09-27,Released,0.928875,5.5,2,,/cddOTuqjONW7Bkpzub2irzog8mp.jpg,/omLwr8kItfiPtrbaDTwKrmLkJXU.jpg,,,[],1,0,[],,,[],[],[],
16565,1342139,Grana em Cena,Grana em Cena,,,0,0,0,2024-06-24,Released,0.409,10.0,1,,/akR9lU5HOCVyEoh0WlFJ00cur3P.jpg,/zsiDJ2WPqzSwPYYWLytzbNoIanD.jpg,,,[],1,0,[],,,[],[],[],
14364,1289608,Taxi Monamour,Taxi Monamour,,"The meeting between two women who are only apparently different from each other. Anna is in conflict with herself and her family, facing her illness alone; Cristi, on the other hand, flees from a war that keeps her away from home. Everyone advises Anna to follow her partner on a business trip, and Cristi to stay safe in Italy. The meeting between the two, although brief, will be a dive into freedom.",110,0,0,2024-09-03,Released,0.49024999999999996,6.8,2,,/n99Aj1jjXslYxGyKXj1FhtlMg1U.jpg,/atTyC63rd5hCdtkRVZyym4FF3EM.jpg,,https://www.youtube.com/watch?v=nA5pfWIuDEU,[],1,0,[],,,[],[],[],
12416,1137752,Ducobu 5,Ducobu passe au vert,Cheating recycling!,"Ducobu takes a gap year on a environmental project, but he really just wants to skip school!",90,0,7510050,2024-04-03,Released,4.505,4.41,22,,/7u1WgrEJH5UKOM5SBAwH2azapRs.jpg,/fAnKUWRn39gp6jFQNcsi7NBhQzM.jpg,,,[],1,0,[],,,[],[],[],
13504,1082308,The Turks Must Be Crazy 2: Blue Homeland,Türkler Çıldırmış Olmalı 2: Mavi Vatan,,"In Fethiye, the team that organizes crazy island tours for tourists with a pirate ship will try to prevent a war that is about to break out in Turkey. The team members, who are not soldiers by profession, will try to do this in their own way. Unexpected events will occur in the Blue Homeland.",100,0,0,2024-02-09,Released,0.6288750000000001,4.67,3,,/qFqqOnRC5wzlhpfBVzt41FdaPDH.jpg,/eyTNXHIax5WoXJho0RutihpsiHb.jpg,,,[],1,0,[],,,[],[],[],
4525,1404812,A Saturday Night Live Christmas Special,A Saturday Night Live Christmas Special,,The two-hour special will feature a compilation of memorable holiday-themed sketches from the show's 50 seasons.,0,0,0,2024-12-19,Released,0.999,0.0,0,,/tiU4LVymWv3jR6JNrtoTRl8bGnL.jpg,/18VB1LMIM2jBDmMCIkw5PCFSmQd.jpg,,,[],1,0,[],,,[],[],[],
984,1394816,Uyire (ഉയിരേ),Uyire (ഉയിരേ),Are you ready to look beyond the shore?,"A complex web of emotions which unfolds the grounding difference between love & predilection. An underlying, but prominent current of class difference between Indrajit & Zoya, brings clarity to the waters that they're in.",16,500,0,2025-04-01,Planned,0.96,0.0,0,,/hFnvsKwpXTXkTKdmPTJjRGNjd5y.jpg,/o0K15KPzGgmzCpBJpRJVTBCxopl.jpg,,,[],1,0,[],,,[],[],[],
20524,1136767,The Little Mermaid,The Little Mermaid,A new spin on a classic tail!,"In this ""half-fish"" out-of-water animated adventure, a mermaid princess makes a bargain with a sea witch to become human.",98,0,0,2023-05-30,Released,4.406,5.5,27,,/bV7t2Np8VG1i7h6jvPz5ZPUdAVP.jpg,/d47NpOwL844v6qtkwbFUQcZLMDF.jpg,,https://www.youtube.com/watch?v=BfxwaKwx_zM,[],1,0,[],,,[],[],[],
24536,1076129,The Neverending Party,La Boum éternelle : Histoire d'un grand film sans prétention,,"A look-back at popular French movie ""La Boum"" (The Party).",86,0,0,2023-01-20,Released,0.665,6.5,2,,/j8Y7ToardmenIKEj9j1gV6pn869.jpg,/pPhl3n0Y7koR0To79xXrGLyySww.jpg,,,[],1,0,[],,,[],[],[],
16760,1241954,2050 : Le Monde D'Après,2050 : Le Monde D'Après,,,0,0,0,2024-02-06,Released,0.137,5.0,2,,/b9ak5BoO98mwDOeIsHJcFBW5w8S.jpg,/d3h6BwuIoNfbs1lIFAcr9M4EB3B.jpg,,,[],1,0,[],,,[],[],[],
11297,1002155,Monsieur Aznavour,Monsieur Aznavour,,"From his poor childhood to his rise to fame, from his triumphs to his failures, from Paris to New York, discover the exceptional journey of an artist. Intimate, intense, fragile and indestructible, devoted to his art until the very end, here is one of the most immortal singers of all time: MONSIEUR AZNAVOUR.",134,28000000,15198387,2024-10-23,Released,5.8395,7.26,218,,/23FkaTaAosaTcTgyuJdTf7TvcJu.jpg,/jLvNVWqyfvaMaYrOwtuVmNaGGXQ.jpg,https://www.youtube.com/watch?v=WL16Zu0R6Hw,,[],1,0,[],,,[],[],[],
4728,1402780,Respeitável Público,Respeitável Público,,,0,0,0,2024-12-17,Released,0.835,0.0,0,,/e07Gf9lA6Xgbb0c3AzdqbENwI6t.jpg,,,,[],1,0,[],,,[],[],[],
26230,1078136,The King In Yellow,The King In Yellow,Have you found The Yellow Sign?,"In four intersecting stories, a supernatural play causes supernatural horror to befall any who read it",96,15000,0,2023-01-18,Released,0.689,2.0,2,,/kmohpnGBCLqWDB7TSOSiLWi2XrZ.jpg,/wY2sR6prdKDIHOTSd44q641rTco.jpg,,https://www.youtube.com/watch?v=OzFm4pEIbcs,[],1,0,[],,,[],[],[],
23743,1070885,"Hello, Universe!","Hello, Universe!",,"Ariel, a middle-aged man full of regrets, gets another chance to rewrite his past when he meets a magical figure who gives him the life he has always dreamt of. But at what cost?",102,0,0,2023-01-25,Released,2.001,6.8,4,,/sUeTYDwKYf9Lmhy3Ky2C8GjHuSY.jpg,/ve5OUJE0eEjXidUpBLhvrvs3qQF.jpg,,https://www.youtube.com/watch?v=Cw2pd9xCzlk,[],1,0,[],,,[],[],[],
724,1297021,RB&O Live 2024/25: Ballet to Broadway: Weeldons Werke,RB&O Live 2024/25: Ballet to Broadway: Weeldons Werke,,"Sensuous contemporary ballet meets the energy of musical theatre in four distinctive short works. Fool’s Paradise, The Two of Us, Us, An American in Paris: four works showing the remarkable choreographic range of The Royal Ballet's Artistic Associate, Christopher Wheeldon.",180,0,0,2025-05-22,In Production,0.001,0.0,0,,/27vVJMfDutIBcoW3QmQfXDm5fEW.jpg,,,,[],1,0,[],,,[],[],[],
1454,1402250,In Ashes,Se gennem Aske,,"Christian, a young twenty-something gay man, is trying to get over the heartbreak of his first love. Looking for meaningful connections through online dating apps, he goes through a whirlwind of experiences, passion and obsession on a journey to find new love, and himself.",82,0,0,2025-02-20,Post Production,1.64,0.0,0,,/x4JlY8z6w9eKcC2zEwurDXgD3vx.jpg,/wW1yLR7mPYpVeCvKTc2E9OS85L5.jpg,,,[],1,0,[],,,[],[],[],
12771,1019864,Like a Prince,Comme un prince,,"Souleyman, 27, a boxing champion in full preparation for the Olympic Games with the French team, sees his future crumble when he cracks the bones of his hand, following a fight in a bar. Souleyman is excluded from the team and is sent to the Château de Chambord, where he must perform his 400 hours of community service (TIG) collecting waste in the gardens.",90,0,0,2024-01-17,Released,0.84275,5.6,37,,/esp2ki9rwiZzwpK5pz2gk7Tpyhn.jpg,/hN5UtHKeI47SDLUJibHVEGKx2Q0.jpg,,,[],1,0,[],,,[],[],[],
26222,929837,Jackson Bazaar Youth,ജാക്സൺ ബസാർ യൂത്ത്,,"The lives of bandmates of the titular band, who get embroiled in a world of crime.",111,0,0,2023-05-19,Released,0.754,5.5,4,,/amTDGRh7zf4GEaizy6YpnXQKifF.jpg,/fOG1TBrZBqtjBLc2oKNuHg8nJ30.jpg,,,[],1,0,[],,,[],[],[],
2683,1415131,Després de la fi del món,Després de la fi del món,,"Parody of post-apocalyptic movies, where survivors try to find food in the vicinity of a ruined Barcelona but everything gets complicated",7,0,0,2025-01-16,Released,2.224,0.0,0,,/r5J956xWjRcJsSSrnynKt352sEY.jpg,/h7Mqp2nYhHnHUlQqDolPEOFFNbb.jpg,,,[],1,0,[],,,[],[],[],
15341,1000638,"Brazza, Chronicle of a Wasteland",Ici Brazza,,This is Brazza: an urban wasteland is living through its last hours. 53 hectares for the construction of a vast real estate project in tune with the times. The film scrutinizes the promise of a “new art of living” in the raw reality of the land.,86,400000,0,2024-01-24,Released,0.5,3.5,2,,/dqVVkDV1095k66SypS0Q6hKYsJt.jpg,,,,[],1,0,[],,,[],[],[],
30397,512876,"Dolly, Put the Kettle On","Dolly, Put the Kettle On",,"Joy Batchelor directed, produced, wrote and designed this short film for Brook Bond Tea: two girls compete for the affections of a Teddy Bear.",2,0,0,1947-04-01,Released,0.373,5.0,1,,/2EZi26cLNaqPnAInqWRDBcxRu7p.jpg,,,,[],1,0,[],,,[],[],[],
15823,1310365,Canta Santiago,Canta Santiago,,A young mariachi faces his first performance alone but discovers his brother has always been by his side.,11,0,0,2024-06-23,Released,1.018,10.0,1,,/2gD7L8HvyufJUNllR1uF8cRaxgQ.jpg,/MIP6g2CeHs4XlyFZpvVIj9UhS5.jpg,,https://www.youtube.com/watch?v=rIsc5_6bGTg,[],1,0,[],,,[],[],[],
4729,1402798,Flor de Ouro,Flor de Ouro,,"After the city's main statue being sold, residents of Flor de Ouro lose the meaning of their lives.",12,0,0,2024-12-17,Released,0.709,10.0,1,,/tfJp7lIQeqqzFDWdNBJVvtviltL.jpg,/8LesEYo7eUpXyYUkQY4Ci0bS5nk.jpg,,,[],1,0,[],,,[],[],[],
21414,1029475,"One Second Ahead, One Second Behind",1秒先の彼,,"Set in Kyoto, Japan, a love story takes place between Hajime and Reika. Hajime is a handsome young man, who is usually a second quicker than everyone else and straightforward. He works at the post office. Reika is a young woman, who is usually a step slower than everyone else. After Valentine's Day, Hajime wakes up and is unable to remember what happened that day.",120,0,0,2023-07-07,Released,2.223,7.3,7,,/wSzoNNXFTXJ9Jqv59b8YNdqZNh6.jpg,/u1lthZLMXuVpkV2mvKV7cNg2TKm.jpg,,https://www.youtube.com/watch?v=l1GO-EV-6QI,[],1,0,[],,,[],[],[],
11191,1279837,Un/Happy for You,Un/Happy for You,,"Two years after their breakup, a Bicolano chef on the rise reunites with his ex- girlfriend who is back in the province for a brief work visit. Still feeling bitter about their breakup, he tries to seduce her to ruin her engagement, only to find himself falling for her once more.",110,0,0,2024-08-14,Released,6.00125,5.0,3,,/wQ80tPzGP5gnrtoXV9JFWVlQVJL.jpg,/mTwajxRsT0Fw0YHrII6N2k0J3rE.jpg,https://www.youtube.com/watch?v=eeZkcp9PBTo,https://www.youtube.com/watch?v=bFC9sSIk_cc,[],1,0,[],,,[],[],[],
25369,1084355,2022 Stanley Cup Championship Film: Colorado Avalanche,2022 Stanley Cup Championship Film: Colorado Avalanche,,Avs fans can relive the team’s memorable 2021-22 season and 2022 Stanley Cup Playoffs run with the ESPN+ premiere of 2022 Colorado Avalanche Stanley Cup Film.,81,0,0,2023-02-09,Released,1.277,7.0,1,,/rKQYnpMM71nNlxHby2cQRnvcL3H.jpg,,,,[],1,0,[],,,[],[],[],
4514,1405749,Жауап Бер,Жауап Бер,What’s more important? Truth or freedom from the past?,"The scandalous process against Diana,  accused of murdering her husband, showcases the personal lives of five women: judge, prosecutor, attorney, defendant, and sister of the deceased. Each of them hides their own wounds and secrets associated with domestic violence. The emerging facts and shocking confessions in the courtroom make them rethink their own lives.",117,0,0,2024-12-19,Released,1.171,0.0,0,,,,,,[],1,0,[],,,[],[],[],
2404,1419320,La visite,La visite,,,0,0,0,2025-01-20,Released,3.508,0.0,0,,/vbo0OFQNUTAMxvQqHy9Yu02oqpj.jpg,/iDZTxQfLUQWosbTsqeVM0ffkd1L.jpg,,,[],1,0,[],,,[],[],[],
4727,1402808,Gurias de Preto,Gurias de Preto,,,10,0,0,2024-12-17,Released,1.313,0.0,0,,,,,,[],1,0,[],,,[],[],[],
2185,1418807,I Want To Be Boss (Ai 拼才会赢）,I Want To Be Boss (Ai 拼才会赢）,mandarin,"Dongnan, a 58-year-old restaurant employee, has long been known for his slacking off and unreliability, which led to his demotion to a security guard. Struggling with stagnant career prospects and family tensions, he dreams of becoming his own boss. With his friend Douyin Jie`s help, Dongnan opens a restaurant and experiences initial success. Seeking to improve his home life, he purchases an AI robot that helps manage household chores and mediates family conflicts. However, his apprentice Steven betrays him by stealing secret recipes and using AI technology against him. Through a challenging journey of intense competition and personal crisis, Dongnan undergoes a transformative experience that forces him to confront his past behaviors and relationships.",123,0,0,2025-01-24,Released,2.125,0.0,0,,/yzssj5suIHh9RBy92FTCisSEcdC.jpg,,,,[],1,0,[],,,[],[],[],
12495,1262991,Shoot It Up,ปะฉะดะ,,"Hao and Mad, two homeless kids living on the streets, grow up in a city where they have witnessed the atrocities of the Eagle gang led by Phad and the King Cobra gang led by Kriang. Living large, these two gangs rule the city by their huge manpower, collecting protection fees from merchants, gambling dens and prostitutes.  One day. Tubtimtuay (Captain 9 lives) recruits Hao and Mad to elp the police and trains them to fight and kill with martial eapons. Afterward Thapthimthuai has each of them each gang, Hao in Phad's Eagles and Mad in Kriang's King Cobras, with the goal of pitching the two gangs against one another so they kill off each other until their numbers are low enough for the captain to take them down.",94,0,0,2024-04-25,Released,1.879,1.0,1,,/lyePR1kP7eDWkbEdYX5Zkt0SIIO.jpg,/lnwxFh13oXET25rBwkDCCly4vqq.jpg,,,[],1,0,[],,,[],[],[],
9361,1384361,Solis,Solis,horror,"One day, a worker notices that the sun has not risen as expected. Not enough, he realizes that this phenomenon is not natural, but supernatural",10,0,0,2024-11-07,Released,0.312,0.0,0,,/icFR3oPN10Hci9XALFM1IFdjBna.jpg,,,,[],1,0,[],,,[],[],[],
25053,990798,The Unhanged,Hirttämättömät,,"The Finland of the future has gone mad. A bored young woman, Viola, gets a brilliant idea. She decides to fool the infamous Lone Rider and his sidekick Tonto. Viola makes a wanted poster of herself, and assumes the identity of a highwayman named Gonzales. Viola/Gonzales surrenders to a quirky bandit duo, who now believe they will be well rewarded for bringing this outlaw to authorities. As the pair is taking Gonzales to the gallows, they get lost in the desert. A day's journey turns into an adventure that tests the trio's physical resilience and mental maturity.",90,0,0,2023-05-24,Released,1.007,2.96,11,,/o9qcvoVy70BvYglb2xjU0F9VEkH.jpg,/2UbN3pRdp56Wztvsj2SQFAwXhhM.jpg,,,[],1,0,[],,,[],[],[],
10634,280180,Beverly Hills Cop: Axel F,Beverly Hills Cop: Axel F,,"Forty years after his unforgettable first case in Beverly Hills, Detroit cop Axel Foley returns to do what he does best: solve crimes and cause chaos.",118,150000000,0,2024-06-20,Released,27.685125,6.69,1201,,/zszRKfzjM5jltiq8rk6rasKVpUv.jpg,/rrwt0u1rW685u9bJ9ougg5HJEHC.jpg,,https://www.youtube.com/watch?v=4T4YPfCbPto,[],1,0,[],,,[],[],[],
18595,1295873,Deceptions of the Distrait,Deceptions of the Distrait,The city streets were my domain.,Detective Samuel Redd takes on his most mentally excruciating case when his wife Sarah disappears.,11,50,0,2024-05-03,Released,0.115,8.0,1,,/jHuHRpIx3zqoL3c39slWnsTFNSG.jpg,/1BR2iXlR0PHCTtrog8Y9VQXaCpS.jpg,,,[],1,0,[],,,[],[],[],
19303,746349,Killing Romance,킬링 로맨스,Not a romance.,"Hwang Yeo-rae, a once-popular actress, faces a turbulent marriage and yearns for her old career. When she moves in next to Kim Beom-woo, her biggest fan, a desperate plan to regain her freedom and revive her career unfolds.",107,0,0,2023-04-14,Released,19.732,6.4,17,,/d5cvYhiyykZrliPSPqO4iFGJMus.jpg,/uRquslWi1JWns7bHev5upERBRCK.jpg,,https://www.youtube.com/watch?v=zvqFwkvxch8,[],1,0,[],,,[],[],[],
2988,1415670,ŞamPİYONlar,ŞamPİYONlar,,"8-year-old Efe goes to İzmir with his family to visit his grandfather, Hakkı. While his popular sister Hira has exciting plans, Efe feels bored and out of place. At the market, he meets Ceren and her friends, skilled chess players who challenge him to a game. Determined to impress Ceren, Efe seeks his grandpa’s help, but Hakkı refuses, thinking Efe will give up like his father once did. Feeling hopeless, Efe discovers the magical White Pawn, who helps him learn chess and build a team.",93,0,0,2025-01-10,Released,2.177,0.0,0,,/ntfIVBxdQ3nCHddMd5egzft5CX6.jpg,/6nPpXflJoNQmcApyuWrrkK8LTYR.jpg,,,[],1,0,[],,,[],[],[],
8552,1374312,Light Memories,Eco de Luz,,"In the family of photographer-turned-filmmaker Misha Vallejo no one ever talks about his grandfather. He only hears about him for the first time as an adult, thanks to an abandoned photo collection. Who was this shadow? And what legacy looms over the family? In his debut film Light Memories, Vallejo shows how the effects of neglect can persist across generations.",78,0,0,2024-11-14,Released,1.758,0.0,0,,/1RiOayXCmDpWtU8QUHHsOiX4ow8.jpg,,,,[],1,0,[],,,[],[],[],
30175,253948,The Adventures of Dusty Bates,The Adventures of Dusty Bates,,Dusty Bates observes some smuggled jewels hidden in a crate aboard a ship; he is pursued by low-lifes when the crate is put ashore.,115,0,0,1947-09-01,Released,0.743,4.0,2,,/6WJxW7Q7Ug4o9wKaKDYBe8hfGTQ.jpg,,,,[],1,0,[],,,[],[],[],
4202,1406878,Insomnium,Insomnium,,"At nightfall, a clay owl comes to life and yearns for new perspectives on its own existence.",4,0,0,2024-12-23,Released,0.604,10.0,1,,/v29GMzjUoVUT8aUvAnHw52Soj5i.jpg,/m5vr5X2n5q6r6cfQpriBKIxtPKK.jpg,,,[],1,0,[],,,[],[],[],
30285,271827,Thunder in the Valley,Thunder in the Valley,Out of the Hills The Drama of the Valley People,"The popular Alfred Ollivant novel ""Bob, Son of Battle"" is the source for this drama about sheep dogs in the Scottish highlands, filmed in mountains in Utah’s Garfield County. Gwenn is a crusty shepherd whose struggling relationship with his son McCallister is complicated by a predatory animal that is attacking the flocks of local shepherds.",103,0,0,1947-11-01,Released,1.233,7.5,1,,/9EqvpcAIiJXDl53gp8rZMgS8pUY.jpg,/j6fsbXQSCKaAY3dM0L2aqcx6DJ9.jpg,,,[],1,0,[],,,[],[],[],
21191,586373,Forgotten Experiment,Сквозь время,Time is a weapon.,A group of heroes assembled by the eccentric billionaire goes into closed Perimeter full of abnormal activity which is inexplicable in terms of science. This journey will change all members of the group and reverse their notion of reality.,105,2390449,0,2023-06-15,Released,2.931,4.9,29,,/9ZH78OjgMqFAFovraJ0uagr9JW6.jpg,/7KHn1zGZDiSr0Hh3nZlWdMhtHI1.jpg,,https://www.youtube.com/watch?v=ZDVYKkaTYTk,[],1,0,[],,,[],[],[],
2758,1389635,The Long Road Home,The Long Road Home,,"After a near fatal car crash, Allen (Dean McBain) must find help while being pursued by a mysterious figure.",0,200,0,2025-01-15,Released,2.014,0.0,0,,,,,,[],1,0,[],,,[],[],[],
21386,1167673,The Quiet Don: Chapter 1,静かなるドン 第１章,,"Shizuya (Ito Kentaro), the only son of the Kanto region’s largest gang, the Shinshu Clan, which he hates being associated with, works instead for a design company. He works diligently while developing a liking for his strong-willed colleague Akino (Kakei Miwako), but when his father is shot and killed, the battle for succession intensifies. Peaceful lives are transformed.",120,0,0,2023-05-12,Released,4.557,7.0,1,,/eQ5qkZQ1qavJZtZWI5Ln5WEU4jg.jpg,,,https://www.youtube.com/watch?v=VcQi2PuLJF0,[],1,0,[],,,[],[],[],
13445,1238121,Little Garlic,Little Garlic,Shot on iPhone 15 Pro Max,"Usher in the Year of the Dragon with a story about a young girl who has a special shapeshifting ability. Together with Director Marc Webb, Apple brings you this charming and heartwarming tale about self-discovery in our pursuit of life in the modern world.",15,0,0,2024-01-28,Released,0.669125,6.5,4,,/iSzIhT8E2GF58FRULp7mUGUxqaw.jpg,/6BVbBJA8X7qGd8FLgEUE8ECtYNt.jpg,,,[],1,0,[],,,[],[],[],
17947,1279392,Kaleidoscope,Kaleidoscope,"For where your treasure is, there your heart will be also","Two broken pieces from the same broken glass cascading upon a kaleidoscope of events with each twist and turn, a new shade upon their lives, seeking solace in the embrace of the familiar yet unknown. The only thing holding them together is hope, beyond the realm of almighty, echoing through eternity's expanse. Is this existence tangible, truth, or merely ethereal lantasies cloaked in the desires of what might have been?",17,0,0,2024-04-22,Released,0.16,10.0,1,,/xsq51GpP6GKtw4x15QPQvyPaEyD.jpg,,,,[],1,0,[],,,[],[],[],
9130,1307051,Les Boules de Noël,Les Boules de Noël,,"Every year, Christmas Eve turns into a nightmare for Nathalie and Antonin's family. Convinced that she is the victim of a curse, Nathalie makes a radical decision: this year we won't be celebrating! But Antonin and his children take matters into their own hands by inviting Nicole, Nathalie's long-lost sister. Will they finally escape disaster this year?",0,0,0,2024-11-27,Released,0.937375,5.33,6,,/tnFXI91z7Jo1WquQ8viqeFJA91e.jpg,/yViu1iYz4YpBxXoIq1bRZ6TnvTs.jpg,,,[],1,0,[],,,[],[],[],
1868,1419761,"My Brother, My Brother",خائنة الأعين,,"Perceiving life as something shared by two. Through a split (dual) narrative, identical twins Omar and Wesam, recount their shared memories: from their time in the womb of their mother to the moment they are tragically separated. Written and directed by twin brothers, Saad and Abdelrahman Dnewar, My Brother, My Brother, combines 2D animation with live-action cinematography to chronicle a deeply affectionate and tender narrative about existing without the other.",15,0,0,2025-01-31,In Production,5.852,0.0,0,,,/9VLt2dGy200RauNt4HkC7jrEChe.jpg,,,[],1,0,[],,,[],[],[],
5998,1413073,Unpublished,Unpublished,Why Do YOU Write?,"A conversation with William John Daly, a radio writer turned deacon and how his love for storytelling has fuelled his desire to finish his long awaited book.",8,0,0,2024-12-05,Released,0.452,0.0,0,,/vYm5gKfGWHDNX436DR6p2buTYa5.jpg,/c9G4dwv2yeA0m3kvOf3cENJxmGi.jpg,,,[],1,0,[],,,[],[],[],
456,1295501,The Fall of Barsisa,The Fall of Barsisa,Honour Is Sacred,A modern reimagining of the fable of the same name. Three brothers leave their ailing sister in the company of a devout and honourable figure as they are guided by an ambiguous stranger through treacherous terrain in search of a remedy.,60,0,0,2025-09-05,In Production,0.245,0.0,0,,/a8XsznKnWZDfff1wN5RrHNlGQnP.jpg,,,,[],1,0,[],,,[],[],[],
496,900838,The Delhi Files,The Delhi Files,Right to Life,"Hiding truth, denying justice and no value of human life are blots on our democracy.",0,0,0,2025-08-15,In Production,6.8,0.0,0,,/h5HarxBz6FZ8XX0VTTzyYKm7IqI.jpg,,,,[],1,0,[],,,[],[],[],
18377,1317959,"March 18, 2018, 5:44PM, Outside Pouch Cove, Canada","March 18, 2018, 5:44PM, Outside Pouch Cove, Canada",,A couple encounter a stranger on their way home.,8,100,0,2024-05-28,Released,0.358,10.0,1,,/4PREYigCyVQ01RG6HLBEWt8xt33.jpg,,,,[],1,0,[],,,[],[],[],
10814,1124127,Air Force One Down,Air Force One Down,,"On her first assignment aboard Air Force One, a rookie Secret Service agent faces the ultimate test when terrorists hijack the plane, intent on derailing a pivotal energy deal. With the President's life on the line and a global crisis at stake, her bravery and skills are pushed to the limit in a relentless battle that could change the course of history.",84,0,0,2024-02-09,Released,10.788,6.1,137,,/nKPoSD4pZ3s3CJ9g3cqWRcQ41TC.jpg,/u0P5drNyTrZoGyJONPcZGbv1mNP.jpg,,https://www.youtube.com/watch?v=0cWBaR8JW6M,[],1,0,[],,,[],[],[],
17888,1351502,Scomparsa in fede,Scomparsa in fede,,,0,0,0,2024-08-27,Released,0.171,10.0,1,,,,,,[],1,0,[],,,[],[],[],
1043,1244944,The Woman in the Yard,The Woman in the Yard,Don't let her in.,"In the aftermath of her husband's death, widow Ramona's struggle to raise her two kids is hindered by the arrival of a mysterious woman with supernatural abilities.",87,12000000,23310713,2025-03-27,Released,34.3105,6.23,181,,/n0WS2TsNcS6dtaZKzxipyO7LuCJ.jpg,/3lEV4CoKoeT2cZ4fbKEJugZcw6Z.jpg,https://www.youtube.com/watch?v=8jWsHU7Y6w4,https://www.youtube.com/watch?v=27aEM6q1Wqs,[],1,0,[],,,[],[],[],
26698,1222242,Aurora’s Garden Asylum,Hospício Jardim Aurora,,"In 1912, a mysterious patient is brought at the asylum. Little the doctor knew, that his would be the only secrets revealed.",10,0,0,2023-12-19,Released,0.843,9.0,2,,/9ncsA4oDO5UqTKh7ZWdHQBtRF3m.jpg,/nflwTBONjmEza1ThWwsqz0ckCNj.jpg,,,[],1,0,[],,,[],[],[],
28845,1125535,Are You Here?,Ти тут?,,"Oryna, an 18-year-old Ukrainian girl, fled her homeland during the Russian invasion of Ukraine, while all her family, including her 7-year-old sister Ksiusha, decided to remain there. The film observes the daily remote communication between Oryna and her younger sister, and reveals their close bonds of sisterhood, which remain strong despite their separation, the constant presence of the war, and the natural process of growing apart.",13,0,0,2023-06-06,Released,0.4,8.0,1,,/5504mFv5uQNYQTDIZ8Kzq9dcN8K.jpg,,,,[],1,0,[],,,[],[],[],
20404,1014629,The Fearway,The Fearway,There's a good reason it's the road less travelled.,A young couple travelling down the freeway seem to be unable to get off the road after being hunted by someone intent on keeping them on the road.,81,0,0,2023-02-07,Released,4.289,4.6,28,,/g0EOgZCk23b3n4uWGIVh9bh5U3q.jpg,/v4A4YA1LgRtPTi79EoXTtxQ4ZEK.jpg,https://www.youtube.com/watch?v=M8ZiADM_fQ4,https://www.youtube.com/watch?v=Vxp3AlGLeeg,[],1,0,[],,,[],[],[],
31351,1426205,Quote 10.35,Quote 10.35,"You can't live off of bets, and you can't live betting","Tomas's life is wrapped up in vices, among them a gambling addiction to sports betting. This ends up captivating his brother Frank, turning the house where they live together into a spiral of vices and monotony.",35,0,0,2024-06-01,Released,0.125,9.0,1,,/g0fRjn00sGynaDFl6R7PPD9DeIi.jpg,/6LdsfO4WIovKnWlAqyKcXJHJM5b.jpg,,,[],1,0,[],,,[],[],[],
16254,1294242,Teething Problems,Teething Problems,Knock Three Times,"After losing his wife, a grieving man turns to a strange company promising to resurrect her, only to discover the terrifying consequences of meddling with the afterlife.",27,0,0,2024-07-19,Released,0.985,10.0,1,,/9I0llg8N7tRpIdt0aGP7NTpzkMm.jpg,,,,[],1,0,[],,,[],[],[],
14555,1312115,Arbenina,Арбенина,,"Diana Arbenina is a unique rock star and an idol for many generations. She became popular back in the 90s and still does not leave the stage, filling stadiums. However, her story is not only a series of rock concerts, but also tragic turns in fate, the bitterness of losing loved ones, the joy of motherhood and an endless flow of emotions and love of life, which allows her to overcome herself, create, write music and make people happy. Together with Diana, the viewer will live one day in the life of a rock star: meetings, rehearsals, training, caring for children, communication with her mother, the premiere of a series with her participation. How does a person who is constantly in sight live?",56,0,0,2024-07-05,Released,0.184,4.75,2,,/afOyW3ewx8Ggrd4NQgg7wwdlSpz.jpg,,,,[],1,0,[],,,[],[],[],
22965,1165340,Ready,Έτοιμοι,,"Boring work leads parliament employees (both elected and otherwise) to play childish power games. When removed from the weight of their historic surroundings, they question their desires and are set free.",11,0,0,2023-08-15,Released,1.868,5.2,2,,/wfQEB2rTHb8oyhvTvzGOcwL9NCU.jpg,,,,[],1,0,[],,,[],[],[],
24192,1083789,Mastergame,Mesterjátszma,,"A young, revolutionary couple aboard the last train leaving Budapest after the Russian invasion of 1956. Based on a novel by the Austrian writer Stefan Zweig.",90,0,0,2023-11-09,Released,1.633,8.6,5,,/i22yFvStFU1w6bURwhCEorPBwR.jpg,/lN2XNTsQ4m0leHqvHOcvWECiPby.jpg,,,[],1,0,[],,,[],[],[],
23869,1100488,I pionieri,I pionieri,,"Sicily, summer 1990. Two young boys, sons of ardent communists, run away from home to re-found the Pioneers, the glorious and now extinct scouts of the Party. But not everything goes according to their plans.",86,0,0,2023-04-13,Released,0.824,8.3,3,,/7fNc4x9jNysipBTql2gBZLjg0PM.jpg,/AoCgSFTad1efvO1yFBAZfATpVK7.jpg,,,[],1,0,[],,,[],[],[],
32055,1160039,Mimang,미망,,"After a chance meeting, a man and a woman stroll through Seoul’s changing streets.",92,0,0,2024-11-20,Released,1.5695000000000001,7.0,1,,/uZqLHfiKbSedgpSVGDMss6pkaip.jpg,/qeskZtO8u3kJL2ttMnNAitA9SRl.jpg,,https://www.youtube.com/watch?v=GU4F35zj-90,[],1,0,[],,,[],[],[],
22056,1147338,Dammi,Dammi,,"Returning to Paris, a man moves through memories of his past and surreal fragments of the present, searching for connection with his estranged father. On his journey, he meets a French-Algerian woman. As their intimacy grows, he is confronted with his shame and fears while exploring his lost Arab identity… Behind Paris is Algiers.",16,0,0,2023-08-02,Released,1.644,6.5,8,,/udvVP7OpHCHmeBUcyw6AqsOxTvJ.jpg,/4dROAlNU5xQ7SgOyraBGA1ZTDK6.jpg,,https://www.youtube.com/watch?v=uDmY56kNsqQ,[],1,0,[],,,[],[],[],
23674,1218219,Missionary,Missionary,"Unlocking Desire, Risking Everything","In a marriage struggling with intimacy issues, a romance novelist with an unadventurous husband has a sexual awakening while writing her latest book.",88,0,0,2023-12-01,Released,1.546,1.0,1,,/d7XVHCbsrdt0q3FAWV3jaXJtED5.jpg,/9irTm82FW5IT1erJ1mvfqvOLue8.jpg,,https://www.youtube.com/watch?v=6L5GEDY7v5c,[],1,0,[],,,[],[],[],
7562,1385891,The Burping Guy,The Burping Guy,Unleash the power within - one burp at a time.,"Vincent Carter (Played by Daniel Ledas) is an ordinary man, until one day he is chosen by a very powerful being to protect the universe and is granted supernatural burping powers. But in order for balance in the universe, another man named Jake Cahlk is chosen by another powerful being, to be sent to the burping guys universe and be given the same powers to take him down.  What will happen in this epic film? Watch it and find out.",20,0,0,2024-11-22,Released,0.362,0.0,0,,/es3cmE4g5quPLCxNwHAO5ialU07.jpg,,,,[],1,0,[],,,[],[],[],
27936,1179581,Dying to Be Happy,Dying to Be Happy,The streaks of the past call back to that little piece of paradise...,"An old cancer patient reminisces about his youthful days spent at a little place called ""Spatterdock"".",18,500,0,2023-09-05,Released,0.377,9.0,1,,/3HxQgJqQBRcfrRTKT4p2TrLMk41.jpg,/lSQnLC2px4yDM1ofXZ9i1dBQoMD.jpg,,,[],1,0,[],,,[],[],[],
7668,1404078,Out of Office: How Soft Hands Struck a Hard Bargain,Out of Office: How Soft Hands Struck a Hard Bargain,,"Out of Office is the story of a scrappy group of office workers in Wisconsin who managed to pull off a major victory for workers’ rights. Upon their contract’s expiration, the workers activated their dormant union and fought back against their employer - a massive financial services provider making record profits. Their fight dragged out for over 600 days and included the first strike in the company’s almost 100-year history, which was the largest labor action in Wisconsin for over ten years. A rank-and-file member of the union documented the entire struggle, and the documentary includes emotional interviews with key members of the fight.",29,0,0,2024-11-21,Released,0.001,0.0,0,,,,,,[],1,0,[],,,[],[],[],
28048,1103396,When Susi Met Oumou,When Susi Met Oumou,,"After spending the night together, two women decide to prolong their amorous encounter into the warm summer day in New York City.",8,0,0,2023-06-23,Released,0.371,3.0,1,,/dU9UkzHQaJlxzmKCW3KIuPRU25p.jpg,,,https://www.youtube.com/watch?v=XVAacJwX1NY,[],1,0,[],,,[],[],[],
31633,1248276,The Firebird,Жар-птица,,"An actress and theater dancer flies to India to find her mother, who once abandoned her and joined a certain sect. Soon she no longer understands whether what she sees is happening in India or whether it is the scenery inside her native theater. Masks, dolls, songs - does this happen in a small town square or on one of the venues in St. Petersburg?",90,0,0,2025-03-20,Released,0.9083749999999999,6.5,2,,/wXXtFeQky4qTSK4wgbwdvVYBhsn.jpg,/aX9UC0k9FsRddycmlqBFcKtH2n9.jpg,,,[],1,0,[],,,[],[],[],
26772,1159569,Serial Killer: Red Sea Attacks,Serial Killer: Red Sea Attacks,,Investigators head to Egypt to look into deadly Read Sea shark attacks.,44,0,0,2023-07-23,Released,0.653,5.0,1,,/eBCwB33To0GwuHK0OP1VvuMhDC5.jpg,/q8hEWsaPMwCz1zeQjVL2S2sZZYO.jpg,,,[],1,0,[],,,[],[],[],
20213,1015356,To Kill a Tiger,To Kill a Tiger,A man. His daughter. The trial of their lives.,"Ranjit, a farmer in India, takes on the fight of his life when he demands justice for his 13-year-old daughter, the victim of a brutal gang rape. His decision to support his daughter is virtually unheard of, and his journey unprecedented.",128,0,0,2023-10-20,Released,4.387,7.5,30,,/qxzaYYRAH6gZoyJlnajCvYeL6Ms.jpg,/d14tpaz2DlQBRXDk94M4pU2gXvj.jpg,,https://www.youtube.com/watch?v=mC6-igJ_WWM,[],1,0,[],,,[],[],[],
12460,1146892,Bark,Bark,Some secrets don't stay buried,"Charismatic Nolan Bentley wakes up in the middle of a remote forest, tied to a tree with no recollection of how he got there. With his time relentlessly running out, a mysterious stranger appears and he must finally reckon with the demons of his past and fight to survive to find a way out of his nightmare.",90,0,0,2024-10-24,Released,0.987625,5.15,13,,/wQV4VH1JFP5phu8E4ZsZGPEcyqp.jpg,/kNcbJs4jJWcrEeAPQRnED3FTNFx.jpg,,,[],1,0,[],,,[],[],[],
1520,1419350,Sangala,Sangala,,Sangala is an inspiring story of the hardships of an elderly self-respecting farmer in the drought stricken region of Marathwada (Maharashtra).,85,0,0,2025-02-15,In Production,1.25,0.0,0,,,,,,[],1,0,[],,,[],[],[],
26813,1218639,"Bigflo & Oli, le concert événement","Bigflo & Oli, le concert événement",,,0,0,0,2023-12-16,Released,0.725,9.0,3,,/mvJ28M2gdHd2C0yydlkumsYq6Ic.jpg,/o4KeMy5VAl4Mk0XpHHvV5GOaruX.jpg,,,[],1,0,[],,,[],[],[],
25139,1143447,The Ciguapa,The Ciguapa,,A queer Latino couple go to a cabin for their anniversary but a mysterious woman they find in the woods threatens to break them apart.,14,0,0,2023-07-24,Released,0.958,4.0,1,,/mqWEyy6dcMJ9eNoR0nYaVyYkYj9.jpg,,,,[],1,0,[],,,[],[],[],
30794,51608,The Man from Nowhere,아저씨,"Nothing to lose, nothing to compromise.",An ex-special agent is involved in a convoluted drug ring drama. He has to save a drug smuggler's innocent daughter from being the victim of her parents' fight.,119,1255000,43059790,2010-08-04,Released,38.453,7.7,1330,,/ld19CFIo27t41JXSGZdaPMUGTxh.jpg,/8ZNwaC77ytOLSIamcBPnVqdZbmw.jpg,,https://www.youtube.com/watch?v=38rPoGSr19U,[],1,0,[],,,[],[],[],
5658,1399653,Under surveillance,Sous surveillance,Be careful what you do,"The whole world is monitored, everywhere, all the time. Everyone gets points based on their actions. So some people eventually get close to 0.",2,0,0,2024-12-08,Released,0.77,0.0,0,,/1cKSOg4PDU4q8TNEzPN3Vx0l7E5.jpg,/9cFihSBi880USdqPVQvS5ncxt6J.jpg,,,[],1,0,[],,,[],[],[],
6971,1389681,The Rolling Stones: Welcome to Shepherd's Bush,The Rolling Stones: Welcome to Shepherd's Bush,,"A once-in-a-moment recording of the rock legends as they performed a surprise gig at the iconic Shepherd’s Bush Empire in June 1999. Announced only as they were preparing to play two nights at nearby behemoth Wembley Stadium that same month, it saw a small crowd of 1800 lucky fans treated to an intimate show in which the band eschewed their big hits in favour of rarely heard gems. This was a gig with many firsts; songs included Saint of Me, I Got the Blues and Brand New Car, while Melody was performed for the first time since 1977 and Moon Is Up brought to the stage for the only time in the band’s live career. Sheryl Crow, who opened the show, joined the band for a special rendition of Honky Tonk Women. As Mick Jagger shouted from the stage that night “If you want to see the hits, go to the big place down the road”. As promised, they didn’t disappoint.",0,0,0,2024-11-28,Released,1.76,0.0,0,,/bfqOpwXwyZpVfN7mfYsYBfYw2OA.jpg,/oLQyFF7P2lVY33BjOkdRQwnHhcd.jpg,https://www.youtube.com/watch?v=ja8pY7i_Xns,,[],1,0,[],,,[],[],[],
2427,1413193,Aimez moi,Aimez moi,,,0,0,0,2025-01-20,Released,3.721,0.0,0,,/bPwFy0IzbZltSRdYVUaOwHRF5DJ.jpg,,,,[],1,0,[],,,[],[],[],
16532,1309786,BABYMETAL - Hellfest 2024,BABYMETAL - Hellfest 2024,,"BABYMETAL's performance at Hellfest 2024 was a triumphant return to the European festival scene, solidifying their status as a global metal phenomenon. Taking the Main Stage 2 on a sunny afternoon, the Japanese kawaii metal pioneers delivered an electrifying set that showcased their signature blend of heavy riffs, infectious melodies, and captivating choreography.",0,0,0,2024-06-27,Released,0.617,8.0,1,,/kucUI4QiJSLQd6BrveT5zVrCp4z.jpg,/88bElQG7ofxz9Obj48iOPDvS5wD.jpg,,,[],1,0,[],,,[],[],[],
21368,866440,2018,2018,Everyone is a Hero,A disaster film set during the 2018 Kerala Floods where people from all walks of life faced catastrophic consequences and put in collective efforts to survive the calamity.,150,3009565,24076520,2023-05-05,Released,4.563,7.68,38,,/uz9qc6lNGyqS2xvuXUfpJh2eP6b.jpg,/phHKTgg0D1KcbxCm2MDdHQ3TKqR.jpg,https://www.youtube.com/watch?v=bhGCb9J0MRU,https://www.youtube.com/watch?v=Af3cjNPhM4o,[],1,0,[],,,[],[],[],
4726,1402794,Memories,Memórias,Lost in memories.,"A TV report transports Beatriz to the past memories of her one true love, Cecília.",15,0,0,2024-12-17,Released,1.362,0.0,0,,/oq0U3VnaC86PlnqUoh3YdacUJJA.jpg,,,,[],1,0,[],,,[],[],[],
6649,792993,Go Away,Go Away,5 intruders. 4 hours. 3 floors. 2 exits. 1 problem.,"During a family gathering, dinner is interrupted by a knock at the door. 5 intruders take the guests hostage and put them through a series of sadistic games. As the night goes on, the intruders realize they also may have something to fear.",0,0,0,2024-12-01,Released,1.715,1.0,1,,/5ySCoe78ePqP5XYxtrGtcf05hl.jpg,,,https://www.youtube.com/watch?v=ICauVlW_fvo,[],1,0,[],,,[],[],[],
29639,926946,School of Magical Animals 2,Die Schule der magischen Tiere 2,A new magical adventure.,The students of the School of Magical Animals want to perform a musical for the school's anniversary. Will rehearsals end in chaos or will the class pull together? And what's up with the strange holes on the school grounds?,103,0,19724705,2022-09-29,Released,10.408,6.5,37,,/wRXzkXnniE4NijTHVmqohCZrUQB.jpg,/hGPa3WPxuyoVSexd962Sf3rh5Rt.jpg,,https://www.youtube.com/watch?v=YI7YVxSO3VA,[],1,0,[],,,[],[],[],
23249,1116284,Arkhé,Arkhé,"In the ruins of buildings, lost forever by earthquakes, as in the depth of the archives, we dig.","“Archeology” and “Archive” share the same roots. Both words come from “Arkhé”, the Greek word for “origin”.  In the ruins of buildings, lost forever by earthquakes, as in the depth of the archives, we dig.  What happened the morning of the big earthquake? The morning of September 19th 1985 is fading away in our memories. These recordings have never been seen. Unedited images of the catastrophe dug out by the archaeological adventure of an archivist that suffered with them. He dug and suffered until he could no longer see.",5,0,0,2023-05-17,Released,2.314,1.5,2,,/dIVhM6UTAmEy8n7FITVudqEhg7J.jpg,,,,[],1,0,[],,,[],[],[],
7417,1387934,Fear & Trembling,Tars o Larz,,"Manzar, a woman set in her rigid ways and beliefs, has been ostracized by her family and now ekes out a lonely existence. One day, she suddenly receives a call from her sister: her niece has been arrested for not wearing a hijab. Despite implorations from her family, Manzar sticks to her fundamentalist beliefs - her niece, an unbeliever, ought to be punished for the sin she’s committed. Finding herself all alone in a changing world, and increasingly racked by fear and guilt, Manzar begins to pray for heavenly deliverance.",76,0,0,2024-11-23,Released,0.37,0.0,0,,/xAjwzXRbcWecKsOir3EyyfkDO1l.jpg,,,,[],1,0,[],,,[],[],[],
28063,1114189,AAA Triplemania XXXI: Monterrey,AAA Triplemania XXXI: Monterrey,,On April 16th Lucha Libre AAA Worldwide presents Triplemania XXXI Monterrey live on FITE straight from Estadio de Béisbol Monterrey in Mexico. The event features the AAA Mega Championship where Hijo del Vikingo defends his title against Komander against Rich Swan against Shane Strickland.,211,0,0,2023-04-16,Released,0.23,2.0,1,,/yckIoK8eGl9s2FHkupge3eF7Bxm.jpg,/sItfm0U1xkrFAKGFrg1od1OdWEA.jpg,,,[],1,0,[],,,[],[],[],
9244,1371625,When Lesbians Divorce Gay Men,女男同性恋离婚记,,"A decade after entering into lavender marriages, these lesbians have all divorced their contract husbands. During the filing, the COVID-19 pandemic swept the world, and China implemented a zero-COVID policy, requiring that no one be exposed to the virus. This documentary captures their lives during this time. Despite sharing a home with both their same-sex partners and their parents, none of these lesbians has come out. Their divorces have remained secret. Their efforts to have children have been unsuccessful. Their lesbian relationships are not recognized by the public. The abrupt change in the zero-COVID policy has not left anyone untouched. Despite the immense effort invested in this lesbian film, no cultural products about homosexuality are allowed to be published.",82,0,0,2024-11-08,Released,0.001,0.0,0,,/iw7SDGI4r76HwbvqzYOGGS8OrmH.jpg,,,,[],1,0,[],,,[],[],[],
906,965087,Phule,फुले,,"A biopic on Jyotiba and Savitribai Phule, considered to be a pioneering couple in India’s societal history. They are often credited for underlining the importance of the girls’ education and self-dependence.",0,0,0,2025-04-11,In Production,1.323,0.0,0,,/bVo7EzCy6CKAHodhxV7dKMd7Ifa.jpg,,,,[],1,0,[],,,[],[],[],
25404,1184956,Go For Grandma,Go For Grandma,Magic is real,"Inspired by iconic ‘80s fantasy films, ""Go For Grandma"" is a magical journey into the mind of a young boy who escapes a neglectful home life through his grandmother’s love and the power of his imagination.",35,0,0,2023-10-25,Released,0.958,6.0,1,,/oPBxrEFRy59oqJYfhkQet02Aie4.jpg,/qzz8k7XY32HGQM9EWZZzHHnB8U8.jpg,,,[],1,0,[],,,[],[],[],
16311,1363109,Interlude,Interlude,,"A short movie based on Jhumpa Lahiri's short story about a married couple, Baskara and Samantha whose their relationship is on edge. Taking advantage of a four-day power outage, they talk to each other about secrets they were previously kept in the dark, hoping that their relationship will be better.",33,264,0,2024-09-10,Released,0.202,8.0,1,,/7aZvuA3bwTzdo2H9WqnFZcVvj3d.jpg,,,,[],1,0,[],,,[],[],[],
5105,1400421,Mime Prophecy,Mime Prophecy,I can see why they cursed you in the first place,"A bard, desperate to be rid of a curse, finds a shady wizard who promises to help him.",5,0,0,2024-12-13,Released,0.719,10.0,1,,/uRKJTiIWyrMIfld4urUkttaGiub.jpg,/z9eBXKMhMwTEdnq0lWLcuPfJNxq.jpg,,,[],1,0,[],,,[],[],[],
3911,1420418,Earth To Albatross,Earth To Albatross,,A short about making art.,3,0,0,2024-12-26,Released,0.748,0.0,0,,/10mdZstsHzFK2PlSy2cDz25TzTa.jpg,/yLjWrgz14nAvpqhJHHBQdekIUtF.jpg,,,[],1,0,[],,,[],[],[],
1369,1300034,RB&O Live 2024/25: Swan Lake,RB&O Live 2024/25: Swan Lake,,"Classical ballet's most powerful tale of love, treachery and forgiveness returns to the Royal Opera House stage",210,0,0,2025-02-27,In Production,1.391,0.0,0,,/iQHYOEds0JPdM2rrgbwJPf4sh69.jpg,,,,[],1,0,[],,,[],[],[],
20899,1193708,The Queenstown Kings,The Kings of Queenstown,Dare to dream,"A prodigious young soccer player from rural Queenstown must face the return of his washed-up, pro-footballer father, and navigate the choice between his team's success and his own dreams.",137,0,0,2023-11-17,Released,4.287,5.8,21,,/58mHgWKwYaySV4y6sSsFVazUfOT.jpg,/hxI1gyYZudOOjiiEdOBqrcnOI7D.jpg,,https://www.youtube.com/watch?v=VU-LG3jG1Fg,[],1,0,[],,,[],[],[],
18264,1225960,Drive 2 Palermo: European Journey,Drive 2 Palermo: European Journey,The Drive Isn't Over Yet,"After the events of Drive to Palermo, our heroes are shattered. The presumed death of John Zeitler has left the team without its founding member. With no choice but to move forward, the group sets out for Palermo, Italy, in an attempt to root out Palermo's evil at its source.",245,0,0,2024-01-04,Released,0.127,10.0,2,,/sWS41GDvDis6Nix1ZqaDqiiQy8h.jpg,,,,[],1,0,[],,,[],[],[],
6515,1398107,Az élet hozta így - Jelenetek egy magyar kisvárosból,Az élet hozta így - Jelenetek egy magyar kisvárosból,,,0,0,0,2024-12-01,Released,0.461,0.0,0,,,,,,[],1,0,[],,,[],[],[],
20852,815029,Dovbush,Довбуш,,"In the early eighteenth century, foreign rule means dark times for the Hutsuls of the Carpathians. The two Dovbush brothers become opryshkos - mountain outlaws. But the two brothers become enemies - one cares only about money, the other - Oleksa - fights for his people. The Carpathians are convulsed with a wave of uprisings. The aristocracy uses its military might to try to kill Dovbush and destroy his legend. But Dovbush outwits them. The desperate lords devise a devious plan and attack the invincible outlaw's Achilles heel - his love for his childhood sweetheart, Marichka. Who will be the assassin to attack the Opryshko whose immense strength and bravery inspired folk tales? Will the lords' treacherous plan destroy the hero before he can lead his people to freedom?",120,3254700,0,2023-08-24,Released,4.393,7.6,24,,/85HSmdR9xW0PJdnPsn8KaUfZPGI.jpg,/AqLFZK2nykm6oURXFRHjOaAssqn.jpg,,https://www.youtube.com/watch?v=Rvh36mLq_kY,[],1,0,[],,,[],[],[],
26243,636362,Kyungmi’s World,경미의 세계,,"7 years ago, an aspiring actress Suyeon came to Seoul after losing touch with her family, and is barely surviving by playing minor roles and chores in a small troupe. Then one day, Suyeon receives a call from Tongyeong and goes down there.",108,0,0,2023-09-20,Released,0.701,5.5,2,,/p4UBUCwwBagV1BwCwWU5QUreZne.jpg,/iiXXsRTuoljS0SJOQml6jhImaSq.jpg,,,[],1,0,[],,,[],[],[],
25797,1211332,Play Dead!,Fais le mort !,,"If there is one person Matthew Lancit can’t get out of his mind, it is his uncle Harvey. Dark rings around his eyes, pale, blind, his legs amputated. Like Harvey, the filmmaker also suffers from diabetes. He has the disease under control, but one question is always nagging at him: How much longer? His long-term (self-)observation reliably revolves around fears of infirmity and mutilation. He translates the feared body horror into film, stages himself as a zombie, vampire, a desolate figure. Lancit playfully anticipates his potential decline, serving up a whole arsenal of effects which – as video recordings prove – go back to his youth. It is not for nothing that the “dead” in the title is also reminiscent of “dad.” Because “Play Dead!” also negotiates his own role as a father.",80,0,0,2023-10-08,Released,1.074,10.0,1,,/2Yb1QFkG5SgTW1nfbIgNk8FzjNs.jpg,/duQfzj1hte0dZX3pxUcvU8gg6i4.jpg,,,[],1,0,[],,,[],[],[],
28016,1186139,Sisters of Wrestling,Celles qui luttent,,"Sisters of Wrestling paints an intimate portrait of Azaelle, LuFisto and Loue O'Farrell, three ring warriors for whom wrestling is both a passionate love and an outlet from everyday life.",68,0,0,2023-11-17,Released,0.542,8.0,1,,/6EQUuXTFoBogKgEEY4SPXKTgUqS.jpg,/kYOh1GFeWmwHNjYvDWwCV76kiH6.jpg,https://www.youtube.com/watch?v=K1or23fazd0,,[],1,0,[],,,[],[],[],
10346,1424506,كيموكازي,كيموكازي,,,0,0,0,,Released,0.0,0.0,0,,,,,,[],1,0,[],,,[],[],[],
18977,1424948,Tell Me About The Willy Wallies,Tell Me About The Willy Wallies,We've all got dirty laundry.,"Melvin, a writer, refuses to acknowledge his old characters at a job interview, prompting these characters to manifest themselves to complain.",5,0,0,2024-12-12,Released,0.485,10.0,1,,/zsDcGEuJBHay3EfR8D56JQk6qr3.jpg,/9lJuR9Z4GDhZyrywXLLje4949Lu.jpg,,,[],1,0,[],,,[],[],[],
7390,1394159,Black Raven,Black Raven,,These are the witnesses of Joseph Stalin's Holodomor Genocide of Ukrainians in 1932-33. Each persevered through horror. Each confronted death and struggled to survive to keep Ukraine's history and culture alive. This documentary exposes the secret that murdered millions.,40,0,0,2024-11-23,Released,0.557,0.0,0,,,,,,[],1,0,[],,,[],[],[],
23496,1070374,A Nashville Legacy,A Nashville Legacy,Life Is The Melody. Love Is The Beat.,"When Naima meets Damian after she moves to Nashville to uncover secrets about an undiscovered music group, they begin sharing their love for music and their desire to leave their respective marks on the world.",84,0,0,2023-02-26,Released,1.596,7.0,3,,/dj8H6rFAXPxhCZVEU2VItW1r3Hf.jpg,/mYuUXkTyaA9KwocfJBrmqYDZLDw.jpg,,https://www.youtube.com/watch?v=OmQBtG8tNDg,[],1,0,[],,,[],[],[],
6940,1395101,Sleep Token: The ‘24 Birmingham Ritual,Sleep Token: The ‘24 Birmingham Ritual,Birmingham gathers in worship.,"Sleep Token perform during their UK tour live in Birmingham, England.",90,0,0,2024-11-28,Released,0.964,0.0,0,,/50GILQNC4tm0wKJRU3NfSfJD7OJ.jpg,,,,[],1,0,[],,,[],[],[],
5879,1397964,A Dance,En dans,,A dance you will never see,5,0,0,2024-12-06,Released,0.477,0.0,0,,/quW48FxAduiDsHDRStUkav0LPQv.jpg,,,,[],1,0,[],,,[],[],[],
6491,1398859,Judith Hill: Studio Live Session 2024,Judith Hill: Studio Live Session 2024,,,0,0,0,2024-12-01,Released,1.002,0.0,0,,/3ApuFav5AE6Kn3FwJTIYCfcB2Gi.jpg,,,,[],1,0,[],,,[],[],[],
13973,1186274,Goldilocks and the Three Bears: Death & Porridge,Goldilocks and the Three Bears: Death & Porridge,You know her name. You know the consequences.,A group of friends on a rural getaway must fight for their lives against vengeful masked versions of the fairy tale characters.,83,0,0,2024-06-05,Released,5.271625,6.0,4,,/42C0Yq0TwqMUIWOBPNJ53mwWqyh.jpg,/zkjaw6CmR3UVNTZfNfAHGbYRAzv.jpg,https://www.youtube.com/watch?v=5MfYIOPf94w,https://www.youtube.com/watch?v=x3s7uCRNwIg,[],1,0,[],,,[],[],[],
17750,1111593,Enten Füttern,Enten Füttern,Who is Joel really and where is his baby stroller,"When 30y/o Joel returns to the stairwell, he freezes in shock. His baby stroller is gone.",18,2000,0,2024-03-13,Released,0.204,7.0,1,,/4fQ8JexDvTFTuYYKLlTP29nsUcp.jpg,,,,[],1,0,[],,,[],[],[],
19878,989017,Waltair Veerayya,వాల్తేరు వీరయ్య,#Poonakaalu Loading...,"A notorious smuggler Waltair Veerayya is hired by a CI Seethapathi, reaches Malaysia with the ostensible mission of kidnapping a drug mafia leader named Solomon, who escaped India after wreaking havoc on the RAW agents and local policemen. Veerayya manages to pummel Solomon, who is fiercely protected by his ruthless gang-lord brother Kaala. Tables are turned, when Veerayya reveals that he shares a turbulent past with Kaala & an ACP Vikram Sagar who is hell-bent on ending his smuggling activities.",160,0,0,2023-01-13,Released,8.189,5.4,27,,/g4mx225pbBH5i0KSjc3t1pO5hIy.jpg,/4JgZdSxx0YOwUx4cdokGgD9o4fE.jpg,,https://www.youtube.com/watch?v=AIdMYKIrHFw,[],1,0,[],,,[],[],[],
24071,1096733,The Man Who Stole the Scream,The Man Who Stole the Scream,,"The true story about the master thief who stole Edvard Munch’s iconic painting ‘The Scream’ – told by himself! A witty and wildly entertaining film about boyhood dreams, lost friendships and one of the world’s most famous works of art.",97,0,0,2023-03-17,Released,1.752,6.0,1,,/ngL6RkDjejzafwlshUPRFgh2iOt.jpg,/eLE9F2qZNRYp7Rya3NeiqFIrX7d.jpg,,https://www.youtube.com/watch?v=F9dNPOysYTI,[],1,0,[],,,[],[],[],
22332,1061668,Waking Up in Silence,Прокидаючись у тиші,,"A summer’s day in a former German military barrack: children forced to flee Ukraine have found refuge here. In their games, they discover military symbols from the past and link them to their experiences.",17,0,0,2023-02-20,Released,1.67,7.5,2,,/6XJE5rwbGohkVjqQCOTcb8L6o09.jpg,/mlBpDy2fZt1CtLPrP0b9WLTznsr.jpg,,https://www.youtube.com/watch?v=DRFypEAe11Y,[],1,0,[],,,[],[],[],
250,991494,The SpongeBob Movie: Search for SquarePants,The SpongeBob Movie: Search for SquarePants,,SpongeBob travels to the depths of the ocean and faces off against the ghost of the Flying Dutchman.,0,0,0,2025-12-19,In Production,13.501,0.0,0,,/mwoQShS32Xgspr9nHQRYo7n9uwk.jpg,/zOFaPrU8iuVvmsTXjGfXkeitVAM.jpg,,,[],1,0,[],,,[],[],[],
4613,1404491,Behind The Maestro,Behind The Maestro,Editor's Life,"Observing the behind-the-scenes experiences full of stories, film editors struggle alone in silence, facing time pressure and demands for perfection, as they try to maintain mental balance amidst the endless routine.",0,0,0,2024-12-18,Released,0.649,0.0,0,,/loUgpE8k1RYdUScqkibggJJwdBQ.jpg,/ij37QsTglZO00K53EEc9QFKWeQz.jpg,,,[],1,0,[],,,[],[],[],
8267,1420592,La Sombra,La Sombra,All together now!,"A young man argues with his friend thanks to ""la sombra"".",0,2,0,2024-11-15,Released,0.371,0.0,0,,/otWBkMR8FFlxZcPeqvgctad48r5.jpg,/yiMlSJPoqgmhTKtfUU1TJ31FlWI.jpg,,https://www.youtube.com/watch?v=YALy0meXBco,[],1,0,[],,,[],[],[],
21856,1085648,Romantic Friction,Romantic Friction,,Book-cover artist Leanna pretends to be the elusive author of a hit romance novel that was secretly written by snobbish literary novelist Michael. She doesn’t expect to find love herself.,90,0,0,2023-06-29,Released,1.596,6.0,5,,/qJhlQA2rGv8W3TocOSa7hCINVZ1.jpg,/lraNqLz3Ioxz4sA6g8J66ryR8xN.jpg,,,[],1,0,[],,,[],[],[],
20471,1162457,Sisters,Sisters,,"After losing their mothers at a young age, Diamond and her closest cousins, Tia and Tara, known as ""Sisters"", are willing to do anything to keep their grandmother from dying of cancer and save their family.",95,0,0,2023-08-03,Released,7.965,6.7,3,,/9l2Kf8Q3H50gyzYHqTQh7XcT5Hk.jpg,/aGE0fghzwkO7PclKtBDRbKRDaXS.jpg,,https://www.youtube.com/watch?v=BiO4HPFot1Y,[],1,0,[],,,[],[],[],
6743,1323837,Left Out to Dry,Left Out to Dry,"A short documentary about homelessness, where one person attempts to live on the street.","A documentary that follows one man who attempts to live on the street, while interviewing the homeless people of Southampton and recounting his own experience.",0,500,0,2024-11-30,Released,0.459,0.0,0,,/hUjWHYCdE6qx99uI1ZDPvtFqhme.jpg,/l059JWQYD028cwemNgOWnz9PqPn.jpg,,https://www.youtube.com/watch?v=9R8inYeYkFk,[],1,0,[],,,[],[],[],
20278,1035705,8 Found Dead,8 Found Dead,"F*ck whodunnit, it's who survives.","Two couples drive to a secluded house in the desert for a weekend getaway, each with their own baggage, expectations, and secrets. Upon their arrival, they’re met by two strangers, claiming to have rented the house as well.",83,0,0,2023-09-08,Released,6.03,4.8,7,,/tSJKiMXE04YkaYG2zPIMQcbMXc3.jpg,/itM9IF5H0CASYtYuHc53PWWWgQ8.jpg,,https://www.youtube.com/watch?v=Q69QSCVvm9Q,[],1,0,[],,,[],[],[],
12905,1226886,Bhimaa,భీమా,,"When mysterious occurrences plague a closed Shiva temple at Mahendragiri, a fearless and dynamic cop Bhimaa quests to unravel and confront the sinister truth hidden in the shadows and the revelations behind strange happenings in the village, supported by spirits.",141,0,0,2024-03-08,Released,1.3211249999999999,2.7,3,,/fdaob8wA5SkeGnKA0LrpWb14TFy.jpg,/uqkFwYwFicbh9F5MbHNnp5kKmFH.jpg,,,[],1,0,[],,,[],[],[],
23309,913420,Therapy Dogs,Therapy Dogs,High school never ends.,A chronicle of the last year of high school as two friends set out to make the ultimate senior video.,83,0,5393,2023-03-10,Released,1.981,7.6,7,,/y0wQerKU1vg52yyTS5TIvdUzqod.jpg,/65PyAqQ0pTBDe0j1Pqqnj0usssN.jpg,,https://www.youtube.com/watch?v=0w7kZ7B5TPs,[],1,0,[],,,[],[],[],
24825,1127217,1943,1943,"""How Far Would One Go""","From the director of ""Eden Prime,"" ""Hardline 2nd Term,"" Kennedy Lucas' next thriller expands to the era of the 1940s, when Detective John Clark uncovers the murder mystery of young impressionable women in the heart of Hollywood.",81,90000,0,2023-09-26,Released,1.429,3.0,1,,/c8MaMcTTSJc8bpVZnZTRh6gWVD6.jpg,,,,[],1,0,[],,,[],[],[],
10370,1424518,Carl. Der Live Musikfilm,Carl. Der Live Musikfilm,,,0,0,0,,Released,0.0,0.0,0,,,,,,[],1,0,[],,,[],[],[],
23398,1159324,Secrets of the Supermarket Own-Brands,Secrets of the Supermarket Own-Brands,,"Denise Van Outen reveals the truth behind who really makes the supermarkets' own-brands, digs into the alternatives, and names big brands that also make the budget own-label option.",47,0,0,2023-07-31,Released,2.205,5.0,2,,/5QZK2M7ToqTCI6oIpY8HB09Fn2G.jpg,/jTQWIV6sAKKWbOXxj0quXOBpO0y.jpg,,,[],1,0,[],,,[],[],[],
7040,1405260,Алматы? ОК жить со смогом?,Алматы? ОК жить со смогом?,,,0,0,0,2024-11-27,Released,0.595,0.0,0,,/6zBQZzW5waDcj5I3FBr3YcpthDo.jpg,/zicf84hLJCV10VvwsiIsQAPOIEV.jpg,,,[],1,0,[],,,[],[],[],
2604,1417992,Juste un Nom de Plus,Juste un Nom de Plus,,,0,0,0,2025-01-17,Released,0.1,10.0,1,,/qDk6n1HWNgpN7pKanzu0bIXKx32.jpg,/yiCD4bdkHQsBGZnbiWlE8RfreeY.jpg,,,[],1,0,[],,,[],[],[],
12179,1205520,Tabby McTat,Tabby McTat,,"Busker Fred and his cat Tabby McTat entertain and delight passersby with music across London. One day, Fred falls, injures his leg, and is whisked away in an ambulance, leaving Tabby alone on the city's streets.",25,0,0,2024-02-23,Released,0.866375,4.8,5,,/o8Ob85i772akIhwUlkBWpu5yRUu.jpg,/8km79KrqM0WzV9JNmU905vnRTf9.jpg,,https://www.youtube.com/watch?v=77-G2wXK1Fg,[],1,0,[],,,[],[],[],
22665,936002,Doctor Jekyll,Doctor Jekyll,A modern twist on the classic horror,"Recluse Dr. Nina Jekyll befriends with her newly hired help, Rob. They must work together to prevent Hyde from destroying her life.",89,625000,21524,2023-10-27,Released,2.583,4.9,8,,/lwGZ7S2KiRJBLIgmqh8MCAAx0Px.jpg,/p5Bi3MszB4omY0CXeYZa0NPzf9c.jpg,,https://www.youtube.com/watch?v=nBDqHI7gAvo,[],1,0,[],,,[],[],[],
2140,1400783,Seeds,Seeds,,"A look into the lives of Black generational farmers, unveiling the challenges of maintaining legacy and the value of land ownership.",125,0,0,2025-01-25,Released,14.11,0.0,0,,,,,,[],1,0,[],,,[],[],[],
7591,1370593,Unearth,Unearth,,"In the pristine Bristol Bay area of Alaska, two sets of siblings are alarmed when they learn of plans for the proposed Pebble Mine in the vicinity of their homes. The Salmon sisters, Native Alaskans, work on the regulatory front – pushing the federal EPA to block the project, and remaining hyper-vigilant to political pressures that could shift at any moment. The Strickland brothers, independent fishermen who know they could be just one mine accident away from losing their livelihood, probe closed-door meetings to expose the truth behind what the developer tells the public. Together, the Salmons and the Stricklands remind us never to quit until Goliath has fallen.",93,0,0,2024-11-22,Released,0.657,0.0,0,,/zwtgXdAnid3RTgciYnMCxv7DQep.jpg,,,,[],1,0,[],,,[],[],[],
6640,1416427,O Outro Lado da Moeda,O Outro Lado da Moeda,,,0,0,0,2024-11-30,Released,0.431,0.0,0,,,,,,[],1,0,[],,,[],[],[],
12795,1203346,Queen Size,Queen Size,,"This morning, Marina has an appointment with Charlie to sell her a mattress. This evening, she will cancel her plane for Reunion. But they don't know that yet.",19,0,0,2024-11-01,Released,1.855,7.0,2,,/k7u7oc263kSYr4QFYguBuTyILQV.jpg,,,,[],1,0,[],,,[],[],[],
4668,1411811,Sugar Daddy Killer,Sugar Daddy Killer,She's gotta pay the bills somehow.,"Sasha has just ended a relationship with her boyfriend and is looking for a fresh start. Her friend Tonya tells her she needs to get a Sugar Daddy to forget about her boyfriend, and get her bills paid. Sasha starts dating a Sugar Daddy and decides she is going to scam him. When Sasha's Sugar Daddy wants more than conversation, she is forced to kill him. Now Sasha decides to start killing one Sugar Daddy after the next to get all the money she can.",75,0,0,2024-12-17,Released,0.579,0.0,0,,/qILhD6uxmYhNexvMHV8jdmdTLiR.jpg,/sNrBSSJguGeQCKkSpnVrRqo921c.jpg,,https://www.youtube.com/watch?v=IMvwgtSj3Bk,[],1,0,[],,,[],[],[],
3111,1386877,I Am the End of the World,Io sono la fine del mondo,,"Forced to come back to Palermo to take care of his elderly parents, a deadpan driver-for-hire takes advantage of the situation to get back at the rigid authority figures who ruined his teenage years.",90,0,6000543,2025-01-09,Released,0.778875,5.35,63,,/eyyAmXTFLYJY0WMZWYCr5bbOtsC.jpg,/3amhHtHYHXIhWfUf5bpm31mDWB7.jpg,,https://www.youtube.com/watch?v=xnmeTB3E4Yo,[],1,0,[],,,[],[],[],
12635,940247,Pierce,刺心切骨,,"Shy and sweet-natured Zijie spends his time learning the art of fencing and listening to his widowed mother, Ai Ling, sing at a local nightclub. When Zijie’s older brother Zihan – a three-time national fencing champion – is released from juvenile prison, Zijie remains intent upon seeing him, despite his mother’s wishes. As Zihan starts mentoring his younger brother, their bond strengthens. But as Zijie develops newfound skills as a fencer and a romance with his teammate blossoms, Zihan’s innocence becomes more questionable.",109,0,0,2024-11-07,Released,3.326,7.0,1,,/87yscLQThosHx2VwnUGX1LfmhCZ.jpg,/4ggd2yJ0YpWEpAwnJ75NUzByRkc.jpg,https://www.youtube.com/watch?v=FQgcG7I2aho,,[],1,0,[],,,[],[],[],
4725,1402778,PUNK CLT,PUNK CLT,,,0,0,0,2024-12-17,Released,0.584,0.0,0,,/9iobRhux3loqx72xfDx4rM5T89R.jpg,,,,[],1,0,[],,,[],[],[],
21487,968448,Mr. Ex,مستر إكس,,"Farid is an elusive individual renowned for his absence rather than his presence. He gained fame through the alias ""Mr. Ex,"" as he became sought after by men to assist in their marital separations. However, the situation takes an unexpected twist when Farid's former love, Tiba Al-Akkad, reemerges onto the scene.",104,0,0,2023-06-28,Released,1.928,4.2,6,,/pQlIYgHpQPIYtUruYMLuJlLQCU4.jpg,/uqQpCZjxACb30BXsN0z06dIRQsG.jpg,,https://www.youtube.com/watch?v=hJFryqrTxmU,[],1,0,[],,,[],[],[],
28563,1281868,CRISIS,CRISIS,,A man tries to find a moment of silence amidst the chaos of a busy city and his own troubled mind.,9,0,0,2023-04-07,Released,0.466,10.0,1,,/b6LO57ZI0kZdb7mvMt6IYZkk0Xy.jpg,/iXwJJL9Sd7grpBFnHvFGs16Hzk3.jpg,,,[],1,0,[],,,[],[],[],
31830,1436174,Twin Flames Part 2,Twin Flames Part 2,,"Aman and Naina's fateful meeting in the park has ripple effects, their personal lives go for a toss and now they must learn how to navigate through the mess.",18,0,0,2025-02-12,Released,0.11750000000000001,6.0,1,,/7fpYa1LOU0LiKE9Om5dhLiw7YLo.jpg,/o9lCfLp7EUnOCebyZI9xodmSFy1.jpg,,,[],1,0,[],,,[],[],[],
16773,1273574,Flora,Flora,,,0,0,0,2024-04-21,Released,0.436,6.0,1,,/dTm5WcLISdVZ5mknFITfLQMHFDm.jpg,/8rlbDLq9rHBbJhjVFiZ7rmxewng.jpg,,,[],1,0,[],,,[],[],[],
15676,1247136,Forest Killer,Lesní vrah,,"The film is based on real events – in 2005 Viktor Kalivoda murdered 3 random strollers he chanced upon in the forests in Czechia. The case received much attention for its lack of motive. After his arrest, Kalivoda confessed, but did not reveal his motive. The film will closely observe one year in his life leading up to the murders and his arrest.",0,0,0,2024-04-25,Released,0.629375,4.0,2,,/4ClbNd91Vgan3lCJtSQM75Rfxgy.jpg,/uDkxvVjQD1aTSIY6FcvUMUPXGuy.jpg,,,[],1,0,[],,,[],[],[],
26435,1034181,Ahimsa,టీజ‌ర్‌,,"Raghu (Abhiram Daggubati) is a farmer in a remote village and a follower of the principle of Ahimsa (non-violence) taught by Mahatma Gandhi, so much so that even when his girlfriend Ahalya (Geethika Tiwary) — who also happens to be his first cousin — calls for help after being molested, he delivers a moral lesson to the perpetrator in the importance of respecting women.",0,0,0,2023-06-02,Released,0.918,7.0,1,,/uPVS5dGVjKV11EKZRwo41iFLhe8.jpg,/nFn58BOjs1gtmTnXv4RuoDj2Bo7.jpg,,,[],1,0,[],,,[],[],[],
19005,845659,Perfect Addiction,Perfect Addiction,Passion. Determination. Obsession.,A female boxing trainer discovers that her champion cage-fighter boyfriend has been cheating on her with her sister and decides to seek revenge by training up his arch-rival to challenge him.,97,0,0,2023-02-16,Released,106.148,6.77,293,,/ucO3NFIvMff71cBRR5EgYXPKWMC.jpg,/sE6uilkTOIdg1zbZ3S8UKJ7Q9Av.jpg,https://www.youtube.com/watch?v=gT-zPqsaRhs,https://www.youtube.com/watch?v=FibtBUxV9hY,[],1,0,[],,,[],[],[],
22141,1084672,Coconut Head Generation,Coconut Head Generation,,"Every Thursday, a group of students from the University of Ibadan, the oldest in Nigeria, organizes a film club, transforming a small amphitheater into a political agora where they refine their vision and develop a critical voice. ""Coconut Head Generation"", a scornful expression to designate a stubborn and brainless youth, takes on a whole new meaning when the students turn this stigma around to claim their freedom of thought.",87,0,0,2023-03-24,Released,2.165,2.0,1,,/2BvYdRmzg5X0sObiZaNEyQcMXXm.jpg,/aXD8v63srUlwZYcvU63CGjmPynw.jpg,,https://www.youtube.com/watch?v=HET6N0TI4G0,[],1,0,[],,,[],[],[],
3653,1325795,The Perfect Club,El club perfecto,,"Diego and Mirko, initially rivals, become close friends and form a club with the most eccentric students in their class, united by their shared mission to steal exams. As they devise and execute a complex and risky plan, their bond deepens, forging a relationship that will shape their futures.",0,0,0,2024-12-31,Released,1.257,0.0,0,,/bemOkaHcvs38PaTt0wNRKmYmeEo.jpg,,,,[],1,0,[],,,[],[],[],
25321,1073204,Branded & Brainwashed: Inside NXIVM,Branded & Brainwashed: Inside NXIVM,,"At first glance, it seemed completely innocent: Keith Raniere’s self-help group had numerous celebrity and everyday devotees. All were looking to improve their lives. But among the group’s inner sanctum something much more sinister was at play. Driven by lust, greed, and a desire to dominate, Raniere blackmailed, brainwashed, and branded handpicked female members who he subjugated and pushed into sexual slavery. Join us on a two-hour journey into the origins of a 21st Century cult.",85,0,0,2023-01-25,Released,0.554,5.0,2,,/oJWOSVRdtempTqZpp4rnx9VI49i.jpg,,,,[],1,0,[],,,[],[],[],
29723,812025,The Silent Twins,Silent Twins,Imagination will set you free.,"June and Jennifer Gibbons are twins from the only Black family in a small town in Wales in the 1970s and '80s. Feeling isolated from the community, the pair turn inward and reject communication with everyone but each other, retreating into their own fantasy world of inspiration and adolescent desires. After a spree of vandalism, the girls are sentenced to Broadmoor, an infamous psychiatric hospital, where they face the choice to separate and survive or die together.",113,0,186425,2022-09-16,Released,9.134,6.7,57,,/44zhSoVvpLDye6rJmU63TIpasUg.jpg,/wxPzRa4mxe6zNgJgi9ZZlbhWco.jpg,,https://www.youtube.com/watch?v=lEN2rk__Xms,[],1,0,[],,,[],[],[],
24420,1047703,Sincerely Truly Christmas,Sincerely Truly Christmas,,"When a magical Christmas wish goes wrong and inadvertently gives Christina the ability to hear what gifts everyone wants for the holidays, she quickly learns that convincing reclusive one-hit wonder, Dan Copren, to step back into the limelight could make a lot of people happy. But to get to Dan, Christina must first link up with her handsome realtor, Robert, and help him figure out his son Oliver’s ever-changing Christmas wish list.",90,0,0,2023-12-03,Released,1.31,5.7,3,,/e55FWDc6UDKUoGrAv3mXPfFUZGF.jpg,/ZmRyY6YrHg7AQoc3JDuPM4vpkq.jpg,,https://www.youtube.com/watch?v=eXab_L2fSJc,[],1,0,[],,,[],[],[],
7719,1374716,Jōhatsu,Jōhatsu,,A ship explodes. A man dies. A man disappears without a trace. Is it an accident or a cover-up for something darker?,83,0,0,2024-11-21,Released,3.994,0.0,0,,/99lopVh3AmDfui2q6dEKb6VidbL.jpg,,,,[],1,0,[],,,[],[],[],
14301,1363270,It's rolling like a tomato,Ça roule comme une tomate,,"After mysteriously turning into a tomato, Israël must survive to his family and colleagues.",4,20,0,2024-05-24,Released,0.325,7.0,1,,/mXt3X9Dav0011raHssucTTrPjnA.jpg,/nmbU7LpOSyMlsLOfJ3UkYiMVPTb.jpg,,,[],1,0,[],,,[],[],[],
23640,1078597,How the Holocaust Began,How the Holocaust Began,,"Historian James Bulgin reveals the origins of the Holocaust in the German invasion of the Soviet Union, exploring the mass murder, collaboration and experimentation that led to the Final Solution.",60,0,0,2023-01-23,Released,1.768,6.3,9,,/xRWnysAXLdx65t7MIn6xn7ORoJI.jpg,/akxBjaM0C92noI6P4OQlOSh4Knf.jpg,,,[],1,0,[],,,[],[],[],
4312,1405858,John Mayer SOLO live in Amsterdam - 21-22 March 2024,John Mayer SOLO live in Amsterdam - 21-22 March 2024,,"""The set list is merely a guide"" for John on these two beautiful nights in Amsterdam, during his impressive European Solo Tour. Returning to the city for the first time in more than four years, John is embraced by the crowd as they test his ability to bring out the deep cuts.",177,0,0,2024-12-21,Released,0.986,0.0,0,,/g34NKn0pfMCtvkuZl5pmMIXMRq9.jpg,,,,[],1,0,[],,,[],[],[],
15833,1115104,Your Fat Friend,Your Fat Friend,,"Charting Aubrey Gordon's journey from anonymous blogger to NY Times bestselling author and podcast host, and the complexities of making change. It’s a film about fatness, family and the deep, messy feelings all of us hold about our bodies.",94,0,0,2024-02-09,Released,0.491,7.2,4,,/zMZBGCyKKZp6mfAu5JyN8FdRMSc.jpg,/kAzbxatfQMOn7KjWradPuMbfYej.jpg,,https://www.youtube.com/watch?v=129jDHUholw,[],1,0,[],,,[],[],[],
9298,1228693,Mura,മുറ,,"In Trivandrum, four inseperable friends, from raw, rustic background Anandhu, Saji, Manu, and Manaf plan the ultimate heist, their one shot at turning dreams into reality. But as they dive deeper, shadows from the past surface, unraveling hidden motives and testing loyalties in ways they never saw coming. When friendship clashes with ambition, how far will they go for revenge?",129,0,0,2024-11-08,Released,1.461125,4.2,3,,/7UOVrVNUK1fYqOVcapM0cJz1l8A.jpg,/dCXyK3ZjUZPwvZejV4vjzhzv8Dp.jpg,,https://www.youtube.com/watch?v=btEgr48QE2I,[],1,0,[],,,[],[],[],
19798,1073170,Zoey 102,Zoey 102,Saving the date since 2008.,Pacific Coast Academy alumni return to Malibu for an over-the-top wedding that turns into a high school reunion for the books.,101,0,0,2023-07-27,Released,12.817,6.9,177,,/liVS0KJMviz4iOfbrZkLqdCzBIp.jpg,/tXkIqZL1GnDymT1M8WMXfLzC1qa.jpg,https://www.youtube.com/watch?v=KyShbt04eyY,https://www.youtube.com/watch?v=wiyYE1G6n-M,[],1,0,[],,,[],[],[],
5170,1318714,Saint Lucia,Sankta Lucia,"You lived through Midsommar. Now, prepare for the winter...",A slasher film centered around the Swedish celebration of Saint Lucy's Day.,72,0,0,2024-12-13,Released,1.942,0.0,0,,/hFwkbNe7HmYioouwPEBhmt1DO8F.jpg,/jU2fYOWtU0AkZKt15zfGodrGPBg.jpg,,,[],1,0,[],,,[],[],[],
30686,100388,Walky Talky Hawky,Walky Talky Hawky,,"Young Henery Hawk's father regretfully admits their family's shame: they hunt and eat chickens. Henery set off to find one, and comes across Foghorn Leghorn, where the loudmouth rooster is engaged in his favorite pastime, playing tricks on grumpy Barnyard Dog.",7,0,0,1946-08-31,Released,5.065,7.1,31,,/pQNUp6XekpcC7p7VC90BYnMfPp9.jpg,/a5uDwQ5Az3eYK5tCnLCowZTzgIR.jpg,,,[],1,0,[],,,[],[],[],
29641,888321,Corsage,Corsage,"No pain, no reign.","A fictional account of one year in the life of Empress Elisabeth of Austria. On Christmas Eve 1877, Elisabeth, once idolized for her beauty, turns 40 and is officially deemed an old woman; she starts trying to maintain her public image.",114,7580600,3092534,2022-07-07,Released,8.531,6.2,212,,/bhS9oqoJdMSoejB8keZpg9G5uVC.jpg,/p9R163gjE6Z5g4eWY1qnvU4vbW2.jpg,https://www.youtube.com/watch?v=z43gaGYyD9s,https://www.youtube.com/watch?v=wBb8vvOCiN8,[],1,0,[],,,[],[],[],
15570,1274250,Llamen a un adulto (Sepiaexperimental),Llamen a un adulto (Sepiaexperimental),,,0,600,0,2024-04-12,Released,0.118,10.0,1,,/AowQ3L60W305kGevZswwsO82KVU.jpg,/zKrh8izPRs15MjObDJRPQQJ9yvV.jpg,,,[],1,0,[],,,[],[],[],
5803,1419106,A Origem dos Pássaros,A Origem dos Pássaros,,,0,0,0,2024-12-06,Released,0.7,0.0,0,,/nyu2gF4hil3mFszeXYGfBYyOmqg.jpg,,,,[],1,0,[],,,[],[],[],
8678,1391257,Fortuna,Fortuna,"“Fortuna,” a satirical portrait that follows the friends and co-directors as they reckon with the possibility of becoming millionaires.","Two Brooklyn filmmakers make a personal documentary about playing the lottery. Stephanie Ibarra and Anna Torzullo direct and star in “Fortuna,” a satirical portrait that follows the friends and co-directors as they reckon with the possibility of becoming millionaires.",22,0,0,2024-11-13,Released,0.365,0.0,0,,/7nnxp04XTy4hQ75mjl9h01tFAsb.jpg,,,,[],1,0,[],,,[],[],[],
15986,1281245,Imogen,Imogen,See You Soon,"When a group of delinquents inadvertently unleash a malevolent spirit, they must unearth its intentions and find a path to survival. If that path even exists.",25,2150,0,2024-05-09,Released,1.04,10.0,1,,/qni5QqWr1YxnutBUeVmBcyi1bjy.jpg,/aD3C7q8YApGtNzZTn30T4jx8Wjo.jpg,,,[],1,0,[],,,[],[],[],
9011,1388701,Double Tap,Double Tap,,A short suspense thriller film.,0,0,0,2024-11-09,Released,0.58,0.0,0,,,,,,[],1,0,[],,,[],[],[],
30762,44214,Black Swan,Black Swan,Perfection is not just about control. It's also about letting go.,"The story of Nina, a ballerina in a New York City ballet company whose life, like all those in her profession, is completely consumed with dance. She lives with her retired ballerina mother Erica who zealously supports her daughter's professional ambition. When artistic director Thomas Leroy decides to replace prima ballerina Beth MacIntyre for the opening production of their new season, Swan Lake, Nina is his first choice.",109,13000000,329398046,2010-12-03,Released,58.918,7.7,14572,,/viWheBd44bouiLCHgNMvahLThqx.jpg,/eDLp4uFdqP1gpy9oMrutwH6Q64I.jpg,https://www.youtube.com/watch?v=Gd8Sl0TgizE,https://www.youtube.com/watch?v=A9ZcOeHWrSc,[],1,0,[],,,[],[],[],
14587,1313984,Thailand Most Viral Vlogger 2,Thailand Most Viral Vlogger 2,Thailand Most Viral Vlogger 2,"From love pride parade to the strain hunters of Thailand. A vlogger makes its journey from the side hustle streets of Bangkok, covering the lost gems of Pattaya beaches and the mystical wonders of valuable antiques, amulets and significant temple paintings.",56,100000,100000,2024-07-14,Released,1.819,9.0,1,,/wgFNP9pRdZ8U5p9A3PdHpfP7OWx.jpg,/swu7cOUkEnMLEQnQ4yoCx3Lkklg.jpg,,https://www.youtube.com/watch?v=EpfYKTc48AI,[],1,0,[],,,[],[],[],
679,1355763,The Bell,The Bell,"Once it rings, you're too late",A young woman returns to a special place from her childhood.,0,0,0,2025-06-04,In Production,0.202,0.0,0,,/b9dgsrcS7hNkVHElxI2wBhG7YEq.jpg,,,,[],1,0,[],,,[],[],[],
19584,1165223,My First Barbie: Happy DreamDay,My First Barbie: Happy DreamDay,,"Sing along with Barbie, Barbie, Teresa, and Renee in this musical adventure as they plan the biggest surprise birthday party ever for Barbie’s sister, Chelsea.",40,0,0,2023-02-01,Released,12.39,6.1,17,,/zUGDo9luTIyiVfPVEmKGa55pIJa.jpg,/xxJz6UTAP8IFezhglDtzcfK7rTp.jpg,,https://www.youtube.com/watch?v=qb7Tt5v9vvA,[],1,0,[],,,[],[],[],
27718,1251432,Doru: Adventure Island,Doru: Macera Adası,,Doru and his friends play games to determine who’s the king of the jungles.,62,0,403331,2023-08-30,Released,0.578,5.5,2,,/5NClwuo4kOQLKinyaFHJL4ejypZ.jpg,/3akBKJBLtoWP7Wi2O16OFTZptCj.jpg,,,[],1,0,[],,,[],[],[],
12138,760147,Silvio,Silvio,Within a chest lies a multitude of secrets.,"Just 12 hours after having his daughter in the custody of a kidnapper, the influential communicator Sílvio Santos faces an even more complicated obstacle: his home is invaded and he is held hostage for seven hours. Realizing that his life is at risk, he seeks refuge in the distant thoughts of his entire trajectory, which began when he was just a 14 year old teenager working as a street vendor.",114,0,0,2024-09-12,Released,2.516375,4.0,10,,/ft36ggqoFPYPO3qFBaEJlOT5Epn.jpg,/dT1SU5KyCFkqwLh1evf87CsJQvy.jpg,,,[],1,0,[],,,[],[],[],
21053,1180248,Bye Bye Barry,Bye Bye Barry,The greatest mystery in sports history.,"When NFL superstar Barry Sanders vanished at the height of his career, he left the NFL world in shock. He was still in his prime, chasing the all-time NFL rushing record when he boarded a flight to England and never stepped foot on the field again. Now, 24 years later, Barry retraces his steps through the streets of London to finally confront the mystery.",93,0,0,2023-11-20,Released,3.593,8.1,16,,/bAS05MBhwnkNZi2ksMK6oZhWU6p.jpg,/zgeoMjGEKStumT0tcY4atSPw2Mv.jpg,https://www.youtube.com/watch?v=sR9cLDlcnVU,https://www.youtube.com/watch?v=kU-zXyOLQNo,[],1,0,[],,,[],[],[],
2018,1403499,Ragamuffin,Ragamuffin,Rub some dirt in it.,"A 12-year-old motocross racer spends what seems like an average race weekend at the track with her father. But as things unfold, she’s faced with her identity, her deafness, and what it means to be a girl.",14,0,0,2025-01-27,Released,28.742,0.0,0,,/yhjKYd6aTzboCbJrBwMZXJCVist.jpg,/cZNznFxNjJnY8H0f8iOZrPhtlH1.jpg,,,[],1,0,[],,,[],[],[],
22402,647003,Alien Nights,Noites Alienígenas,,"Rio Branco, Acre, an Amazon city near the border with Peru and Bolivia, has been suffering the violent impacts of recent changes in trafficking routes, which have arrived with violence in the Brazilian Amazon. In this scenario, the lives of three young childhood friends intertwine and ultimately, they find themselves in a common tragedy.",91,0,0,2023-03-23,Released,2.494,6.7,13,,/rkwOj1Ex2EjgYkfkuXbjr9lRsxU.jpg,/taFnafHKcVacP8RApee1qJVt5iU.jpg,,https://www.youtube.com/watch?v=kn1CYxSuplM,[],1,0,[],,,[],[],[],
3066,1418476,Abel F#cking Rebel,Abel F#cking Rebel,Abel Fucking Rebel,"An office worker trapped in a monotonous life cycle begins to question his future after realizing that his colleague reflects the bleakest version of himself, prompting him to seek back the meaning of life through a moment that changes everything.",5,185,0,2025-01-09,Released,0.65,10.0,1,,/h6AoC9T1a8TO5AwK1D2QTsLIQ0d.jpg,/6ZR0yeBIyinpPI2I1ONzHRzp3fN.jpg,,,[],1,0,[],,,[],[],[],
4838,1386844,I Keep My Eyes Closed,I Keep My Eyes Closed,short,"In a bustling city of strangers, a young woman embarks on a soulful journey, finding inspiration in unexpected places, and glimpses of a lost love that guides her toward self-discovery and purpose.",3,300,0,2024-12-16,Released,0.933,0.0,0,,/WJ5mD6F5ROUTlOWsJgFFKY585T.jpg,/tyTmU2WAdYvyLFMkt8auM7qdSuI.jpg,,,[],1,0,[],,,[],[],[],
29544,1006851,Office Invasion,Office Invasion,,Three friends come together to defend their valuable mining company from…aliens?! What could possibly go wrong?,112,0,0,2022-08-10,Released,15.0,5.5,109,,/khcVwO0gwguC1CndbxtH1bzk4aj.jpg,/bL7VIHQ4Nl0hZMw8ZeX6byoEEZJ.jpg,,https://www.youtube.com/watch?v=SVKZN80kmsk,[],1,0,[],,,[],[],[],
9124,1372809,Cinemas de Verdade,Cinemas de Verdade,,,0,10,0,2024-11-09,Released,0.848,0.0,0,,/bcM4908Yi3iHih377mZuzHN2IWL.jpg,/miJ0mTar0elYtlGp5mlqYK5lGEA.jpg,,,[],1,0,[],,,[],[],[],
4730,1402711,Ao acender das Luzes,Ao acender das Luzes,,,0,0,0,2024-12-17,Released,0.846,0.0,0,,/aACVdXbLsnhM5T8Cnz4e84bt6eU.jpg,/c9N1fgvb3DQVjytpQKKAp867Xb0.jpg,,,[],1,0,[],,,[],[],[],
8481,1391827,I Don't Even Know How To F****ing Airwalk,Polar Skate Co. - I Don't Even Know How To F****ing Airwalk,,A film composed by Pontus Alv.,24,0,0,2024-11-14,Released,0.288,8.0,1,,/hpjEiCFXvMBTHYnBkyJrWY5VHyF.jpg,/qmVgcKPjh2L7zTs2Am00JpDPiB7.jpg,,,[],1,0,[],,,[],[],[],
24027,1193108,Binged to Death,Binged to Death,,"When an obsessive single woman and her best friend learn that their favorite reality show couples have broken up, they abduct them and subject them to a series of cruel games, all with the hopes of rekindling their favorite TV romances.",79,3000000,0,2023-10-17,Released,1.268,1.0,1,,/4QXaXy07mgXx3i83BlDqVyl1Yml.jpg,/aX3Wy4EKzckktHul0kzD31zJ2nA.jpg,,https://www.youtube.com/watch?v=_SJqRcM3X-I,[],1,0,[],,,[],[],[],
624,770218,Apne 2,अपने 2,,Upcoming hindi movie,0,0,0,2025-06-26,Planned,0.854,0.0,0,,,,,,[],1,0,[],,,[],[],[],
20068,727414,Light Light Light,Valoa valoa valoa,,"Mariia visits her childhood home and reminisces about the summer of 1986, when a girl named Mimi arrived in the small village and filled the life of the then 15-year-old Mariia with light.",87,0,0,2023-10-13,Released,8.759,6.57,7,,/hzdSHEFJRZgSeXKv7hRSQY4lf4N.jpg,/w13GDykcLuN7piwzcGYYMmYXcAh.jpg,,https://www.youtube.com/watch?v=mx5iTgT6b98,[],1,0,[],,,[],[],[],
21876,1142109,Fly Me to the Saitama: From Biwa Lake with Love,翔んで埼玉 ～琵琶湖より愛をこめて～,,"People of Saitama Prefecture, who have been persecuted by Tokyoites for a long time, stand up for their freedom. Thanks to Momomi Hakuhodo (Fumi Nikaido) and the Saitama Liberation Front, laissez-passer is abolished. The people of Saitama Prefecture can once again enjoy their peaceful daily lives, but the Saitama Liberation Front heads toward its next goal. This leads to a big case.",117,0,0,2023-11-23,Released,3.707,6.5,2,,/o4heiOu8rCZ22VCicX8W6YAeTLM.jpg,/eJw3lBeOCKvO79m97Ee30ntOLZa.jpg,,,[],1,0,[],,,[],[],[],
17973,1233901,La Roche,La Roche,,The ascend and mental battle of Marc Rochat into the elite world of Slalom skiing.,28,15000,0,2024-01-20,Released,0.1,7.0,1,,/mi5zSx0ZvR05I8FyiS0OxdLJHlj.jpg,,,,[],1,0,[],,,[],[],[],
10861,1148172,Do Patti,दो पत्ती,A truth hidden in every lie.,A puzzling investigation leads a no-nonsense cop down a dark path involving the vicious rivalry between twin sisters and the volatile man they both love.,128,0,0,2024-10-24,Released,8.546,7.1,42,,/cqStHxRVUtFNaNnJtieHeXIackv.jpg,/5IGIFbHmRLWaAvaJ7DYen2jiJHW.jpg,https://www.youtube.com/watch?v=5IS2OoyBmeM,https://www.youtube.com/watch?v=i4uHAM1BF6M,[],1,0,[],,,[],[],[],
7472,1410920,The Tree,El Árbol,"When the last one is cut, what's left to save?","When a young teenager crosses paths with a mysterious tree, it will be up to him to face dangerous corporates who will want to bring it down.  Original short film submitted to the One Earth Young Filmmakers Contest in the Environmental Films category.",6,200,0,2024-11-22,Released,0.552,0.0,0,,/3nSEVTc0CpMMa0VkK94u8qwUOnR.jpg,/w79CTPBwxAIjvAnjJKxVjSYAMqS.jpg,,https://www.youtube.com/watch?v=Ff2FTkGmpBw,[],1,0,[],,,[],[],[],
9639,1376479,El hombre que no lloraba,El hombre que no lloraba,,,0,0,0,2024-11-05,Released,0.313,0.0,0,,/wwhE0uOkk0zb4wZgr93kZ3lOOFy.jpg,,,,[],1,0,[],,,[],[],[],
16417,1249417,Nie Xiaoqian,小倩,,"Nie Xiaoqian was betrayed and died with hatred. She turned into a ghost after death and was imprisoned in Lanruo Temple. Ning Sheng went to Capital to take examination and stayed here, and accidentally saved Xiaoqian.",112,0,0,2024-04-14,Released,0.65825,8.0,2,,/v0XioZFwSPJqB2RgVgptBroSVUa.jpg,/r0rUQDFGz1P0zmKxd0XlGHPtZp3.jpg,,,[],1,0,[],,,[],[],[],
26713,1154878,Jazz Godfather,JAZZ GODFATHER,,,71,0,0,2023-11-11,Released,0.694,3.8,2,,/4CDjK8m5gmBkAzHzvyi6TmIo2P5.jpg,/jdbN2hW8NOaJfDVuMIfF3c1dsQ4.jpg,,,[],1,0,[],,,[],[],[],
11231,1280941,The Boy With Pink Pants,Il ragazzo dai pantaloni rosa,,"On November 20, 2012, Andrea Spezzacatena, a boy who had just turned 15, took his own life. It was the first case in Italy of bullying and cyberbullying that led to the suicide of a minor. This movie is based on his story.",114,0,3252119,2024-10-10,Released,31.528999999999996,7.0,113,,/b1Kg8uVbxgbTgElS8iQTkWp1X3w.jpg,/wB8Ml2G5WIC12rVoaTDnd9Imglg.jpg,,https://www.youtube.com/watch?v=8utIQio_KQM,[],1,0,[],,,[],[],[],
29042,900667,One Piece Film Red,ONE PIECE FILM RED,An almighty voice. With fiery red locks.,"Uta — the most beloved singer in the world. Her voice, which she sings with while concealing her true identity, has been described as “otherworldly.” She will appear in public for the first time at a live concert. As the venue fills with all kinds of Uta fans — excited pirates, the Navy watching closely, and the Straw Hats led by Luffy who simply came to enjoy her sonorous performance — the voice that the whole world has been waiting for is about to resound.",115,0,150797338,2022-08-06,Released,59.412,7.2,1029,,/ogDXuVkO92GcETZfSofXXemw7gb.jpg,/s974GBBFZ1I4SlZHFu2XIffk1dv.jpg,,https://www.youtube.com/watch?v=ZrhZvqgtdYY,[],1,0,[],,,[],[],[],
31276,1301895,Czechoslovak Architecture 58–89,Architektura ČSSR 58–89,,"Vladimir 518, uncompromising rapper, artist, stage designer and activist, is a rare phenomenon, who not only writes books, but publishes them as well. Today also a respected authority primarily on pre-1989 architecture, he has written not only a major publication on the subject, but also the story for two audiovisual works treating the same theme, which were shot by Jan Zajíček, renowned director of music videos. In addition to the recent TV series we have the eagerly anticipated feature-length film which, through its fascinating and impressive exploration of Czech and Slovak architecture of the latter half of the 20th century, offers exclusive insight into extraordinary buildings and unique individuals living below the Tatra Mountains.  Karel Och (kviff.com)",126,0,0,2024-11-07,Released,0.3,3.0,1,,/7onVRqPdy9J9GqRM3XcRlwhCaDF.jpg,/wOxyfgdMQN47pAp7WN5eZ8W1Y9f.jpg,,,[],1,0,[],,,[],[],[],
11242,1197830,Wild Eyed and Wicked,Wild Eyed and Wicked,Kill. Your. Fears.,"Lily Pierce is sick of being haunted. She decides to reconnect with her estranged father, a disgraced history professor, and learn how to draw upon a time of steel and blade when armor-clad knights rode out and dueled their monsters to the death.",99,0,0,2024-06-11,Released,5.948875,4.9,21,,/xA0S3tLtLlCHD35f2ibonKerKaY.jpg,/zs2S0D4sZMNbOKgs4LyZAxiX9eY.jpg,,https://www.youtube.com/watch?v=H0TG1A0zxhY,[],1,0,[],,,[],[],[],
10406,1210732,How to Make a Killing,Un ours dans le Jura,Wild is the right word.,"Michel and Cathy, wed for longer than they can remember, lead a quiet but monotonous life in the mountains. When a bear bursts out in front of Michel’s car, accidentally killing two drug dealers and revealing a €2 million loot in the process, their life takes an unpredictable turn, especially when they decide to cover up the incident and keep the money! But their plan leads them to stumble upon an unexplained trail of dead bodies. More used to being honest than crooked, Michel and Cathy’s clumsy cover-up efforts soon put an interfering inspector hot on their trail.",109,0,10867970,2025-01-01,Released,2.9450000000000003,6.57,108,,/oovadj4TsgCuAGfd5LhDP19ZCYD.jpg,/s7xmwFJQj99lICSGQkr8sQ7G9IA.jpg,,https://www.youtube.com/watch?v=94v0712fUQQ,[],1,0,[],,,[],[],[],
4800,1403075,Letting Go,Letting Go,, ,0,0,0,2024-12-16,Released,1.023,0.0,0,,,,,,[],1,0,[],,,[],[],[],
14869,1364070,Three Castrated Goats,三个羯子,,"A man returns to Shannxi to get three castrated goats, but excessive COVID quarantine rules stymie him and leave him and his family in chaos.",80,0,0,2024-10-29,Released,0.576,10.0,1,,/2kXAwd5vLSv7mHpyQXe2Yk5t2am.jpg,/iNezgbTy835PA2veNBF09AgCU6n.jpg,,https://www.youtube.com/watch?v=8L8Q0Rwx-0o,[],1,0,[],,,[],[],[],
24182,1091468,Un retiro para enamorarse,Un retiro para enamorarse,"And you, do you still believe in love?","A mysterious place, older than time itself, appears every few years in different parts of the world. This place selects a group of individuals from various nationalities who need to change their lives and find their path. Lucía, a believer in the love of romantic movies, and Marco, a Madrid native incapable of commitment, will discover together the true meaning of love.",0,0,0,2023-02-23,Released,0.997,2.0,1,,/hthX9IXfUoiWDsbld6WNOkPe9Rf.jpg,,,,[],1,0,[],,,[],[],[],
22866,1205400,Reece’s Ruckus | A Diary of a Wimpy Kid: Freshman Year SPIN-OFF,Reece’s Ruckus | A Diary of a Wimpy Kid: Freshman Year SPIN-OFF,ANOTHER PARODY FILM,"When Reece receives his new Blu-ray of his favorite film, Diary of a Wimpy Kid: Freshman Year, and begins to watch it, he is so enveloped by the stunning Blu-ray picture quality that he is sucked into the movie with no clear way out! Oh no! What will Reece do?! How will he fit into Greg Heffley's first year in high school?",11,0,0,2023-02-11,Released,1.115,7.0,2,,/5rG0dcSe7SmyuevICNVzL6t2Ka5.jpg,/9madLOlPSldsSQ27lHHarmzlWvI.jpg,,,[],1,0,[],,,[],[],[],
25346,1227361,恋爱代理人,恋爱代理人,,,0,18000000,65963147,2023-01-22,Released,1.284,10.0,1,,/5YUHZOHB6tAjWRnDbxYqdnqlj7C.jpg,,,,[],1,0,[],,,[],[],[],
23978,1149033,Sebastian,Sabastian,"Thriller, Crime, Horror","Sabastian (2023) is serial killer (Luca Della Valle)  who sacrifices women to revive his long-dead lover, while two detectives (Torrei Hart, Dairus McCrary) race to stop his bloody ritual before he claims his next victim Irene played by Jamie Bernadette.",90,1000000,0,2023-07-03,Released,1.865,10.0,1,,/9UU7VczFL65ep0ynpyJZPTy8azA.jpg,/2Xe8NzvQFiLtXhJgfOO8877kG4x.jpg,,https://www.youtube.com/watch?v=hAmVgZtTypA,[],1,0,[],,,[],[],[],
24897,1206031,Cloudy,Cloudy,,"While avoiding a conversation with his mum, Elliot encounters a peculiar little creature in need of his assistance!",7,0,0,2023-11-01,Released,0.974,8.0,1,,/5Vy5RHPAiVddZjQPkOS3juumrFp.jpg,/qjpaVhdZ0bWwcNpkotfBgdvDIUa.jpg,,https://www.youtube.com/watch?v=QDwWmKcgiQg,[],1,0,[],,,[],[],[],
12951,1369494,Columbus DNA: His True Origin,Colón ADN: su verdadero origen,,"One of the most important and exciting historical research of all time, the study of the DNA of the navigator Christopher Columbus, finally answers two fundamental questions: where do his bones rest? What is his true origin?",107,0,0,2024-10-10,Released,1.706,6.3,3,,/9eXFBADNB79Ov9klF6Wid4RTcsI.jpg,/58RmMS7r8XTJewmpc2jPnPC326A.jpg,,,[],1,0,[],,,[],[],[],
11618,1053588,Jumping The Fence,El salto,Hope is on the other side,"Ibrahim came to Spain from Guinea Conakry and now his roots are in Madrid, where he lives with Mariama and works as a bricklayer. One day, the police arrest him and Ibrahim, who lacks a residence permit, is deported to his country. From that moment on, his only objective will be to return to Spain to reunite with Mariama and her daughter about to be born. After managing to cross Africa, he settles with some companions in Mount Gurugú, an immigrant camp that separates Africa from Europe. There he meets Aminata, a girl determined to jump the fence and reach Spain. But that is a physical feat that is not within everyone's reach.",85,0,0,2024-04-12,Released,1.511375,6.6,5,,/zcocSbt6mjJ2QTFuzRue5OXGclK.jpg,/tRPtyePhWfSV5mH4Rf6NSQtiFpg.jpg,,https://www.youtube.com/watch?v=IKmIYjF5kTo,[],1,0,[],,,[],[],[],
14795,1256814,Aile Çıkmazı,Aile Çıkmazı,,,0,0,0,2024-03-15,Released,0.871,10.0,1,,/5M6Jh70fnJJG9j7UphAyx7XvF4U.jpg,/3i6rdu6opFvvNPoxuVq0U37tcxq.jpg,,,[],1,0,[],,,[],[],[],
30404,514355,The Marriage of Ramuntcho,Le mariage de Ramuntcho,,"A Parisian painter working in the Basque country succeeds in keeping together a young woman and her smuggler boyfriend, even though the artist has feelings for the intended bride himself, and then he completes a painting on the subject of the wedding.",78,0,0,1947-10-22,Released,0.46,5.0,4,,/8pT08uEGajKHfyBEWRb4SEMANC6.jpg,,,,[],1,0,[],,,[],[],[],
30075,345855,Saddle Pals,Saddle Pals,"Gene and all the gang in a great, new, laugh and thrill-jammed action hit!","Autry is drawn into the plot when he's given power of attorney in a property settlement involving his old pal and a gang of land swindlers. The pal then goes on an extended vacation, leaving Autry to sort things out.",72,0,0,1947-06-05,Released,1.768,5.0,1,,/1CXD1qHxpLuWlD52O120SHqlpHL.jpg,/osyotxqrFO3AYK7uUFwbDhSL33M.jpg,,,[],1,0,[],,,[],[],[],
3171,1417506,M - Il Figlio del secolo | Il dietro le quinte,M - Il Figlio del secolo | Il dietro le quinte,,,0,0,0,2025-01-07,Released,0.617,7.25,2,,,,,,[],1,0,[],,,[],[],[],
23214,1101310,Philosopher of the Sea,Havsfilosofen,,Elderly sailor Sven Yrvind takes on a daring solo voyage from Ireland to New Zealand. What seems like a reckless journey on the unforgiving seas is also inner journey that prompts the thought - how do we wish to lead our lives?,78,0,0,2023-03-17,Released,1.65,8.2,4,,/8mdLdhTKjCGlepLo5wH4ZRjOq8x.jpg,/yNpSnd3ewuuCx6jKaOCL7IpjK2Z.jpg,,https://www.youtube.com/watch?v=b4H1LknGZf8,[],1,0,[],,,[],[],[],
19900,950253,Dr. Cheon and the Lost Talisman,천박사 퇴마 연구소: 설경의 비밀,,"For generations, the eldest son of the village has been the protector, but the current heir, Dr. Cheon, is a fake exorcist who doesn't believe in ghosts. Using his penetrating insight into people's minds, he performs fake exorcisms and resolves cases brought to him. However, Yoo-kyung, a client who can see ghosts, approaches him with an offer too tempting to refuse. With his assistant In-bae, Dr. Cheon heads to Yoo-kyung’s house, and gets involved in a series of strange phenomena. As they delve into the mysteries there, they uncover the secrets of a talisman known as ‘Seolkyung’...",98,0,14000000,2023-09-27,Released,8.49,6.0,46,,/g4W8RsmWdDXFNMzOCd2DrLyvUsH.jpg,/2pbQTFIND3WLxdcqwJ3QIzJbjOc.jpg,https://www.youtube.com/watch?v=xyPhbU8tN_k,https://www.youtube.com/watch?v=9sAW21mZ1oc,[],1,0,[],,,[],[],[],
17826,1246928,Forbidden Love - A Valentine’s Special,Forbidden Love - A Valentine’s Special,,"A poetry student short film, made with love.",5,0,0,2024-02-18,Released,0.099,10.0,1,,/7CxpMkbiV5DJScrFzLI2WgWnuhP.jpg,,,,[],1,0,[],,,[],[],[],
23166,1065294,The Legend of Jack and Diane,The Legend of Jack and Diane,Love. Revenge. Murder. An American love story.,"Jack and Diane are forced to leave Indiana after discovering secrets about the death of Diane's mother. When their worst fears are confirmed by the chief of police, Jack and Diane create a ""Hit List"" and exact revenge on everyone involved.",96,13029600,0,2023-03-30,Released,1.066,2.0,1,,/9c77wvRPJezvJH4taiXRWueNuph.jpg,/zFTSDLV8LcpJRwNHtS5h55rJJ5a.jpg,,https://www.youtube.com/watch?v=Vqy3LrfE33g,[],1,0,[],,,[],[],[],
13301,1098335,Jurassic Shark 3: Seavenge,Jurassic Shark 3: Seavenge,,"A reporter, cameraman, and some petty thieves are stranded in a boat out on the ocean. The only thing that stands between them and their lives is a 50-foot prehistoric megalodon shark. They must all pull together to survive.",74,0,0,2024-11-20,Released,2.876,4.3,3,,/zoJIAM7icpAG1Y7mWKIEHn1qJ8x.jpg,/83xB5SMtrvL5g5D50NGpC943r4w.jpg,,https://www.youtube.com/watch?v=L8JD139mHIk,[],1,0,[],,,[],[],[],
14593,1369371,Der Dänemark-Krimi – Das Mädchen im Kirchturm,Der Dänemark-Krimi – Das Mädchen im Kirchturm,,,0,0,0,2024-10-10,Released,0.23,4.0,1,,/gzYSShYbTi86mX8kZDK3zPCCqpd.jpg,/wiUXwvM81O9PI4Simmvlco6yTaS.jpg,,,[],1,0,[],,,[],[],[],
10489,1357459,Tatsulok,Tatsulok,Tatlo Magkasalo,"Story about a happily married couple visited by an old friend, who ends up stirring the pot by becoming sexually involved with both the husband and the wife.",61,0,0,2024-10-11,Released,35.451125,5.4,9,,/zcmPxGIBxxsGVyYuzNWPCWjlQ8X.jpg,/eFlx3fW8FHXOktGa7Tzy57RajtG.jpg,,,[],1,0,[],,,[],[],[],
26860,1017172,Big Sleep,빅슬립,,"On a winter morning on the way to work, Kiyoung finds Gilho sleeping on the wooden bench in front of his house. Gilho is a teenager who has run away from home because he can no longer face the domestic violence he suffers there. Kiyoung lets Gilho stay in his house for a few days and Gilho comes to trust Kiyoung. However, as Gilho′s friends visit, conflicts happen between Kiyoung and Gilho.",112,0,0,2023-11-22,Released,0.799,5.0,1,,/93Df7Fcu381mZ1mKDyTP5zBLGID.jpg,/aQT1KgJqdKPiaLlulzngOW5ZqO8.jpg,,,[],1,0,[],,,[],[],[],
17796,1324031,The last passenger,Le dernier passager,,"In a poorly served metro station, calm and silence reign. Only two men are waiting. However, in a short time, this very ordinary place will transform into a scene of chaos.",7,0,0,2024-06-27,Released,0.351,8.0,1,,/20Lr9FB2IX2TvpV9D1zA8xCaLGZ.jpg,/kBWHm6epZxejW4VoLoBHnd1agNd.jpg,,,[],1,0,[],,,[],[],[],
7004,1367441,Crimson Harbor,Crimson Harbor,,Supernatural intuition and police logic collide when a mysterious clairvoyant and a skeptical detective have to join forces in order to unravel the case of a serial killer lurking in the woods surrounding a small town.,9,0,0,2024-11-28,Released,0.001,0.0,0,,/pTmxFdIbyLFiXDuYH9TZ5FEN9bV.jpg,,,,[],1,0,[],,,[],[],[],
1649,1108315,SAME 2,SAMA 2,,sequel to the short film “SAMA” in 2019,30,0,0,2025-02-08,In Production,1.962,0.0,0,,/g8TYlJ3cogrshfdIXzVSFaabFZg.jpg,,,,[],1,0,[],,,[],[],[],
6922,1395537,Beloved Emma,Milá Emo,,,0,0,0,2024-11-28,Released,0.435,0.0,0,,/iR1mxl25E4FQzNH5T5oCDddptLh.jpg,,,,[],1,0,[],,,[],[],[],
29225,294793,All the Old Knives,All the Old Knives,Secrets kill.,"When the CIA discovers one of its agents leaked information that cost more than 100 people their lives, veteran operative Henry Pelham is assigned to root out the mole with his former lover and colleague Celia Harrison.",101,0,0,2022-04-08,Released,18.152,6.01,545,,/g4tMniKxol1TBJrHlAtiDjjlx4Q.jpg,/viV5ehWP4h2sjnGsEeVh64mzAN3.jpg,,https://www.youtube.com/watch?v=6s7NziAetNs,[],1,0,[],,,[],[],[],
14286,1291719,DETLEV,DETLEV,,"A constantly freezing man in his forties drives to a lonely petrol station every evening and orders a microwaved Toast Hawaii. Detlev indulges in this in a bizarre ritual, because it's the only thing that warms him in his daily life. But when he is observed by a stranger one night, his world begins to crumble into shameful pieces.",13,0,0,2024-10-01,Released,0.941,6.7,3,,/9XTsts7O7TLvoy7Q04dVOnx4alG.jpg,/tweZ4MhnKJxD44McLJVPd6U1JBo.jpg,,,[],1,0,[],,,[],[],[],
25265,1088530,Nelly Rapp - The Dark Forest,Nelly Rapp - Dödens spegel,,Nelly and the dog London are joined by Valle as they head out into the Black Forest to find the Mirror of Death. A journey that takes them deeper and deeper into the forest and to the place where Nelly's mother once disappeared.,96,0,0,2023-10-20,Released,0.642,6.7,7,,/iXXaN4G5bQ4u21dYTzyuEVQPIY9.jpg,/u5JmAvKrFRQv6VSTEHpoEmLDH6f.jpg,,,[],1,0,[],,,[],[],[],
24193,1100590,Gol Gappe,Gol Gappe,,"Three friends Jaggi, Pali and Nathuram run a fast-food outlet. Don of Punjab, Bagga kidnaps Dr. Chawla's wife and demands 10 lacs for compensation. A telecommunication mix up occurs and the call gets diverted to the Golgappe outlet.",133,0,0,2023-02-17,Released,0.996,2.0,1,,/rU8lnmcDAiYaBYtc7hewEEehAMt.jpg,/pg6KPXPpOgyT25R4ej0C9aUv2k1.jpg,,https://www.youtube.com/watch?v=WGFcLkcoIYI,[],1,0,[],,,[],[],[],
1515,1414764,The Orchards,Al Basateen,,"In 2015, in Damascus, the Basateen al-Razi district and its orchards were razed to the ground as punishment for the population's uprising against the regime. Having lost everything, two former residents recall their neighborhood.",25,0,0,2025-02-15,In Production,1.233,0.0,0,,/ap0m8hg3ukzBnI6AtAmm8fhSK4v.jpg,/mcVRqeqgPnWpRQjabCxN1YhaLdK.jpg,,,[],1,0,[],,,[],[],[],
7150,1393809,Analog Love,Analog Love,,,0,0,0,2024-11-26,Released,1.516,0.0,0,,/zkmIT4onuMunpBagfRrHZhgf5g8.jpg,/4SDZjFGnrWRTsYcQyl1ZOYYqJyF.jpg,,,[],1,0,[],,,[],[],[],
31680,1440284,Festival de Viña del Mar 2025: Bacilos,Festival de Viña del Mar 2025: Bacilos,,,0,0,0,2025-02-23,Released,1.91825,10.0,1,,/72J3m9IEPUwgl9KyFFvOeCEDch1.jpg,/txvrN6cT5z4Be0ynnfW0nSGfqFX.jpg,,,[],1,0,[],,,[],[],[],
24404,1107987,Joni Mitchell - The Library of Congress Gershwin Prize For Popular Song,Joni Mitchell - The Library of Congress Gershwin Prize For Popular Song,,"After getting her start in coffee shops Joni Mitchell went on to set a new standard, marrying music and lyrics with such songs as “Both Sides, Now.” While her early material is often categorized as “folk,” she became a household name with music that defies categorization.",84,0,0,2023-03-31,Released,1.635,9.0,3,,/oSdnNtXnwyM6jQmczOh1nHN6ztA.jpg,/niHLI6Ngwo8o5s4MPFGoHrmDOjf.jpg,https://www.youtube.com/watch?v=X3_ZFIPYhyQ,,[],1,0,[],,,[],[],[],
15338,958239,Explosions in the Heart,Eksplosjoner i hjertet,,"Billy falls madly in love with Nilo, but discovers that her great love is polyamorous. Explosions in the heart studies the turbulent and impossible romantic relationship between two young women where one is polyamorous, and finding one’s own autonomy and power independently of others.",105,0,0,2024-06-21,Released,1.338,7.0,1,,/o0m5yQ25YBooTocOKla9JBOVMm5.jpg,/qF0P2fwaOuVZHZulQFXtjbeJ2qc.jpg,,,[],1,0,[],,,[],[],[],
25948,1055249,Jope – Just Think for Yourself,Jope ite,,"An overweight boy who was a bullied at school grew up to become a beloved comedian, folk artist Jope Ruonansuu. He was a versatile entertainer, but above all an impressionist, able to imitate more than 150 characters from the ruling class. Jope's journey was a natural extension of the post-war ""Rillumarei"" -culture. He broke through when the monoculturalism was at its most vibrant and grew in popularity as it began to crumble. With weight loss surgery, Jope sought a healthier life, but also to shed the extra pounds and childhood traumas. After the surgery, he was diagnosed with oesophageal cancer, but continued to fight, developing a number of different projects, including an anti-bullying campaign together with the President of Finland, Sauli Niinistö. The project was to culminate in a joint visit to Syväkangas school, in Jope's home town of Kemi. Jope passed away before then, but Niinistö kept his promise.",88,0,0,2023-02-10,Released,1.029,7.0,8,,/ipE9NQrJHibWAgWVbJbX0WfyxKq.jpg,,,,[],1,0,[],,,[],[],[],
29068,526896,Morbius,Morbius,A new Marvel legend arrives.,"Dangerously ill with a rare blood disorder, and determined to save others suffering his same fate, Dr. Michael Morbius attempts a desperate gamble. What at first appears to be a radical success soon reveals itself to be a remedy potentially worse than the disease.",105,75000000,167635712,2022-03-30,Released,38.342,6.0,4358,,/6JjfSchsU6daXk2AKX8EEBjO3Fm.jpg,/gG9fTyDL03fiKnOpf2tr01sncnt.jpg,https://www.youtube.com/watch?v=G9UdU3oO0w0,https://www.youtube.com/watch?v=wG2TjtueeSU,[],1,0,[],,,[],[],[],
26266,1111319,This is the President,문재인입니다,,"Why did Moon Jae-in, a human rights lawyer who hated politics, become president? During five years at the Blue House, why didn’t he use his power? Why did he just silently plant flowers while being sworn at by protesters? One by one, those who watched him reveal their hidden stories.",115,0,0,2023-05-10,Released,0.952,8.7,3,,/uFds2g1IySCRuXP78HjN02sT6xm.jpg,/yaQokimf88esEy93rSuufzY5i2x.jpg,,,[],1,0,[],,,[],[],[],
2851,1408577,In the Mix with Jabaar Edmond,In the Mix with Jabaar Edmond,,A short documentary.,22,0,0,2025-01-13,Released,1.97,0.0,0,,,,,,[],1,0,[],,,[],[],[],
14907,1245188,Wilfred Buck,Wilfred Buck,,"Moving between earth and stars, past and present, this hybrid feature documentary follows the extraordinary life of Wilfred Buck, a charismatic and irreverent Indigenous Elder who overcame a harrowing history of displacement, racism, and addiction by reclaiming ancestral star knowledge and ceremony.",96,0,0,2024-03-18,Released,0.442,8.0,1,,/cZS62aTLhmQUlj6KapjU7aH6v4x.jpg,/giRK10jsDY2iEoTdZhvLK2KwLS7.jpg,,https://www.youtube.com/watch?v=s9ircbpXXN0,[],1,0,[],,,[],[],[],
23260,1179227,Ripple,Ripple,One human’s death - Another human’s bread,A true-crime podcast's investigation into the murder of a young woman has unexpected consequences.,90,0,0,2023-10-01,Released,1.908,6.2,4,,/jiPmTACcaustGJQAoOEEFXC3IZl.jpg,/xXVYA66AT5a1e2qK6rEzNbsARni.jpg,,https://www.youtube.com/watch?v=qWxNHNUtjDQ,[],1,0,[],,,[],[],[],
24993,1219874,25 Years with Lidia: A Culinary Jubilee,25 Years with Lidia: A Culinary Jubilee,,"A look at the life of chef, restaurateur and cookbook author Lidia Bastianich both on and off the screen as she celebrates 25 years on public television.",60,0,0,2023-12-18,Released,1.375,8.0,1,,,,,,[],1,0,[],,,[],[],[],
19307,1013240,24 Hours with Gaspar,24 Jam Bersama Gaspar,,"With only 24 hours left to live, a private investigator follows a trail of confounding clues to uncover the disappearance of his childhood friend.",98,0,0,2023-10-06,Released,17.371,6.7,76,,/8jJKM0ZR3GQo6E3CUkMKKVa4S8B.jpg,/oFS0DgInCdvYRwaPkl3BLpmIuq5.jpg,,https://www.youtube.com/watch?v=W5Gwgw-DpDw,[],1,0,[],,,[],[],[],
31816,1439637,Clay Born,Clay Born,"Shaped by hands, bound by tradition.","Clay Born follows a pot maker's journey, showcasing the traditional art of crafting clay pots. The documentary explores the deep connection between craft and culture while highlighting the challenges artisans face in a modernizing world.",0,0,0,2025-02-20,Released,0.1,10.0,1,,/Aln1vyi6oVShMhYpkhYgijn0kB5.jpg,,,,[],1,0,[],,,[],[],[],
15716,1315574,Linford,Linford,,"100m Olympic champion Linford Christie is one of Britain’s most successful athletes. Now, he’s confronting his complicated legacy, in a story about race, respect and reputation.",89,0,0,2024-07-25,Released,0.43,10.0,1,,/zL7GSntq5Y3vrg3EISb0hA4F4nh.jpg,/8H0gjcPfEL5sDdm0x5gN65ZAXOw.jpg,,,[],1,0,[],,,[],[],[],
7811,1389838,Ninguém Pode te Culpar,Ninguém Pode te Culpar,,,0,0,0,2024-11-20,Released,0.387,0.0,0,,/qktQr4Z5zYEONrWpEpcOCj78isf.jpg,,,,[],1,0,[],,,[],[],[],
8705,1385140,Lions of the Skeleton Coast,Lions of the Skeleton Coast,,Three lionesses try to survive in the Namibian desert.,52,0,0,2024-11-13,Released,0.86,8.0,1,,/cui7YFNZ6mXWkEl92lO8eiSWN5u.jpg,,,,[],1,0,[],,,[],[],[],
13561,1273936,The Scoop!,新米記者トロッ子 私がやらねば誰がやる！,,"Tokoro Yui is a lover of literature and a huge fan of a famous student author known as Midorimachi Konoha. Unfortunately for her, her new school’s literature club is dominated by a group of elite students, preventing her from joining. However, the club’s leader Saionji Mari offers her a lifeline: if she can find out the true identity of the famous writer, she will be permitted to join the club.",98,0,0,2024-08-09,Released,1.7375,0.0,1,,/yBeVvSP5ajHCg16ZcII129HXoW3.jpg,/p50tpjWClQ2TdubXeYgaB0YTFEf.jpg,,,[],1,0,[],,,[],[],[],
11569,1255187,Living with Leopards,Living with Leopards,,A film crew follows two leopard cubs as they make the fascinating journey from infancy into adulthood in this up-close-and-personal nature documentary.,72,0,0,2024-05-09,Released,1.951875,7.6,35,,/4I9CClpKze9rwW78fuMSluq2OvE.jpg,/dUfRICbbBih2C9uO3z2ZOVOlv0q.jpg,,https://www.youtube.com/watch?v=c2pzKahGGtA,[],1,0,[],,,[],[],[],
27920,1146072,Maybe Someday,Maybe Someday,,"Born inside a glass enclosure, a young scientist discovers there’s more to life when she meets a man from the outside.",10,3000,0,2023-05-09,Released,0.238,10.0,1,,/fZr98OXb1Zf8TXKI3cQeInIFbs4.jpg,/cTaOcrrFdQTkm4BzgzUSXlt3Xx.jpg,,,[],1,0,[],,,[],[],[],
1650,1239140,Random,Random,"And in their hearts might appear, both the tiger and the deer.","The story takes place on Valentine's Day in no man's land, one of the craziest days of the century, when everything is turned upside down, the turn of seemingly random events slowly connecting together.",0,0,0,2025-02-08,Post Production,2.254,0.0,0,,/rQP9dtocHjtVcxxXtFawcTnLFxx.jpg,/90iylAZWhkBwCS7EkNHgFEPLMDa.jpg,,,[],1,0,[],,,[],[],[],
19358,798286,Beau Is Afraid,Beau Is Afraid,From his darkest fears comes the greatest adventure.,"Following the sudden death of his mother, a mild-mannered but anxiety-ridden man confronts his darkest fears as he embarks on an epic, Kafkaesque odyssey back home.",179,35000000,12337378,2023-04-14,Released,21.05,6.8,1043,,/wgVkkjigF31r1nZV80uV0xNIoun.jpg,/atvEgnjjXN5QvFDThXVz4nyU9yi.jpg,https://www.youtube.com/watch?v=OnFUTzzekII,https://www.youtube.com/watch?v=XrCg9G_OHAA,[],1,0,[],,,[],[],[],
26612,1182963,You Hear It Too,Też to słyszycie,A short story about the things that matter.,One day in the lives of three very different women who decide to take matters into their own hands and finally live life on their own terms.,17,0,0,2023-09-24,Released,0.443,3.5,2,,/hMRI0DFqrUY7GLlJGU08sDuQtGB.jpg,/ybk2hq5nbVIqECVfFWF2BX55MWm.jpg,,,[],1,0,[],,,[],[],[],
19580,1143183,Rewind,Rewind,Do you make time for what matters most?,"Mary loves John for as long as she can remember. But after years of marriage, John's priorities shift, leading to a strained relationship with Mary, which causes a tragic accident that takes away Mary's life. Until one day, John gets an extraordinary proposition - to rewind time and save the life of the woman he loves.",112,0,20409378,2023-12-25,Released,12.894,6.8,24,,/i8UjdAwezeFHHR4opNb3LxDCQWC.jpg,/gr7N3zCtXeUNCDnXa0DPKCq2bRQ.jpg,,https://www.youtube.com/watch?v=J5Tfh8notco,[],1,0,[],,,[],[],[],
4501,1409837,246,246,Time’s up.,What seems like a simple task of heating food up in the microwave is revealed to hide a much darker truth.,2,0,0,2024-12-19,Released,0.61,0.0,0,,/zkIbKdX8cTHMszShGDmrdPwSbz4.jpg,,,,[],1,0,[],,,[],[],[],
16943,839316,Ressentiment,Obraza,How far will you go to be heard...,"Seventeen-year-old Yasha is rebelling against authority. But in the USSR of 1990, some opposing forces are more dangerous than others. Determined not to give in, Yasha’s need for self-expression will propel him to the precipice of irreparable harm.",11,0,0,2024-02-15,Released,0.231,10.0,1,,/bdKGaKnpKxgFoPhNrklUdMQlxXK.jpg,/sfn6suEqARVFNDCjIzORfkge06v.jpg,,https://www.youtube.com/watch?v=utWB6e5Rzc8,[],1,0,[],,,[],[],[],
12714,1152442,Expedition Cupid,Expeditie Cupido,,,0,0,0,2024-07-18,Released,1.078875,3.0,2,,/8C995rOaciMOvIgL1io21YaW8Yp.jpg,/bzNi0eImMNlQN0sxg6NjJRBrwQq.jpg,,,[],1,0,[],,,[],[],[],
19770,1138371,Plantadas,Plantadas,,"Alina, Luisa and América are three women who after fighting to restore and stabilize democracy to their country realize they’ve been betrayed by the leader of the revolution. The three women begin to confront and challenge the new system in their own ways and for different reasons they find themselves jailed.",130,0,0,2023-06-29,Released,10.457,7.3,3,,/fDrP4DVRCdi1JDl4jTTAFNyn11t.jpg,/anYpo3SVNPTryVRQWHLlaXJKTjf.jpg,,,[],1,0,[],,,[],[],[],
22065,1032302,Rudrangi,రుద్రంగి,,"Set during the 1940s, Bheem Rao Deshmukh, a ruthless monarch and womanizer, rules Rudrangi and treats the local people there as his slaves.One day Bheem Rao comes across a woman named Rudrangi, and he falls for her beauty. Bheem Rao badly wants to have a sexual encounter with Rudrangi, and tyrannizes an entire village of Rudrangi fulfill his lust.",142,0,0,2023-07-07,Released,3.212,7.0,2,,/mqls4AP0wQ5x3OjzCfRDUrHVWbd.jpg,/vmHJn96rbCfY04lAot87YsJJjHx.jpg,,,[],1,0,[],,,[],[],[],
27384,1213316,Shobdo Prem,শব্দপ্রেম,SHOBDO PREM,People suffer from depression at some point in their lives. How does that time go to them? 'Shobdo Prem' is based on the story of two people suffering from depression.,68,0,0,2023-04-25,Released,0.281,9.0,1,,/yK6n4DVCHQOzySx4ZZ1CiKfIV2v.jpg,/qtJlRhA2F4bezwBy44IX95OWOEL.jpg,,,[],1,0,[],,,[],[],[],
30476,327182,Poslední mohykán,Poslední mohykán,,,0,0,0,1947-09-05,Released,0.519,7.0,1,,/pLxuE2ALMKHeWZ0F5Fz1zL7oJre.jpg,,,,[],1,0,[],,,[],[],[],
7631,1220805,Christmas with the Princess,Christmas with the Princess,,"After learning she has been dating a prince, she must now be trained to become a princess by the royals. Can she go from rags to riches?",81,0,0,2024-11-22,Released,0.836625,1.0,1,,/jw9XrJ0jMSOnyCSiIlLG0oidymF.jpg,,,https://www.youtube.com/watch?v=GQPnpFKNM8g,[],1,0,[],,,[],[],[],
26220,1040899,Arctic: Our Frozen Planet,Arctic: Our Frozen Planet,,"At the very top of the globe, lies a spectacular, frozen realm. But don’t be fooled by appearances…this place is not frozen in time. It’s a dynamic ecosystem and for thousands of years, its indigenous people and wildlife have found ways to survive and live in harmony with these extremes.",42,0,0,2023-12-01,Released,0.962,9.0,1,,/1FJ1ZdLrwjFS0usafLQROvlGgN3.jpg,,,,[],1,0,[],,,[],[],[],
23444,1027271,Peacock Lament,Vihanga Premaya,,"Amila comes from a small village in Sri Lanka. After losing his parents, he moves to Colombo. He works as a construction worker in a Chinese building site and looks after his four siblings. His sister Inoka suffers from a congenital heart defect and the only way to save her is an urgent and expensive surgery to be performed in India. While Amila is trying to find the money he needs, he just meets the wrong person at the right time, and gets caught up in the child trafficking business…",103,0,0,2023-03-13,Released,0.935,4.2,3,,/indC4E2WA7fLWQq0sxscwFOgYmX.jpg,/dwbFdIKPc4pIERqmk3QgTVO9nar.jpg,,https://www.youtube.com/watch?v=ZJzagMIUw3s,[],1,0,[],,,[],[],[],
10448,533535,Deadpool & Wolverine,Deadpool & Wolverine,Come together.,"A listless Wade Wilson toils away in civilian life with his days as the morally flexible mercenary, Deadpool, behind him. But when his homeworld faces an existential threat, Wade must reluctantly suit-up again with an even more reluctant Wolverine.",128,200000000,1338073645,2024-07-24,Released,205.70725,7.61,6918,,/8cdWjvZQUExUUTzyp4t6EDMubfO.jpg,/by8z9Fe8y7p4jo2YlW2SZDnptyT.jpg,https://www.youtube.com/watch?v=dyq7hMlF9iY,https://www.youtube.com/watch?v=Idh8n5XuYIA,[],1,0,[],,,[],[],[],
17928,1352898,A Glória é Delas! - 4x Corinthians: O Campeão dos Campeões,A Glória é Delas! - 4x Corinthians: O Campeão dos Campeões,,The official documentary of the Copa Libertadores Feminina 2023,50,0,0,2024-09-05,Released,0.478,7.0,1,,/6MBo1XQ1Kl0KnQyaSx9rpgImMO3.jpg,/vHcjCyh7uqdXxSEG6aWHjGztvVu.jpg,,,[],1,0,[],,,[],[],[],
15955,1364870,Plan B,Plan B,,"When a positive pregnancy test derails her life, a single woman and her childhood best friend - who harbors a secret of her own - face a difficult decision in an increasingly restrictive U.S.A.",19,2000,0,2024-09-07,Released,0.45,10.0,1,,/qmrFOslM4XbGuNLOr33Ut23tHNA.jpg,,,,[],1,0,[],,,[],[],[],
7184,1234811,Our Little Secret,Our Little Secret,Have yourself a very awkward ex-mas.,"After discovering their significant others are siblings, two resentful exes must spend Christmas under one roof — while hiding their romantic history.",101,0,0,2024-11-27,Released,10.632625,6.29,488,,/u8knKeMHNsKnZqRsTplFPBez0yQ.jpg,/aJkOBOdbzUc788VDGJp3nEAlC3I.jpg,,https://www.youtube.com/watch?v=fcc9G9PXTEE,[],1,0,[],,,[],[],[],
1973,885621,And The Rest Will Follow,O da Bir Şey mi?,,"Famous film director Levent (45), the honorary guest of Söke Film Festival from İstanbul, is completely unaware of Aliye (25), a housekeeper at the hotel where he is staying. However, Aliye, who is trying to tailor a new life story for herself, knows Levent and his films very well. Aliye’s intriguing story brings together these two distant people with completely different lives. Now, they have to choose between reality and fiction.",114,0,0,2025-01-30,Released,0.001,0.0,0,,/wNKqovgymKcCBAmp9qmpkh0OjGZ.jpg,/skxb3E6Wpxk4XRRWmIH5HL0XBQi.jpg,,https://www.youtube.com/watch?v=TTfG38MveWs,[],1,0,[],,,[],[],[],
4134,1407537,Royal Carols: Together at Christmas,Royal Carols: Together at Christmas,,,0,0,0,2024-12-24,Released,1.57,0.0,0,,/ic9sFlRbyXziCKnHxcGrC5CMXAI.jpg,,,,[],1,0,[],,,[],[],[],
6466,1403091,The Writer,The Writer,,"Self-isolated, a writer navigates the pressure of the film industry, family, and the looming presence of his father, only to lose himself to his ambitions.",36,0,0,2024-12-01,Released,0.892,0.0,0,,,,,,[],1,0,[],,,[],[],[],
21270,1180747,A Not So Royal Christmas,A Not So Royal Christmas,Lose the ruse. Lose each other?,When tabloid journalist Charlotte requests an interview with a famously private Count — not knowing he fled town years ago — the royal family convinces their groundskeeper to pose as him.,84,0,0,2023-12-02,Released,4.628,5.9,19,,/1OklGsqY6yRplPFnTJwd1fqK9Cl.jpg,/jWD5b8pSvwV8wcneZ92X0mNhbmR.jpg,,https://www.youtube.com/watch?v=Whrx2KUIdas,[],1,0,[],,,[],[],[],
19562,1146148,"Sorry, Charlie","Sorry, Charlie",He’s quite the gentleman.,A remote helpline volunteer is targeted by a stranger who lures women from their homes with a recording of a crying baby.,75,0,0,2023-10-06,Released,10.717,5.7,17,,/lkkCVWQgSq54sI8KH7wv7CUh1ZQ.jpg,/2AFL67Y0MUltV2OMw8WFRPJuyXP.jpg,,https://www.youtube.com/watch?v=l6quD9jvRe8,[],1,0,[],,,[],[],[],
15983,1377525,The Transformation of Reggie O'Brien,The Transformation of Reggie O'Brien,,,0,0,0,2024-10-24,Released,0.24,4.0,1,,,,,,[],1,0,[],,,[],[],[],
14853,1265336,Comme si j'étais morte,Comme si j'étais morte,,,0,0,0,2024-03-26,Released,0.262,7.5,2,,/u8p2meaPRCNE8NH2XgbvCF8DZGf.jpg,,,,[],1,0,[],,,[],[],[],
20131,858082,Ponniyin Selvan: Part II,பொன்னியின் செல்வன்: பாகம் 2,The Cholas are Back,"968 AD. The Pandyan assassins gather once again to destroy the Chola dynasty. Now the mighty Chola princes must fight the Pandyas, the Rashtrakutas and other Chola enemies who have joined forces. Also, at play are the rumours of Ponniyin Selvan’s death at sea, the powerful Pazhuvettarayar’s betrayal, and the tragic destiny of Aditha Karikalan, whose heart was long lost to the vengeful Nandini.",164,29500000,40000000,2023-04-28,Released,8.626,6.5,47,,/1fMM5yjLYJNfO3CSQBpfC1kqeIK.jpg,/dWwcwqAOkS6e4GCRJ5fC9iSVx9O.jpg,https://www.youtube.com/watch?v=2DlOYVF_eOI,,[],1,0,[],,,[],[],[],
7537,1391727,Carmines,Carmines,,An exploration of religion and erotic desire.,7,6,0,2024-11-22,Released,0.306,7.0,1,,/9zqweqrtwzoUAna4ftU3duvDApV.jpg,/arCy0I0uewFuwJAuFM9wcj7k4qU.jpg,,,[],1,0,[],,,[],[],[],
3793,1408932,LEFT TO DIE,LEFT TO DIE,Restart,We follow Bobba along her journey until her untimely death. A story of friendship and betrayal.,1,0,0,2024-12-28,Released,0.745,10.0,1,,/zh8v0D2an2tqrPcFMutCfuxTyCo.jpg,/makQdUKUmcYeUhE9Zp7HVMFEYiG.jpg,,https://www.youtube.com/watch?v=LsDKYOxFqw4,[],1,0,[],,,[],[],[],
30989,1434019,Real Talk with Rocco Meo - Responsibility,Real Talk with Rocco Meo - Responsibility,Responsible,"After being dogged on by his friend, Li Angorola, a young comedian, Rocco Meo, looks to find something he can fall back on in case of his eminent demise in comedy. Will he be able to pick up a new skill or lose all social awareness in the process?",37,45,0,2025-01-19,Released,0.05,10.0,1,,/pg17BQeIzRQb2cyNU7AsDMqgTzL.jpg,/28378a7NcxL8ksLuYTjeSAs4CSG.jpg,,https://www.youtube.com/watch?v=uRj5hXMt6AU,[],1,0,[],,,[],[],[],
31177,1296327,The Tonight Show Starring Jimmy Fallon: 10th Anniversary Special,The Tonight Show Starring Jimmy Fallon: 10th Anniversary Special,,"Jimmy Fallon celebrates 10 years as host of The Tonight Show in a two-hour primetime special, featuring highlights from monologues, sketches, guest interviews, games, musical performances and more from the last decade.",0,0,0,2024-05-14,Released,0.613,6.0,1,,/dw6OdcIPFYBVDkIKRedzTQbMKKz.jpg,,,,[],1,0,[],,,[],[],[],
6198,1397359,El Cubano,El Cubano,WORKERS OF THE WORLD...GET PUNCHED!,"El Cubano, a Kung Fu master who fled Cuba after the revolution, travels the world fighting the forces of communism!",6,0,0,2024-12-04,Released,0.992,0.0,0,,/22uQ1MGfnJ7EcpPMZk9teDNMo8m.jpg,,,,[],1,0,[],,,[],[],[],
8367,1380147,El Año del Perro,El Año del Perro,,,0,0,0,2024-11-15,Released,0.327,0.0,0,,/dAwEaIiz4lyWsq8kPemPcoMHQOP.jpg,/6104Xtu5orfuTj8MflLrm0YimrI.jpg,,,[],1,0,[],,,[],[],[],
20996,1199399,Ecstasis,Ekstāze,,"Bohemian photographer Ivy, burdened by troubled marriage, starts a steamy affair with painter Elias, whose studio is in the same building as hers. Ivy gets swept up in whirlwind of passion, intrigues and lies, but soon her lighthearted affair becomes toxic, painful and tearful addiction. Ivy realizes that this relationship is destroying her and everyone around her. What is love? How is it born and why is it so fragile? Is ecstasis the pinnacle of human relationship?",121,0,0,2023-12-01,Released,3.218,3.0,3,,/kTN0FtEXOL1bFOjt4dBXISnPNgf.jpg,/kiNb794sdzOPDouXuCOHyy98rGh.jpg,,,[],1,0,[],,,[],[],[],
25778,956160,Baghdad Messi,Baghdad Messi,,"The talented Hamoudi is an 11-year-old boy with a passion for soccer and an ultimate dream to one day reach the level of his idol Lionel Messi. The day Hamoudi is caught in a horrific suicide attempt, he wakes up severely injured in a hospital. As his parents struggle to keep the family safe, Hamoudi is determined to fight for his shattered dream.",88,0,0,2023-08-03,Released,0.931,6.0,1,,/oGQUFxkmctpV5mxejyNI7ooa0q1.jpg,/x821dPDfwTMf4Xvoj0Y38YZbD4s.jpg,,https://www.youtube.com/watch?v=WvDBVi7JwZQ,[],1,0,[],,,[],[],[],
16331,1250567,Adam & Eve,Адам и Ева,,"Marina and Viktor are the only people left in a huge city, perhaps on the entire planet. After the heroes had somehow arranged their daily life, they were faced with a much more serious question - an existential one. How to revive humanity? Especially considering that they don't like each other.",95,0,1763487,2024-03-07,Released,0.802,5.4,4,,/nz1gzyHNrpK1pmbl3yfPDM3ad8S.jpg,/9IiMazAfTxjghWxamW3bHv8j3Oj.jpg,,,[],1,0,[],,,[],[],[],
32049,1452558,Mystery Lane : enquête blanche,Mystery Lane : enquête blanche,,,0,0,0,2024-06-01,Released,0.9575,7.0,1,,/dqyNBpf86TAPxhzptYXSG6NpNJx.jpg,,,,[],1,0,[],,,[],[],[],
16874,1324565,Dinner is served,Dinner is served,,"A random encounter with a lost beauty leads a dashing Driver to a party where he meets a duo of alluring friends. Little does he know that their seductive game holds a shocking twist, as their night together takes a thrilling and life-altering turn. ""Dinner is Served"" is a satirical short film that combines elements of horror, thriller, action, and dark comedy to explore the susceptibilities of men to female manipulation. Through a playful twist on stereotypes, the film probes the moral boundaries molded by established social norms, including an often-exaggerated ethos of veganism.",14,0,0,2024-02-26,Released,0.669,10.0,1,,/8jryt6oGYhBOlK2McUuHcr6A9ml.jpg,,,https://www.youtube.com/watch?v=3a_R4Qz0sSo,[],1,0,[],,,[],[],[],
929,1022453,The Raja Saab,ది రాజా సాబ్,,,0,0,0,2025-04-10,In Production,7.055,0.0,0,,/qTSqltjLzEmXTOohqRW3c2uSBIP.jpg,/kCwmLYy9ZMto1eMH8BI9KcVVIH2.jpg,,,[],1,0,[],,,[],[],[],
30437,237123,Well Oiled,Well Oiled,,"While travelling along a woodland highway, Woody's car runs out of gas. He intends to get some more by siphoning some from a nearby car, not realizing the car belongs to policeman Wally Walrus who immediately chases the bird. Woody temporarily eludes Wally by disguising himself as a gas station attendant who fills Wally's car to the brim with water! When Woody's disguise is uncovered, the two duel with grease guns.",6,0,0,1947-06-29,Released,0.7,6.6,8,,/xO3dMykwELcyJbpQq1uwu11JeBL.jpg,/tuUwVbBiN9UkyJpmmAMvcW3P3M0.jpg,,,[],1,0,[],,,[],[],[],
13260,1339748,Murder for Mortgage: Secrets on Maple Street,Murder for Mortgage: Secrets on Maple Street,,"After the death of the local busybody, a young couple move into her house on the notorious Maple Street. But soon, strange events make them suspect that the woman's death concealed a deeper secret.",87,0,0,2024-07-28,Released,1.656,7.0,1,,/z6gGj6WmxbEvr6ktZSQO6xMqvvN.jpg,/4oMtKSFFrNAw21iBuRgf5rvEfM5.jpg,,,[],1,0,[],,,[],[],[],
21164,892509,Soul Mates,Les Âmes sœurs,,"Lieutenant of the French forces engaged in Mali, David Faber is seriously burned during the explosion of his armored vehicle. Repatriated to France for intensive care, he must begin a long convalescence, under the worried but devoted gaze of his sister Jeanne. They meet again in the family house in the Alps, between mountains, lake and forests. Jeanne tries to reconnect her brother with the past, but David, who suffers from amnesia after the accident, does not seem to be interested in reconciling with the man he used to be.",100,4600000,0,2023-04-12,Released,2.836,4.7,34,,/ex1NYmuPEucf9rqRpJvJp6S9G3r.jpg,/vcaA8LS2Shz6lxO2FAHmpurBpIc.jpg,,,[],1,0,[],,,[],[],[],
31623,1270740,Captain Hook,Капитан Крюк,,"Nikita Kryukov is a successful hockey player in the past, who ended his sports and then his agent career because of his uncontrollable anger. No one is ready to work with him. Suddenly, he receives a message about his mother's death. He breaks off to his hometown. But it turns out that this message was sent by the mother's youngest daughter from her second husband. After his father's death, Nikita almost immediately went to Moscow, and then to America, and all this time he did not communicate with his mother — he could not forgive the fact that she almost immediately got together with another.",0,0,0,2025-02-20,Released,0.474125,10.0,1,,/3qve7gfekUDK9MgCaAJEQL4hcFI.jpg,/gaEgIxckxjX4KUNJNNxmquktuIx.jpg,,,[],1,0,[],,,[],[],[],
31076,1094662,Yuva,Yuva,,"Love blooms amid conflicts between insiders and outsiders at an engineering college, but soon conflict escalates into war.",153,0,1291465,2024-03-28,Released,1.01025,2.0,1,,/gaG7wjexcH9RJ90WUeg3FWkOYqR.jpg,/huHvRaJLx2JcG2vopXCrp55eMx4.jpg,https://www.youtube.com/watch?v=xaKFrIxCTOI,,[],1,0,[],,,[],[],[],
21220,858182,Old Man Jackson,Old Man Jackson,You think YOU had a bad day,"Mr. Jackson, an award winning automotive mechanics shop owner, and high strung hypochondriac, has a premonition. With no children of his own to pass the legacy that his grandfather started, he has one last mission to accomplish.",90,0,0,2023-04-14,Released,3.364,3.5,2,,/tGnvQk7uQ1KnLt6mwpNsztv4rMq.jpg,/6u4VNnUO9kK3dgZuTUnCp35Oetf.jpg,,,[],1,0,[],,,[],[],[],
30690,159469,From This Day Forward,From This Day Forward,EVERY DAY LOVE! EVERY DAY LIFE!,"A young American soldier, with an honorable discharge, returns home from World War II to his bride, whom he married after a short courtship and has not seen for several years. The two come together with many trials and tribulations in trying to preserve their marriage in the post-war years.",95,0,0,1946-03-02,Released,3.588,5.2,12,,/guGCW9HNztvne7acXZMICFG7TZ1.jpg,/kB6bX6A0Ql2o7LpeBgoomQNnJQE.jpg,,,[],1,0,[],,,[],[],[],
8573,1373304,A History of Sadness,A History of Sadness,,This multi-generational family profile distills the evolution of cultural and gender identity in an Iranian-Canadian family.,18,0,0,2024-11-14,Released,0.487,0.0,0,,,,,,[],1,0,[],,,[],[],[],
30960,1433157,Nature : pour une réconciliation,Nature : pour une réconciliation,,,0,0,0,2025-02-11,Released,0.910875,9.0,1,,/1XrdaP2aGYjrflgA7P9HJUenvyn.jpg,/pIUepwOs81FdsFp3sVjSAoTiFIn.jpg,,,[],1,0,[],,,[],[],[],
23689,1176179,What Happens in the Dark,What Happens in the Dark,,"When the past catches up to Trevor, a businessman and husband, he becomes haunted by his repeated betrayal of loved ones.",90,0,0,2023-09-14,Released,1.568,3.0,2,,/5j7F3VsYTbPPJMMQbfTQVah3epv.jpg,/36K3cQG74HcttNDxmpOQfXVffOX.jpg,,https://www.youtube.com/watch?v=f9mNe1HcLQg,[],1,0,[],,,[],[],[],
14854,1310826,Kanonenfieber - Hellfest 2024,Kanonenfieber - Hellfest 2024,,,0,0,0,2024-06-28,Released,0.447,8.0,1,,/hrk5I8TkjbFNXZHNYW3aYywgPgh.jpg,/AfKOHSc1FEd69S8rbPfPeGfliTx.jpg,,,[],1,0,[],,,[],[],[],
8116,1400002,Batman Beyond: Year One,Batman Beyond: Year One,Witness the rise of a new Batman,"Under the supervision of a now-retired Bruce Wayne, high schooler Terry McGinnis balances crime fighting and budding relationships in a futuristic Neo Gotham.",14,0,0,2024-11-16,Released,1.207,5.0,3,,/fKmAz8S8sNCrakDwqabfxB3A52X.jpg,,,https://www.youtube.com/watch?v=VnsCfDdPZyo,[],1,0,[],,,[],[],[],
31918,1274942,"Like Winds, Like Weeds",苍山,,"The younger sister, who has been separated from her husband for many years, avoids the past and is far away from her hometown Cangshan. While doing household chores in Shanghai, she also takes care of her mother who is suffering from dementia and her rebellious son who has been in love for a long time. After experiencing the difficulties of living in a foreign land, she chose to return to her hometown Cangshan, only to find that her hometown had changed its name. A mother who avoids the present; An elderly person who has forgotten the past; A child who questions the future. A survival story of three grandparents and grandchildren in a foreign land, a difficult journey to pursue spiritual freedom.",0,0,0,2025-03-04,Released,0.1,7.0,3,,/hT0rHfVpmUJiirwGJnvXjezTL5E.jpg,/1VeVdC5VDOutgXtgpzSoEcpJNXp.jpg,,,[],1,0,[],,,[],[],[],
2749,1407616,Vessel 2024,Vessel 2024,Death is not the end,"Marcus Surgeons has the ability to allow the spirits of the recently deceased to enter his body in order to obtain closure before moving on. He does this for financial gain, leaving his body, soul, and spirit open to an unwelcome entity with a hidden agenda.",120,0,0,2025-01-15,Released,2.723,0.0,0,,/fmhsT8ibkdoWeWQIGylfkxrhjZG.jpg,,,,[],1,0,[],,,[],[],[],
20856,1147049,Big Nunu's Little Heist,Big Nunu's Little Heist,,An ex-soldier turned deliveryman is dragged into a local kingpin's bumbling gang to pull off a daring heist in an infamous South African township.,91,0,0,2023-07-28,Released,3.251,6.8,11,,/lCMnAVZkOObw1W26Old1V0ONEzF.jpg,/6EUHHs4Y5DvSdyCrxRbFSm3ZrGE.jpg,,,[],1,0,[],,,[],[],[],
26744,1064661,The Great Arc,La Grande Arche,,"A hand-drawn ode to the multitudes contained by the La Défense district of Paris, where the future is encroaching from all sides in the form of skyscrapers made of steel and glass. The foot of a sculpture seems like an unlikely place to seek shelter, but where else can one find respite from it all?",12,0,0,2023-01-25,Released,0.705,5.67,3,,/e64XrMMzReZBw53TwVl94pTF5r0.jpg,/3pwlOrIVlPvSMPBNuwvmRjoN4Vs.jpg,,https://www.youtube.com/watch?v=w6rlIvY1Ah4,[],1,0,[],,,[],[],[],
29993,3969,Blondie in the Dough,Blondie in the Dough,Dagwood's a diamond in the rough... but Blondie smooths him out!,"BBlondie opens a bakery in her home to help fill the family cookie jar.  Her tasty cookies become so popular that a cookie magnate makes her an offer that is difficult to refuse.  Unfortunately, this creates all kinds of problems for the Bumsteads.",69,0,0,1947-10-16,Released,1.635,6.5,2,,/zviPCzCZv4OleQuKGbMvPFuaGdL.jpg,/pjAnZUfEWIumpXWI14Q4XL9LPIL.jpg,,,[],1,0,[],,,[],[],[],
23893,1139116,Lantai 4,Lantai 4,,"Jonathan and Julia are a husband and wife who are facing economic problems and business bankruptcy. Jonathan's house was confiscated by the bank, they were forced to move from his house to the Flamboyan Apartment, inherited from Jonathan's late father, Jonathan and his family lived on the 4th floor which was empty and only lived in by Oma Lie, an old grandmother of Chinese descent who was still Jonathan's relative. Laura, Jonathan's eldest daughter, feels something strange since living on the 4th floor. Something strange also happens to Citra, Laura's sister. Citra often has a strange attitude, she often throws tantrums and wants to harm Laura. On the 4th floor many residents died horribly. Laura continues to experience mysterious terrors that threaten the lives of her family.",99,0,0,2023-08-17,Released,0.819,1.5,1,,/4iydDyXJiajtJeBYhTOWZechYf9.jpg,/ioF6tk02tWZZmxoihaoB9vxRaY4.jpg,,https://www.youtube.com/watch?v=g0f0qyvYMUQ,[],1,0,[],,,[],[],[],
5502,1396391,FATHER ( THE NIGHT HAS COME ),FATHER ( THE NIGHT HAS COME ),ALEXANDRE OMENA DE SOUZA,What do you hear?,103,0,0,2024-12-10,Released,1.154,0.0,0,,/yvaHADxIuXXQqG4e3LbGu14kRHN.jpg,,,,[],1,0,[],,,[],[],[],
29458,960875,The Chalk Line,Jaula,,"After a couple finds a traumatized child of unknown origins, wife Paula must decipher the girl's strange behaviors to unlock her identity and dark past.",106,0,0,2022-09-09,Released,13.197,6.4,330,,/ifxAT8LVbSCxAi290VplTwbEQNh.jpg,/u1KFDIP64LjG3iD1dbSRBSDNyge.jpg,,https://www.youtube.com/watch?v=h0xhvgztUGU,[],1,0,[],,,[],[],[],
28897,1176781,Aerolin,Αερολίν,,"Sandy is a drama school graduate and has asthma. Tonight she will be performing at the theatre. Before that, she has to teach a yoga class, work as a clown and go to an audition. In this equation, she somehow has to try and fit in Spiros, her boyfriend.",19,0,0,2023-09-04,Released,0.379,6.5,2,,/mk3PJ8fi6PWBwQXqCK9HfNQSDFD.jpg,/f4IErt79N3RkqlAQAGAdSzsAV4Q.jpg,,,[],1,0,[],,,[],[],[],
171,1272837,28 Years Later Part 2: The Bone Temple,28 Years Later Part 2: The Bone Temple,,The second installment in the 28 Days Later sequel trilogy. Details TBA.,0,0,0,2026-01-15,In Production,13.287,0.0,0,,/aFjNy1x01SCMx9KUm5Y2pbjywT3.jpg,,,,[],1,0,[],,,[],[],[],
27306,1149175,Changing Signs,ცვალებადი ნიშნები,თავისუფალი სერიალი სტუდენტებზე,"19-year-old Nata has just returned from the States and wants to imitate the American college lifestyle in her Georgian life. Together with three other students, who all have different interests and views, she moves to a new flat.",360,0,0,2023-06-15,Released,0.385,10.0,1,,/sho2hCyDgavPUsW7AD4MCoqOwXm.jpg,/yFmpd8ZsGTP1XCdSazEIhDltAyF.jpg,https://www.youtube.com/watch?v=I-Ri8aOvDGg,https://www.youtube.com/watch?v=KhW0eZYY9Rw,[],1,0,[],,,[],[],[],
27339,1142609,"Dead & Company: 2023-06-18 Saratoga Performing Arts Center, Saratoga Springs, NY, USA","Dead & Company: 2023-06-18 Saratoga Performing Arts Center, Saratoga Springs, NY, USA",,"Set 1: Hell in a Bucket(Grateful Dead cover) Sugaree(Jerry Garcia cover) Mississippi Half-Step Uptown Toodeloo(Grateful Dead cover) (>) Mr. Charlie(Grateful Dead cover) Friend of the Devil(Grateful Dead cover) (>) Lost Sailor(Grateful Dead cover) (>) Saint of Circumstance(Grateful Dead cover) (>) Big Railroad Blues(Cannon’s Jug Stompers cover) Set 2: Samson and Delilah([traditional] cover) Playing in the Band(Bob Weir song) (>) Help on the Way(Grateful Dead cover) (>) Slipknot!(Grateful Dead cover) (>) Franklin's Tower(Grateful Dead cover) (>) Drums(Grateful Dead cover) (>) Space(Grateful Dead cover) (>) Death Don't Have No Mercy(Reverend Gary Davis cover) Throwing Stones(Grateful Dead cover) Sugar Magnolia(Grateful Dead cover) Encore: Werewolves of London(Warren Zevon cover) (> 'Playing in the Band' reprise)",184,0,0,2023-06-18,Released,0.672,10.0,1,,/dSxVMcHx0wIgS96hqqOzHuF3jFy.jpg,/s76oHC6sXo7eUzCUdn60WtibMoo.jpg,,,[],1,0,[],,,[],[],[],
15484,997661,It Is Night in America,É Noite na América,,"In Brasília, the modern capital of Brazil, an anteater is found dead by the side of a road, a boa constrictor wanders across the suburbs, and foxes prowl vacant streets. Meanwhile, in the city zoo—home to hundreds of displaced and rescued wild species—the animals look back at us humans.",66,0,0,2024-02-21,Released,0.658,7.0,2,,/vRXohj80YfqBgxlsT0WcbHWLvzN.jpg,/ePEGSqqRQKnZSosFZI5hcxYjuaO.jpg,,,[],1,0,[],,,[],[],[],
20628,1027356,Girls on Film,Girls on Film,She just wanted to be loved,"When a beautiful, erotic content creator and aspiring nurse is seduced into a toxic relationship with a lonely, drug-addicted socialite, her life begins a downward spiral into the abyss.",97,0,0,2023-11-07,Released,2.942,2.6,8,,/dsJJtg51dJC3WtRlb1ht5m19xhF.jpg,/uJGgrG1ZvnwCkM8VP9CigW813ax.jpg,,https://www.youtube.com/watch?v=eI0eV0VTRKw,[],1,0,[],,,[],[],[],
1648,1420861,Celebration,Šventė,,"In 2024, Lithuania celebrates the centenary of the Song Festival. A week of spectacular events brought people together, attracted hordes of tourists, and invited hundreds of Lithuanians from all over the world to return home. What does this tradition mean to us? What does it take to create an event of this scale? How to prepare for it? What are the thoughts that go through the minds of the creators a few minutes before the concert?",60,0,0,2025-02-07,In Production,3.234,0.0,0,,/scRR3LrfJXxEtnOiaJd19V0y9Pv.jpg,,,,[],1,0,[],,,[],[],[],
26301,1203975,Naina,Naina,,"""Naina"" unfolds the poignant aftermath of a young girl's recovery process following a sexual assault at a party in Mumbai. The film sensitively navigates the survivor's emotional journey and the challenges she faces in the wake of this traumatic event.",15,0,0,2023-11-17,Released,0.404,10.0,1,,/tFF0DZzOwomVRsHWKrppMGl4Q4t.jpg,,,,[],1,0,[],,,[],[],[],
6434,1386265,Misión Delta,Misión Delta,,,0,0,0,2024-12-02,Released,0.652,0.0,0,,/6wmNZWCXAMxzibpMjmb9Q4OLG5o.jpg,,,,[],1,0,[],,,[],[],[],
701,1235336,The Sensational Cat-Man,The Sensational Cat-Man,From the Heart of the Wild... A Hero is Born...,Detective David Merryweather must protect Skyline City from a cat-astrophic crime wave featuring a slew of wacky villains all while investigating the disappearance of one of the town’s most promising musicians. A noir mystery featuring Filmation-esque aesthetics and exciting hijinks.,0,55821,0,2025-06-01,In Production,0.836,0.0,0,,/8SZXO4djqfK53hI4rX4ka2OaD4.jpg,/vqgQtW4Fsa8DL5Nd5EinnXbkU5H.jpg,,https://www.youtube.com/watch?v=s0dgkoMJGIc,[],1,0,[],,,[],[],[],
19557,664341,Eileen,Eileen,Crime has never felt so intoxicating.,"During a bitter 1964 Massachusetts winter, young secretary Eileen becomes enchanted by Rebecca, the glamorous new counselor at the prison where she works. Their budding friendship takes a twisted turn when Rebecca reveals a dark secret — throwing Eileen onto a sinister path.",98,16000000,1560142,2023-12-01,Released,18.22,6.1,238,,/x6kedRqcj8jH0cik9p1jzkDwZvM.jpg,/sQCjcWPoAVuTvDJfBJitBlDstNU.jpg,,https://www.youtube.com/watch?v=otDHCJcdN34,[],1,0,[],,,[],[],[],
18983,1289068,Rachel Feinstein: Big Guy,Rachel Feinstein: Big Guy,,"From her firefighter husband's unflattering pet name to her mom's aggressive accessorizing, Rachel Feinstein lets loose in this stand-up comedy special.",54,0,0,2024-05-21,Released,0.723,5.7,5,,/bqoJFCytLz0t7x0Q45esfzDr30s.jpg,/osjRNzoCkBFmJCYfQbCtx11HneE.jpg,,,[],1,0,[],,,[],[],[],
21161,999147,Lost Country,Изгубљена земља,,"Belgrade, 1996. During the student demonstrations against the Milosevic regime, 15-year-old Stefan leads his own revolution in the heat of events: accepting the unacceptable, seeing his mother as an accomplice in the crime and finding, despite the love he feels for her, the strength to confront her.",98,1100000,0,2023-10-11,Released,4.538,6.8,7,,/kquGXaWu9nJr9clSAbYKNg0eiPF.jpg,/pUHIwScKMyK83UjTC8lZSCgQGjn.jpg,,https://www.youtube.com/watch?v=4e37Yt-WSDc,[],1,0,[],,,[],[],[],
31297,1380505,Una solución a la problemática habitacional de la población,Una solución a la problemática habitacional de la población,,"María and Nerea have had their rent raised. While Nerea panics, not knowing what to do, María finds a solution to all their problems, something that will mean they won't have to look for an apartment ever again.",3,1000,0,2024-10-31,Released,0.253,9.0,1,,/vIQNZwS1nxzrq7np3UINxyi4cdk.jpg,/8POHa7phRMVr7sR9CaWkpnc2yYA.jpg,,,[],1,0,[],,,[],[],[],
336,1403655,Hark The Herald,Hark The Herald,The Angels Sing,"A group of strange Carolers appear at a man's front step, and refuse to end their song.",0,0,0,2025-10-31,In Production,0.388,0.0,0,,,,,,[],1,0,[],,,[],[],[],
9377,1382420,My Diary Does Not Exist,My Diary Does Not Exist,The room is so white.,A recollection of my memory of amnesia and depersonalization state after suicide attempt.,7,0,0,2024-11-07,Released,0.584,0.0,0,,/lAhPF9FMNJIDzToezeA8hmDYVu8.jpg,/uS4lTamEVrQz0djSAx3RSKrgFAk.jpg,,,[],1,0,[],,,[],[],[],
22210,1043780,Tips for Cheating 2,Porady na zdrady 2,,"After his girlfriend expresses discomfort with his all-women client list, a therapist pivots by helping the leader of a support group for a distressed men.",94,0,376500,2023-08-04,Released,1.394,4.2,5,,/nGmapWNMbYuPiUv2Dyj65KtdGf2.jpg,/23pq3FfOZdyu3JrR2e0pHnpA2yN.jpg,,,[],1,0,[],,,[],[],[],
3547,1415956,legends from possum holler,legends from possum holler,,Dolly Parton loving girl puts on performance for her grandpa in hopes of being allowed to see boyfriend in Possum Holler.,2,0,0,2024-12-31,Released,0.892,0.0,0,,/8kUWKH9airbsUzQxfeFzRyRvix4.jpg,/sWWOS0UBBa2hO98ArZOC0Nqipxe.jpg,,,[],1,0,[],,,[],[],[],
14695,1383940,E. Jean Carroll V. Donald J. Trump,E. Jean Carroll V. Donald J. Trump,,"E. Jean Carroll V. Donald Trump is a powerful documentary that brings to life the brave testimony of writer E. Jean Carroll, who accused former President Donald Trump of sexual abuse. In a landmark legal case, Trump was held liable for sexual abuse and defamation, with a court ordering him to pay $83.3 million in damages.  Directed by Robert Greenwald, this Brave New Films production features powerful performances from prominent actors, including Kathryn Hahn, Ellen Burstyn, Lexi Underwood, and Regina Taylor. Through their voices, the film vividly portrays Carroll’s courageous fight for justice.  As Election Day nears, E. Jean Carroll V. Donald Trump is a must-watch for anyone concerned about justice, accountability, and the future of American democracy.  Watch now and share with friends, especially those in battleground states, as we fight to make sure the truth is heard.",18,0,0,2024-10-03,Released,1.121,8.0,1,,/i5GbhZSYUPM7hi1CpnoQhQ8SliP.jpg,/fo7MaKAHvbzlZ8vPg1xku9TSeyG.jpg,,https://www.youtube.com/watch?v=IckzfrjslPA,[],1,0,[],,,[],[],[],
8603,1370210,Yalla Parkour,يلّا باركور,,"When filmmaker Areeb Zuaiter lost her Palestinian mother, she lost her connection to Gaza. With all the memories from her childhood destroyed, she sets out on a quest to connect with a young man she sees in a video doing parkour among ruins in Gaza. With Ahmad as her guide, she explores life in Gaza, and rebuilds her memories of her mother and her childhood. In this time when Gaza and its people are being devastated every day, here’s a portrait of a tormented city and the perseverance of its people.",87,0,0,2024-11-14,Released,0.347,0.0,0,,/lvaMI7f454hyEHYhKtrzm31GOTa.jpg,,,,[],1,0,[],,,[],[],[],
9503,1383962,Origins of a Delinquent,Origins of a Delinquent,,"Jeffery Violence is a coward and unlike his name, he is not violent. However... That's all about to change when an unexpected guest shows up at his home.",5,180,0,2024-11-06,Released,0.314,0.0,0,,,,,,[],1,0,[],,,[],[],[],
7193,1358974,Looney Tunes Collector's Choice: Volume 04-04,Looney Tunes Collector's Choice: Volume 04-04,,The characters of Looney Tunes get themselves into crazy situations.,180,0,0,2024-11-26,Released,0.721,0.0,0,,/8F8hty6zdQ9admhsLaofEgeM3NM.jpg,,,,[],1,0,[],,,[],[],[],
22601,1205282,Kota Bommali PS,Kota Bommali PS,,A police officer finds himself on the run after being framed by a politician for a crime.,0,0,0,2023-11-24,Released,1.226,7.0,3,,/ejKoCtepiw7saPS0vCdY1xKBjsw.jpg,/pLvcF9KgUdo5AXQAoM0hkigtsH6.jpg,https://www.youtube.com/watch?v=3KkM7DC4J4A,,[],1,0,[],,,[],[],[],
29901,149687,The Perils of Pauline,The Perils of Pauline,The Untold Story of the Life and Loves of the First Great Thrill Star of the Screen!,"Funloving Pearl White, working in a garment sweatshop, gets her big chance when she ""opens"" for a delayed Shakespeare play...with a comic vaudeville performance. Her brief stage career leads her into those ""horrible"" moving pictures, where she comes to love the chaotic world of silent movies, becoming queen of the serials. But the consequences of movie stardom may be more than her leading man can take",96,0,0,1947-07-04,Released,2.422,6.2,8,,/sNRA50WgkFnMA7g1M0qjBaPYrT2.jpg,/hfEXbZpm90pkqnNITCFXgRKqEip.jpg,,https://www.youtube.com/watch?v=8wOt0EREAFk,[],1,0,[],,,[],[],[],
29590,1027385,Dangerous Game: The Legacy Murders,Dangerous Game: The Legacy Murders,Are you ready to play?,A family reunion at a remote mansion takes a lethal turn when they are trapped inside and forced to play a deadly survival game where only one will make it out alive.,96,0,0,2022-10-21,Released,10.851,6.4,99,,/xkRhMw0tBpDtg28bytxN2hrhyri.jpg,/qobm3A9oXZAqVyKapoANeBgsG0M.jpg,,https://www.youtube.com/watch?v=6303iTtM-mk,[],1,0,[],,,[],[],[],
4033,1407349,A Winter Chill,A Winter Chill,It's the most wonderful time of the year,A group of friends enjoy a night together amidst the Christmas season,6,0,0,2024-12-25,Released,0.473,10.0,1,,/tyfwBvbYUejAT6pNdFFrtHwU0HZ.jpg,/y5MRsttLAAiBUjuim3bzpjl9U2C.jpg,,,[],1,0,[],,,[],[],[],
26664,1191318,I Will Never Leave You Alone,I Will Never Leave You Alone,"Prison outside, or terror inside.","After being released from prison, a brooding man with a dark past is forced to stay in a haunted house to clear it of spirits. If he leaves, he goes back to prison, but the witch-ghost may be more punishment than he can withstand.",93,0,0,2023-10-14,Released,0.855,8.0,1,,/qfzlYHcHqu2Q0u7ZA9uhGOI4ETa.jpg,/hcUkv9JQF7WqcPTjuwST3KApiHG.jpg,,https://www.youtube.com/watch?v=lvNV6onSUPo,[],1,0,[],,,[],[],[],
9395,1377623,Coluche la véritable histoire d'un mec,Coluche la véritable histoire d'un mec,,,0,0,0,2024-11-07,Released,0.679,0.0,0,,/2EDUaECI0yATJw14WWRwfg0ynHi.jpg,,,,[],1,0,[],,,[],[],[],
24115,1148396,LEGO Monkie Kid: The Emperor's Wrath,LEGO Monkie Kid: The Emperor's Wrath,,MK and his friends must embrace their ancestral powers if they have any hope to stop the new Jade Emperor before he tears the whole universe apart!,43,0,0,2023-06-01,Released,1.793,5.5,2,,/b95d0DcRwRPDeW1HmnjZxukZ9Ba.jpg,/jcQRY3DZXBidPcGh7q7OWVZtTdv.jpg,https://www.youtube.com/watch?v=NTBzs7uUybI,,[],1,0,[],,,[],[],[],
31537,1353002,What We Wrote Together,Lo que escribimos juntos,,"Mariano and Juan have been dating for several years; they have a dog and a quiet life. Mariano always wanted to have a small plant nursery away from the city and now that Juan’s work as a writer is more established due to the success of his latest novel, they decide to make that change. While they adjust to their new space and their new routines, they receive a visit from Juan's best friend, who has news to tell them.",93,0,0,2025-03-13,Released,1.28275,8.0,1,,/vIZuwXUvgUPfZFYYduXyJkQ71Ld.jpg,/6bro7hHYoghblrjAs8NQfvWwLNB.jpg,,https://www.youtube.com/watch?v=ucU76N_OQa4,[],1,0,[],,,[],[],[],
24828,1067321,Exceptional Beings,Exceptional Beings,,"Two Immortal Gods, Athena and Hermes, who have lived on earth for over 4000 years, find out that there is much to the planet than they have always believed, when then come into contact with Mina, a woman who makes them question their own reality.",97,0,0,2023-01-31,Released,1.428,5.0,4,,/x2tXmgK1Y0tnp2mPvF3a4jLVsIo.jpg,/bqsLwwkl8VA6wrvZ8DP3F0gj5ID.jpg,,https://www.youtube.com/watch?v=QfXhrZtRpTo,[],1,0,[],,,[],[],[],
20612,999501,Zero to Hero,Rodeio Rock,,"When a rock wannabe is forced to replace his famous sertanejo look-alike, he faces a life-changing choice — lose his own identity or follow his heart.",109,0,0,2023-10-05,Released,4.663,6.4,21,,/itbvNJRF3NxIS6gysGEKeO1adSn.jpg,/AgYQOgvtryEtQuBjfRNghFmhDfk.jpg,,,[],1,0,[],,,[],[],[],
30539,1220642,Little Audrey,Little Audrey,,"""Little Audrey"" is an animated young girl character known for her outburst of laughter that first appeared in the Noveltoon ""Santa's Surprise"" in 1947 and appeared in many other American cartoons from 1947 to 1958.",100,0,0,1947-12-05,Released,0.121,7.0,1,,/7NxQKnNYf2jy8vsCmrta3p65uNa.jpg,,,,[],1,0,[],,,[],[],[],
26537,1210580,Castelrotto,Castelrotto,,"A mysterious wrongdoing shakes the life of Castelrotto, a small Apennine village that has always been off the news... and history. Ottone, a former local journalist and retired elementary school teacher, takes advantage of the incident to pick up the pen again and seek revenge for an old injustice suffered. His plan is clear: manipulate the narrative of the new crime to accuse the men who ruined his life.",0,0,0,2023-02-10,Released,0.683,8.2,2,,/9StjGniLo5xo3uKbJm7xKoQpxMM.jpg,/Ap2Rhv9hG46ajiQUId4DuOh1sI5.jpg,,,[],1,0,[],,,[],[],[],
11399,1300945,A Place Called Silence,默杀,,"Chen Yutong, a girl's middle school student, was bullied at school, but her mother Li Han was unable to save her daughter from the ""hell."" Everyone around her turned a blind eye, and a collective silence brewed greater violence.",119,0,192856689,2024-07-03,Released,2.851,6.7,30,,/uKThqY2oRYSHOPxYryTp2550fuZ.jpg,/ch8ck4dxosMqp2lvIVYOdHVeKNp.jpg,,https://www.youtube.com/watch?v=AhDiIVEa4UU,[],1,0,[],,,[],[],[],
23426,1080973,My Landlord Wants Me Dead,My Landlord Wants Me Dead,,A college dropout unwittingly puts her own life at stake when she investigates a series of strange and terrifying events at her aunt's secluded ranch house.,88,0,0,2023-02-05,Released,1.381,4.2,4,,/1dGTTSiHPujTJUuMCdDsrNKkWfI.jpg,/iJEgntC4nnUjGu65sc47GfojZ5X.jpg,,,[],1,0,[],,,[],[],[],
22856,1256602,Behind Desires,Detrás de los Deseos,Something is watching us.,A couple's fight makes their desires come true.,9,100,0,2023-05-21,Released,2.608,10.0,1,,/s43MJXi81g033SNDLwdZsLncCKQ.jpg,/o8MZDR0AhbDzr3XaO9lyfM72FQn.jpg,,https://www.youtube.com/watch?v=invYgtQp3tY,[],1,0,[],,,[],[],[],
4424,1402540,"A Memory, of Whose I Can't Remember","A Memory, of Whose I Can't Remember",,"A diary film comprised of archival home video footage taken in the years leading up to the filmmaker's birth, documenting their family in a foreign time and place.",3,0,0,2024-12-20,Released,0.912,0.0,0,,/3ugL1X9PztKkCfs9EuGdmrdvojn.jpg,/74lQ4oPyoOrOauummpw7CYQcvvd.jpg,,,[],1,0,[],,,[],[],[],
3402,1413365,Delicacy,Delicacy,BEAUTY OF THE MUNDANE.,A very short film on the exploration of textural nuances through the city of Dublin. Shot on iPhone. Accompanied by a score.,2,0,0,2025-01-01,Released,0.926,0.0,0,,/ad22218HKuH0qZWbZoWSJLDxHSV.jpg,/dWlA4YS01u83jX46BNFy0QraX7o.jpg,,,[],1,0,[],,,[],[],[],
19202,980026,The Promised Land,Bastarden,,"Denmark, 1755. Captain Ludvig Kahlen sets out to conquer a Danish heath reputed to be uncultivable, with an impossible goal: to establish a colony in the name of the king, in exchange for a royal title. A single-minded ambition that the ruthless lord of the region will relentlessly seek to put down. Kahlen's fate hangs in the balance: will his endevours bring him wealth and honour, or cost him his life...?",127,8500000,2119043,2023-10-05,Released,30.461,7.76,361,,/npQgoOWn4fnvOIIyTj4rIV80FXC.jpg,/pERcOAR1Teg4sLDDqRXj1TBjVsn.jpg,,https://www.youtube.com/watch?v=c9U1E9cC5is,[],1,0,[],,,[],[],[],
4779,1404182,A Wedding to Diego,A Wedding to Diego,"Lena, a non-binary sober writer, and Diego, a trans-masculine alcoholic painter, engaged to marry, host opposing bachelorx celebrations which highlight their different personalities and cause a rift in their relationship.","A spin on the classic marriage film from Miracle Valenzuela Everett about a Latine non-binary sober writer, and their trans-masculine fiancé, who happens to be a hot mess. During their separate bachelorx parties, the two have a dysfunctional phone call that leaves them wondering if they will make it down the aisle.",13,20000,0,2024-12-16,Released,0.001,0.0,0,,/zXc0exKpRsbCTFsrxMgiK3UVXVg.jpg,/of9JkTb2GROHF1i4Kk7QBisTdx.jpg,,,[],1,0,[],,,[],[],[],
7421,1385801,Trio,Trio,Sometimes we just want to make mistakes,"When a polyamorous trio seems to be living its peaceful everyday life, the arrival of a girl is ready to upset their balance and change their destinies forever.",22,1500,0,2024-11-23,Released,1.246,0.0,0,,/breQNLUYG6Z9cqFcvmRjWU3R4C9.jpg,/jq77jCPwnkQgfHZuzv1KvOOpvcO.jpg,,https://www.youtube.com/watch?v=qI1ywaBc28M,[],1,0,[],,,[],[],[],
28018,1212861,The End of Voyage,항해의 끝,,"A middle-aged man is sailing while losing his memory. Not knowing that his wife's voice is an auditory hallucination, he continues to talk to her. Black ash and black water. A whale with breathing difficulties. A burning continent. Oil spilling from a stranded ship. Despite his deteriorating health conditions, his last conversation with his wife, gives him the courage to chase his dream and face the waves.",10,0,0,2023-12-03,Released,0.414,6.5,2,,/vk0abUyl8vp5pdN0duwEul2l0Hc.jpg,,,https://www.youtube.com/watch?v=JSbX8OKE22c,[],1,0,[],,,[],[],[],
12266,1250784,Kuramerukagari,クラメルカガリ,,A young cartographer must unearth the secrets of her maze-like town to save its citizens from mysterious sinkholes.,62,0,0,2024-04-12,Released,0.6813750000000001,6.3,3,,/jr59za0cZFzt3mHt4VfIfoOxzEC.jpg,/fsgGP4ZzPAUSFGu9No3upiw9FLh.jpg,https://www.youtube.com/watch?v=JfZOKeqtGw4,,[],1,0,[],,,[],[],[],
17654,1317063,Jean-Michel Jarre : Francofolies de La Rochelle,Jean-Michel Jarre : Francofolies de La Rochelle,,,0,0,0,2024-07-15,Released,0.39749999999999996,9.5,2,,/2aofAHLPL6mbHtdlrrVPwFXEYl3.jpg,/eta8DYWXI3Ux0lUsG5KF6NaznQ9.jpg,,,[],1,0,[],,,[],[],[],
8928,1419193,"The Reenactment of Doss v Bernal, 80 Years Later","The Reenactment of Doss v Bernal, 80 Years Later",,"In 1943, Alex and Esther Bernal courageously challenged a racial restrictive covenant prohibiting “Mexican people” from living in the house they had purchased. Eighty years later, two distinguished Mexican-American judges who grew up in the same area as the Bernal, decided to reenact that case in the same courthouse.",88,9000,0,2024-11-10,Released,0.306,0.0,0,,/vpq0lUowwrXnKO0CRYgm3hXrKnF.jpg,,,https://www.youtube.com/watch?v=giUNHQ8Im6M,[],1,0,[],,,[],[],[],
23566,1153020,Herd,Herd,Some fight for survival. Others fight for control.,"When a woman trying to outrun her past ends up trapped between a zombie outbreak and warring militia groups, she is caught in a world where some fight for survival but others fight for control.",97,0,0,2023-10-13,Released,1.627,4.0,12,,/6vvTeeXeD7rjS8DaZRGIaQR2NNK.jpg,/5MiRiEPUi8E2y21L4nusfn8Kwu1.jpg,,https://www.youtube.com/watch?v=hgf9_h5jA-c,[],1,0,[],,,[],[],[],
24471,1082930,A Date with Deception,A Date with Deception,,"Released from prison for a crime she didn't commit, Diana tries to prove her innocence by tracking down her ex-husband, Elias, who framed her for fraud. However, she soon uncovers a much more nefarious plot that involves a mysterious disappearance.",88,0,0,2023-02-09,Released,1.317,4.5,4,,/zQC0NRNzHXHJoknCQgaSJVS26K7.jpg,/aoZZ6G2yS8JNcBnkfhJhpGT06DU.jpg,,,[],1,0,[],,,[],[],[],
28888,1101707,Allas,Allas,,A speechless story of a young boy in a skeleton costume and his father’s swimming trip to a lido. It seems like an ordinary trip until a strange woman with sunglasses joins the father at the pool.,16,0,0,2023-03-09,Released,0.164,6.0,2,,/zZCC2aIm7bMquPBpuWBhkPrOseX.jpg,/tBG3u7Rf5nUMYZhy45MTzlBXBHF.jpg,,https://www.youtube.com/watch?v=D3FXHfACBts,[],1,0,[],,,[],[],[],
19421,835767,Gunfight at Rio Bravo,Gunfight at Rio Bravo,Justice will be served.,"When mysterious Russian gunslinger Ivan Turchin rides into a small Texas town, he runs afoul of a bloodthirsty outlaw gang known as The Hellhounds. Outmanned and outgunned, the town must put their trust in Turchin to protect them from annihilation at the hands of the bandits. The gunslinger finds allies in the form of Marshal Austin Carter and Sheriff Vernon Kelly, and together the three must make a desperate stand against impossible and violent odds.",80,0,0,2023-01-13,Released,20.537,6.4,69,,/92hYmHw1XpMEF7yZUzjOzcO4zmC.jpg,/paZcZF8RbQHPNq3gb3IeSNITjtL.jpg,,https://www.youtube.com/watch?v=9hA-PyfOZ4E,[],1,0,[],,,[],[],[],
16411,1422642,For You,For You,What would you do for love?,"When a toxic relationship becomes harmful, Liam proves himself to Madi in a dauntless act. The two spiral into a murder spree that blends ruthlessness and devotion in unsettling ways. When passion collides with violence, the bounds of love and loyalty must be drawn. As their actions push the limits of morality, the chilling truth about their relationship must be faced.",9,256,0,2024-08-25,Released,0.17,10.0,1,,/2H6A4txefhw0iUV2MgYg6BhysDA.jpg,/6prKAk9arBXXoRG9Rzu2FBYfK2t.jpg,,,[],1,0,[],,,[],[],[],
30243,369455,Devil in the Flesh,Con el diablo en el cuerpo,,Young newlywed girl about to embark on her honeymoon persuades older family friend to assist her in an extensive search for her missing husband. A road-trip full of comical misadventures ensues.,81,0,0,1947-05-21,Released,1.27,5.5,4,,/8UixtLbHZmi9eK6bS6lUjmp8Jiy.jpg,/hFg1bR6RPVqpyaOANvS2Wnc6LEX.jpg,,,[],1,0,[],,,[],[],[],
27053,1248876,Group,Group,,"At a group meeting for recovering addicts, not everyone is telling the full truth about their reasons for attending. As each participant takes part, the truth of their pasts and experiences become disturbingly clear as each tries to benefit from the session for very different reasons.",119,0,0,2023-11-17,Released,0.759,4.0,1,,/q4sGAX7KgCZ48xOnF3cCiQVcAVs.jpg,,,,[],1,0,[],,,[],[],[],
25310,1150687,Nina of the Wolves,Nina dei Lupi,,"A sudden solar storm renders any electronic equipment around the planet useless. On the same day, a baby girl is found on the mountain near a small village lost in the mountains. Her name is Nina.",104,0,0,2023-08-31,Released,1.005,5.41,11,,/7rqeaKEEXLGzce6mJDeOs1t4HN.jpg,/qzxRl8GtdAXyRZwDY4TPXoVBm02.jpg,,,[],1,0,[],,,[],[],[],
971,1287283,Every Last Breath,Every Last Breath,There is no life without death.,"After befriending a woman, Thanatos the god of death tries to experience the mortal world whilst struggling to deny his godly duties.",15,1400,0,2025-04-02,In Production,0.896,0.0,0,,/2pz3KeQZWQXvx0VuIxEVvjQ3Ubs.jpg,/3gDsZMUMmUqSdlC4nFgI5AMXDpR.jpg,,https://www.youtube.com/watch?v=Rv5eosyB9OA,[],1,0,[],,,[],[],[],
16,1417592,A World Without Trees,A World Without Trees,,"A group of pirates spend their nights and days at the sea. They are children of famous architects. To kill time, they sleep, play games, take Benadryl and snort amphetamine",0,0,0,2027-12-31,Planned,0.434,0.0,0,,,,,,[],1,0,[],,,[],[],[],
20040,1115694,Goatman,Goatman,,A series of grisly murders point to the terrifying cryptid.,87,20000,0,2023-04-17,Released,6.626,6.9,27,,/85N39Re3qw8o52BcmnVlacVPyni.jpg,/holtzVB17aoqCJlOiAXhKkCRhqj.jpg,,https://www.youtube.com/watch?v=GLEY5ea3HjU,[],1,0,[],,,[],[],[],
237,1381705,Mnemonix,Mnemonix,The legendary laws of robotics need to be rewritten.,"Following the death of half of the global population by a virus, a scientist has introduced a new form of life: the Mnemonix.",0,0,0,2025-12-22,Planned,0.514,0.0,0,,,,,,[],1,0,[],,,[],[],[],
4448,1390836,The Late Night show With Jimmy Moon,The Late Night show With Jimmy Moon,A time traveling talk show? What's next!,A Charismatic talk show host is on the air with Hollywood's finest directors from the industry's past and present.,22,0,0,2024-12-20,Released,0.631,0.0,0,,/zyR8WQ0QHDgCpFiq6pTAYtvJsA3.jpg,/5qql0GDLWGgbSOXqmmj6p2nYniz.jpg,,,[],1,0,[],,,[],[],[],
2172,1073588,Two Women,Deux femmes en or,,"Violette and Florence no longer understand what is happening to them. Respectively, on maternity leave and off work, one is on edge, the other no longer feels anything. The neighbors are both filled with a feeling of failure: despite their careers and families, they are not happy. Florence's first infidelity will be a revelation. What if happiness was rebelling against our rigid society of performance? In a context where having fun is very low on the list of priorities, sleeping with a delivery guy is perhaps downright revolutionary. For Violette and Florence, it will be the breath of fresh air they were hoping for.",100,0,0,2025-01-25,Released,15.56,0.0,0,,/4TCAsaSIUTLNRfzGIYsmiyBW3E9.jpg,/kgz5mxoIMIx9DORgo23q5SMHmsw.jpg,,,[],1,0,[],,,[],[],[],
5780,1370085,The Orange,ក្រូច,,"Two childhood best friends reconnect after years of separation. Chay, a Phnom Penh resident, helps Lyer, who comes from the countryside, get a job as a projectionist in the city. A film screening prompts them to wonder about their future together.",16,0,0,2024-12-07,Released,0.001,0.0,0,,/4v1PuJr0h9hDkZyDqXaIaRoOPEF.jpg,,,https://www.youtube.com/watch?v=AbxVlT3LHjI,[],1,0,[],,,[],[],[],
7067,1394278,Sonst War Es Still,Sonst War Es Still,,"Witnesses recount how they experienced the bombing raid on Freiburg, a city in southern Germany, on November 27, 1944. At the time, they were still children. They also provide insights into how these experiences and the wartime period shaped their lives and how they view today’s world through the lens of those events.",44,0,0,2024-11-27,Released,0.432,0.0,0,,/xIG1J3IofXWnau5OCtpKgn0GhuF.jpg,,,,[],1,0,[],,,[],[],[],
21921,1068625,Engaged to be Murdered,Engaged to be Murdered,,"Amanda will stop at nothing to keep her son Jackson from marrying Olivia, whom she believes is after his money.",90,0,0,2023-01-02,Released,1.596,5.2,6,,/o2yWiKKE4kzIYRQLEiJdg2epzCS.jpg,/uU6EgJ5TEKuwnQkwl14M5Mc0Pjz.jpg,,,[],1,0,[],,,[],[],[],
29298,615904,Marry Me,Marry Me,Say yes.,"Pop superstar Kat Valdez is about to get married before an audience of her loyal fans. However, seconds before the ceremony, she learns about her fiance's cheating ways and has a meltdown on stage. In a moment of inspired insanity, Kat locks eyes with a total stranger in the crowd and marries him on the spot. As forces conspire to separate the unlikely newlyweds, they must soon decide if two people from such different worlds can find true love together.",112,23000000,44000000,2022-02-09,Released,14.447,6.65,1017,,/ko1JVbGj4bT8IhCWqjBQ6ZtF2t.jpg,/vdQdA6sAqnTbkyxGh6lpoEvNfEG.jpg,,https://www.youtube.com/watch?v=Ebv9_rNb5Ig,[],1,0,[],,,[],[],[],
23230,1192615,La Fille de l'assassin,La Fille de l'assassin,,,0,2030000,0,2023-11-25,Released,2.195,7.1,5,,/x3inbzgT0tWr4yQwHqdSAxcNdww.jpg,/kLxxoxIzTKVyleKA1hLwgKVXWT.jpg,,,[],1,0,[],,,[],[],[],
23828,1138915,Gli ospiti,Gli ospiti,Which of them is not the intruder?,In a cottage on the outskirts of Rome a group of people are guests for dinner at the owner’s house. Which of them is not the intruder?,0,0,0,2023-10-12,Released,0.89,6.69,13,,/rYvNZguPyNPvD2PSakBPEpQZ6cX.jpg,/pAf7f6NQHNirkSJojeivlP4HBgs.jpg,,,[],1,0,[],,,[],[],[],
18639,1233286,"80's, la vague américaine","80's, la vague américaine",,,0,0,0,2024-01-18,Released,0.164,7.0,1,,/lvmsDJTVsFP9A4jlj5H4HO2WInP.jpg,/5Ebjr6S9hluqDT2ypaZLvOtAUYt.jpg,,,[],1,0,[],,,[],[],[],
5219,1401416,"Vladimir Carvalho, Cinema e Memória","Vladimir Carvalho, Cinema e Memória",,"An affectionate conversation about the life and work of one of Brazil's greatest documentarians. Vladimir Carvalho opens the doors of Cinememória to Marcia Zarur's crew. Generously, he shares every detail of the Cinema Museum: pieces and equipment carefully collected over more than half a century. These objects tell the story of cinema in Brasília, Brazil, and the world, and, above all, reflect a lifelong passion for the art of filmmaking. The short film offers a joyful and lighthearted account, which turned out to be the filmmaker's final interview. Vladimir Carvalho suffered a heart attack an hour after the team left the site and passed away two weeks later.",23,5,0,2024-12-12,Released,0.783,0.0,0,,/ocDoYkrwJOWyd5ZXE7JqZEZ75KJ.jpg,,,,[],1,0,[],,,[],[],[],
16799,1242133,Rothko,Rothko,What will you leave?,"Dorian sits in a room with Basil. Consumed by grief and guilt over the death of Sibyl, he confides in the man.",6,1000,0,2024-02-09,Released,0.392,0.0,1,,/3GwsKyqka72S4PUE8oTXAFqJXB4.jpg,/E40kYuTTR8kTjwZjgO8pVquYGa.jpg,,,[],1,0,[],,,[],[],[],
6095,1391409,Biggest Heist Ever,Biggest Heist Ever,,Their crimes earned them the nickname Bitcoin Bonnie and Clyde — and the story only gets weirder in this documentary about the most lucrative heist ever.,87,0,0,2024-12-05,Released,1.466375,6.19,16,,/wIS7g0i09afNbHQ9VHRnP8PErTs.jpg,/bAAOUDcLDV93cASAXtAxqOj8tO3.jpg,,https://www.youtube.com/watch?v=4yzcg2rtMnI,[],1,0,[],,,[],[],[],
21456,1074788,A Heidelberg Holiday,A Heidelberg Holiday,Just a German-fashioned love story.,"Heidi heads to the Heidelberg Christmas market to sell her hand-painted ornaments. While there, she falls for a local artisan who helps her reconnect with her lost heritage.",84,0,0,2023-11-12,Released,2.794,6.5,26,,/zSjUQ5EpOf4ytijx5X1bQefYfwp.jpg,/4PYs2vkVXDtKIiZTgVXP4geqzZ4.jpg,,https://www.youtube.com/watch?v=ibjqXBiVPCs,[],1,0,[],,,[],[],[],
17480,1293531,Pierre de Coubertin : Grandeur et mystères du père des J.O.,Pierre de Coubertin : Grandeur et mystères du père des J.O.,,,0,0,0,2024-05-21,Released,0.181,8.0,1,,/t5IwryZgtphQUxjdQO4rAYcuXtS.jpg,/ddAP58vFIEpzRdqiFRxMd5lsow3.jpg,,,[],1,0,[],,,[],[],[],
18629,1252595,"Platónico, platónica","Platónico, platónica",,,0,0,0,2024-03-01,Released,0.179,5.0,1,,/kwAnBxAVnIVEXAzVXlFyZSLLDad.jpg,/huLXrRz5LN10QTMECJC3yGPRi9u.jpg,,,[],1,0,[],,,[],[],[],
4829,1397126,Vestígios,Vestígios,,,0,50,0,2024-12-16,Released,0.854,0.0,0,,/1fdRE7HRGdYyEloFpZSPhf1lmSJ.jpg,,,,[],1,0,[],,,[],[],[],
26391,1088982,The Burial,The Burial,Nothing is what it seems.,"When Molly’s boyfriend gets a phone call from his estranged brother, she thinks nothing of joining him on an impromptu family reunion at a remote cabin. However, she soon finds herself taking charge of a deadly situation when the trip’s true purpose is revealed and good intentions lead to a conflict with pure evil.",82,0,0,2023-03-03,Released,0.406,2.0,1,,/kib1qHImOwHduywwEEMkElBHVKk.jpg,/9GFrk6CPvf63kUEshXv1UN4AlCY.jpg,,https://www.youtube.com/watch?v=nVJaqBz-uNk,[],1,0,[],,,[],[],[],
16776,1277204,Poppycockical,Poppycockical,"NONSENSE, HOGWASH, BLATHER, BLETHER, BALONEY, GIBBERISH, POPPYCOCK.",Two simultaneous tales of nonsensical anti-climax.,4,0,0,2024-04-18,Released,0.328,9.0,1,,/l7XbkMgY2aFo64treJgHqUdl9xd.jpg,,,https://www.youtube.com/watch?v=Ee4uYg-a2Xw,[],1,0,[],,,[],[],[],
28010,1151030,Draculaw,Draculaw,HE'S A SUCKER FOR THE RULES.,"In a world corrupted by power and greed, ""Draculaw"" presents the story of The Counselor, an evil lawyer with a sinister agenda. Exploiting the legal system's loopholes, The Counselor orchestrates an intricate web of needless laws that surreptitiously rob people of their precious time. With each stroke of his pen, he ensnares innocent lives, stealing their moments to fuel his insatiable hunger for control. As chaos mounts and society teeters on the brink of collapse, a courageous lawyer, Arc, armed with truth and determination, steps forward to expose The Counselor's malevolent schemes. Can Arc and his friends fight The Counselor and his Band of Monsters to restore the balance of Justice before it's too late? With horror, humor, action, and romance, ""Draculaw"" delivers a fun thrill ride.",104,0,0,2023-07-09,Released,0.232,10.0,2,,/9UAuGzZgTbKUP2bOGBNUqe6atI.jpg,/ppNn7DI3tH3yNMCD4vnnpssn7ZQ.jpg,,,[],1,0,[],,,[],[],[],
26236,1201232,The Promotion,Εξέλιξη,,"2012. Nikos lives in Athens. He is a film director who teaches film direction at the University of Thessaloniki. Today he will ask his father, Mr. Andrikos, to accompany him to the swearing-in ceremony for his promotion to the higher rank at the University - a father-son train journey, with time running backward.",99,0,0,2023-11-16,Released,0.676,7.0,1,,/ceQ00px3crJatTAXFMPScqzJCt0.jpg,/f6fgDz9i4UDAk8KiwpPA7n1rZ50.jpg,,https://www.youtube.com/watch?v=6Ki3QkuEeJs,[],1,0,[],,,[],[],[],
7746,1266524,Son-in-Law,Зять,,"In the center of the plot is an exemplary husband and exemplary father Oleg. His life is measured and planned for years to come. But fate has its own plans: the young beauty daughter Alyona falls in love with the once best friend and peer of her father Anton, with whom they are united not just by friendship in the distant past, but by a stormy youth in all respects. So stormy that Oleg prefers to keep it a secret even from his family. As a loving father, Oleg is simply obliged to prevent the union of his only daughter with an immoral type, whose past makes him the worst candidate for son-in-law in the world. Anton continues to live that reckless life that both lived 30 years ago, but Alyona seems to like just such guys.",0,0,0,2024-11-21,Released,1.7777500000000002,7.3,3,,/1fQdO1yY5J32a66jU8koLvOnTex.jpg,/t6UzxoepyB5exJuKDYVtTqhRkVQ.jpg,,,[],1,0,[],,,[],[],[],
27398,1233004,The Jennifer Meyers Story,The Jennifer Meyers Story,,"A mock true crime episode covers the 1988 disappearance of a fictional teenager named Jennifer Meyers, but the reenactments are acted out with crudely made mini models. As the episode progresses, we learn more about the woman constructing and operating the reenactment mini models and the danger lurking in her one bedroom apartment.",12,0,0,2023-04-26,Released,0.379,10.0,1,,/yassQkMM8nVGYvdOxJfApG98G35.jpg,,,https://www.youtube.com/watch?v=irgFuLbv7n8,[],1,0,[],,,[],[],[],
26733,1181274,Chappelle's Home Team - Luenell: Town Business,Chappelle's Home Team - Luenell: Town Business,,"Fasten your seatbelts as Luenell sounds off on bad seatmates, first-class feuds, sockless babies and more travel mishaps in this brash stand-up special.",33,0,0,2023-09-26,Released,0.779,6.2,5,,/qUQdT3LYbv2DRzkBfF75YOyBb7D.jpg,/6OdrIKgJm7witxFZLGusVsnbOiu.jpg,,https://www.youtube.com/watch?v=P7MAI5wwEqQ,[],1,0,[],,,[],[],[],
6706,1395365,Sleep Sleep Sheep,Sleep Sleep Sheep,,Where do sheep called to sleep come from and where do they go?,5,0,0,2024-11-30,Released,0.686,0.0,0,,,,,,[],1,0,[],,,[],[],[],
11944,1022054,All the Lost Ones,All the Lost Ones,THE FIGHT FOR TOMORROW BEGINS...,"A near-future civil war is sparked by government-imposed measures due to climate change. Nia, her sister Penny, and her boyfriend Ethan are hiding out when a militia leader and his followers arrive on their doorstep.",105,2000000,0,2024-09-19,Released,1.377875,4.8,4,,/fxaWzzG39pnrq4Z0qNu7XQtYRsy.jpg,/z0fceFOpjNnQD1DIpI8Cncqt36e.jpg,,https://www.youtube.com/watch?v=2j4biLkPEsg,[],1,0,[],,,[],[],[],
9822,1422478,Ways of Knowing: A Navajo Nuclear History,Ways of Knowing: A Navajo Nuclear History,,"The American Southwest holds a dark legacy as the place where nuclear weapons were invented and built. Navajo people have long held this place sacred, and continue to fight for a future that transcends historical trauma. This is their story.",22,0,0,2025-03-08,In Production,1.219,0.0,0,,,,,,[],1,0,[],,,[],[],[],
14565,1339179,hololive English 2nd Concert - Breaking Dimensions Day 2,hololive English 2nd Concert - Breaking Dimensions Day 2,"Break conventions, run right through!","Day 2 of hololive English 2nd Concert held at the King's Theatre in Brooklyn, New York and streamed online by SPWN on August 24th and 25th, 2024.",120,0,0,2024-08-24,Released,1.619,10.0,1,,/h9nJy8cRepKKQn94yEr6byPUnpK.jpg,/7FXKm6Ic8XegVE1oU6FXicsQQpX.jpg,,https://www.youtube.com/watch?v=VQl-hdoxGTc,[],1,0,[],,,[],[],[],
12511,1140222,A Lot Like Paris,Pare parecchio Parigi,,Three estranged siblings arrange a fake trip to Paris to fulfill the wish of their terminally-ill elderly father.,96,0,0,2024-01-18,Released,0.801125,5.9,81,,/tgfhjhrvd7QHxpEZ7MyoC8icXPq.jpg,/9B7d3k6nhAcOSPjbMmjBFGnR9I5.jpg,,,[],1,0,[],,,[],[],[],
20581,1146249,Cabin Girl,Cabin Girl,Insane in the membrane.,"When a van-life influencer moves into an isolated cabin, she discovers the home has a dark history and becomes haunted by a troubled spirit.",88,0,0,2023-07-12,Released,3.067,5.11,18,,/hca3PedvFt1I9wRaoIPehdZCkgo.jpg,/eNopYAzvtfvaj1yCI0AeVAOlHzU.jpg,,https://www.youtube.com/watch?v=ENf3bIh25NI,[],1,0,[],,,[],[],[],
20967,1052152,Katak: The Brave Beluga,"Katak, le brave béluga",You don't need to big to be brave.,"While his peers have all turned white, Katak is still small and grey. To prove that he has grown up and to grant the last wish of his adored grandma, Katak departs on a perilous journey to the Great North.",79,0,0,2023-02-24,Released,4.107,6.0,8,,/fuJlXADTxAzHWR0XK8tR4DEsJGb.jpg,/fyL3uNgrxtDvLecbDvXFoZqber.jpg,,https://www.youtube.com/watch?v=GNws8fkEHUo,[],1,0,[],,,[],[],[],
2968,1417909,Klopp: From Doubters to Believers,Klopp: From Doubters to Believers,"His Story, His Journey, His Words.","Through hundreds of hours of footage that covered Jurgen Klopp's tenure at Liverpool Football Club, this documentary captures the highs and lows of the German manager's time with the club, and how he turned Liverpool supporters from doubters to believers.",120,0,0,2025-01-10,Released,2.268,0.0,0,,/rSxSYnjvaZONYLCwwKBGsMTKws2.jpg,/mETqezrdAW0eD9fddiq9xCeNbCP.jpg,,https://www.youtube.com/watch?v=1n7jbwLFkb0,[],1,0,[],,,[],[],[],
28028,1147305,Unaad,Unaad,,Bandya and his two companions are members of the Konkan-born Koli ethnic group. The three young people embark on a quest and encounter some obstacles along the way. Tune in to the movie to know more about their hardships.,0,0,0,2023-10-29,Released,0.232,2.0,1,,/8TOCrrz9IueP3lGiyrrVvP0wgJC.jpg,,https://www.youtube.com/watch?v=GNoquOl27BE,https://www.youtube.com/watch?v=lGTjxQavLc4,[],1,0,[],,,[],[],[],
3697,980115,*****… (Los Asteriscos…),*****… (Los Asteriscos…),,"Waiter #2 is the character of a movie who interprets himself and becomes self-aware. Sarah is a kleptomaniac with a fond for kid's bicycles trying to overcome her sickness. Sami is a mascot costume who discovers contemporary dance and desires to become a professional dancer. Lazarus enjoys watching people die, since he was resurrected 2000 years ago and became immortal. These characters reunite in a drugsture to find the meaning of life.",0,0,0,2024-12-31,Released,0.942,0.0,0,,,/nZ7AJmwiTB5yGvygN8rNj5IuEuN.jpg,,,[],1,0,[],,,[],[],[],
29629,841524,The Eighth Clause,La octava cláusula,,"Kat and Borja appear to be a perfect couple, but as in every marriage they keep secrets, lies and infidelities that will come to light the night an unexpected visitor arrives.",80,0,0,2022-04-29,Released,7.12,3.4,11,,/5CbVMeLvaGn87gx05waiIJ0JySr.jpg,/uA0nUh1JerC4TkNiTzwS4B5kjTN.jpg,,,[],1,0,[],,,[],[],[],
4912,1341119,A Royal Christmas Ballet,A Royal Christmas Ballet,,"A retired ballerina is pressed into service working with a visiting team of royal ambassadors to put on the season's performance of ""The Nutcracker"" and finds herself center stage in an unexpected Christmas romance.",0,0,0,2024-12-15,Released,1.897,4.5,2,,/9PwwxYqfxttIWQj7TUHwjQx7Aqh.jpg,/sFz6gHUlE0wXLVQENx8XqODvkHE.jpg,,https://www.youtube.com/watch?v=m3HN_idFoPE,[],1,0,[],,,[],[],[],
15850,1275149,Yi Mei Returns,一眉归来,,,64,0,0,2024-04-16,Released,0.403,6.0,1,,/hFzsvsjhyfUQBsVTfjekCshq7O9.jpg,,,,[],1,0,[],,,[],[],[],
12985,1213925,Capture the Moment Day 1 Stage 1,hololive 5th fes. Capture the Moment Day 1 Stage 1,Capture The Moment,"Day 1 / Stage 1 for “Capture the Moment”  Savor it.  Treasure it.  Continued growth since 1st fes.  Cherished memories. Emotions.  A future that is built to last.  And this moment is no less precious.  Treasure every moment, most importantly this very one. Here, now.  In staying true to those ideals, hololive 5th fes. will take place on a three-sided stage – an unprecedented and monumental first for hololive production!  Connecting past, present, and future, we aim to hold a performance the likes of which have never before been seen.",165,0,0,2024-03-16,Released,1.3566250000000002,9.5,4,,/s3zdvV65QjOCCjU2apzw8f8T3k4.jpg,/ceW3OuY0kAA0C4TGOGByasx9ZPj.jpg,,,[],1,0,[],,,[],[],[],
14842,1359870,Fabrizio Copano: Live From Caupolicán,Fabrizio Copano: Live From Caupolicán,,"In his latest stand-up special, Fabrizio Copano brings his signature sharp humor and clever insights to the stage. With a mix of personal anecdotes and astute observations, he explores modern life, cultural quirks, and the absurdities of everyday experiences. Copano's energetic delivery and quick wit make for an unforgettable comedy event that keeps the audience laughing from start to finish.",57,0,0,2024-09-20,Released,0.776,6.0,1,,/mSlgjygiIyJyCQ9JoAby0tTdqQ2.jpg,/sUUboYqCvNI4TP0l6ieyscLYDvB.jpg,,,[],1,0,[],,,[],[],[],
23876,1080481,Call Me Dancer,Call Me Dancer,,"Manish is a talented and athletic street dancer from Mumbai who dreams of becoming professional against the wishes of his struggling parents. He meets a curmudgeonly Israeli ballet master who gives him the determination to keep going. But when he is pitted against another boy who’s got the attention of the top school in the world, Manish realizes he must push himself to his physical limits if he has any chance to succeed.",84,0,0,2023-02-09,Released,1.322,8.7,3,,/maw8eSXXNVbnHrvl6sNdwBrmSPU.jpg,/ilcQsBr9u1iy6f2yzVyctsfyY2D.jpg,,,[],1,0,[],,,[],[],[],
20840,1212410,Paper Bride,纸新娘,,The story takes place in the Republic of China and revolves around a shady wedding paper bride in a deep house where a curse that spans ten years unfolds.,91,0,0,2023-12-02,Released,5.5,6.5,2,,/2i0WNe9WYCIbdxBT0WE1EUmbyOw.jpg,/llVQOX5IRnpZMPeqr2E5b6sKhvQ.jpg,,https://www.youtube.com/watch?v=opaHZNNXe1w,[],1,0,[],,,[],[],[],
3401,1414247,Vladimir Cauchemar aux Francofolies 2024,Vladimir Cauchemar aux Francofolies 2024,,,0,0,0,2025-01-01,Released,0.938,0.0,0,,/8fvKsh7JKaCFbv1lROdwpwbaPAW.jpg,,,,[],1,0,[],,,[],[],[],
935,1354532,Sandbot,Sandbot,,,0,0,0,2025-04-09,In Production,0.883,0.0,0,,/ujQLM3gygrdLVPdwmvlaNiJPjdT.jpg,,,,[],1,0,[],,,[],[],[],
11742,1214871,Onegin,Онегин,,"Evgeniy Onegin lives in grand style: balls, receptions, theater premieres and other frivolities the capital can offer a young man. But social life has long tired him, so he perceives the news of the illness of his uncle living in the village as an opportunity to escape. However, having reached the estate, Onegin learns about the death of a relative, which, however, does not upset Evgeniy too much. His financial affairs are very sad, and his uncle is rich and has no other heirs. Onegin locks himself in the estate, living in aimless solitude until the owner, who has returned from abroad, appears at the neighboring estate – a young, enthusiastic Vladimir Lenskiy, not yet satiated with life, who introduces Evgeniy to sisters Tatyana and Olga Larin.",141,0,0,2024-03-07,Released,3.420125,8.1,8,,/ij4JmYxUhFAUYWWW3jcCCZvgQt7.jpg,/ixbvPVmeO9iOBskweaDZrsgPW3P.jpg,,,[],1,0,[],,,[],[],[],
4313,1405860,Rétro F1 2024 : Puissance Max,Rétro F1 2024 : Puissance Max,,"Race summaries, analysis and interviews with F1 drivers... Get to the heart of the F1 paddock thanks to Canal+ !",90,0,0,2024-12-21,Released,2.32,0.0,0,,/mg9ZISsRRIyopW3QnSQoDzMtjI8.jpg,,,,[],1,0,[],,,[],[],[],
12764,1242747,The Hardest Hour,Довга доба,,"The unique testimony of the tragic events and crimes of russia through the eyes of Ukrainians, which the entire world must see and feel. Film was created from 200 hours of chronicles: survival, resistance, and life during the war. Every minute was filmed by Ukrainians with their mobile phones. Each story in the documentary is a film captured and filmed by Ukrainians on their devices.",122,0,0,2024-02-10,Released,0.6288750000000001,8.0,2,,/rIKrg99LuMw0ml0Ip4Rl5WtkzFp.jpg,/399W7rxmagGqfMkIri9HwmwR1WV.jpg,,https://www.youtube.com/watch?v=TJN1XLz2Ypo,[],1,0,[],,,[],[],[],
12086,995749,"Bonnard, Pierre and Marthe","Bonnard, Pierre et Marthe",,"When French painter Pierre Bonnard met Marthe de Méligny, he didn’t know this self-proclaimed aristocrat would become the cornerstone of his life and work. From this moment, she became more than just a muse for the “painter of happiness”, appearing in more than a third of his work. Together, they reached their artistic fulfillment thanks to a colourful love, different from the standards of their time, nurturing the great mystery around their relationship. Based on a true story.",122,0,2391017,2024-01-10,Released,3.794,6.42,47,,/1QOJAXMGV3wMVM2CwvuJQRtiLx8.jpg,/5lJi60sftEZ4dJw7gSRTmzU71fJ.jpg,,https://www.youtube.com/watch?v=qLiEfbuLBPE,[],1,0,[],,,[],[],[],
14030,1237081,Hatıran Yeter,Hatıran Yeter,,"Baha's life, who had a much more difficult and lonely childhood than his peers, because he lost his hearing as a result of meningitis when he was a baby, changes when he meets Leyla, who is deaf and mute like him. However, there will be great obstacles in the way of their happiness, and Baha will have to go through great struggles.",138,0,800000,2024-02-16,Released,0.928875,10.0,1,,/wFBszSskJV3pgKBxyAxyZxIun2y.jpg,,,,[],1,0,[],,,[],[],[],
4528,1404366,Edith: Porsche's Volcano Ascent,Edith: Porsche's Volcano Ascent,documentary,"EDITH: VOLCANO ASCENT documents the journey of a small team attempting to set a world altitude driving record on Chile's Ojos del Salado, the highest active volcano on Earth, in a specially modified Porsche 911 named Edith.",51,0,0,2024-12-19,Released,0.505,5.3,3,,/nsyC0IzxMfDcbmXPed9mo2YKJLm.jpg,/9KntpeJmgupW7exoDYNx6kyS89G.jpg,,https://www.youtube.com/watch?v=ZaVgdjNifCA,[],1,0,[],,,[],[],[],
1075,1141489,Raptures,Rörelser,,"Rakel is a strict Christian believer living in the far north of 1930s Sweden. When her husband forms a sectarian movement, with directions straight from God, she has no choice but to join the increasingly explicit cult.",106,0,0,2025-03-21,In Production,2.463,0.0,0,,/45eY7VsNiPYAsMGjJr0LPGd8wcq.jpg,/1EgrimJdCTseHLx7Uz73MrnXOep.jpg,,https://www.youtube.com/watch?v=n5sAdxJfN1Y,[],1,0,[],,,[],[],[],
31983,1435662,Pee,Pee,,"A man hitting a tree at night gets yelled at by one of the residents of the area, but he doesn't leave it at that.",1,0,0,2025-02-16,Released,0.0,5.0,1,,/smlaP5U1UJcUfyhSvZOH7n41LpE.jpg,,,https://www.youtube.com/watch?v=8DUiuQj0ffg,[],1,0,[],,,[],[],[],
13209,1238258,Romeo,ரோமியோ,,"Leela, an aspiring heroine, is forced to tie the knot with Arivu, 35-year-old Malaysian return simpleton hailing from the same village. After knowing that Leela did not sign up for him or the wedding, Arivu decides to win his wife’s heart,and also confronts with his buried past.",146,0,0,2024-04-11,Released,1.32075,4.5,2,,/tvonnJOEIhE5oH3Gfy9kZTHTxOn.jpg,/kCh0NRVNzdZKudTuJDCMvkVCXHJ.jpg,,,[],1,0,[],,,[],[],[],
3107,1396672,Out of Pocket,Out of Pocket,Danielle is about to learn that either way... she has to pay.,"Danielle, a Type 1 Diabetic, plans to make contraband insulin with the help of Max, an experienced thief.",65,0,0,2025-01-09,Released,1.382,0.0,0,,/n9O3mnNY559AiDBGzhKzwa45FL5.jpg,/hDsxJS2ZwF9KoGncAZxgfR68H0u.jpg,,,[],1,0,[],,,[],[],[],
23328,1158529,When Frank Met Carlitos,Cuando Frank conoció a Carlitos,,"According to an anecdote that has been going around the Internet for several years, in 1934 Gardel was performing on NBC in New York when he was introduced to a young admirer who was eager to meet him. As it turns out, he was none other than 19-year-old Frank Sinatra. Nobody is certain about whether that meeting happened or not but rumor has it that during the night, Gardel and Sinatra were locked in a dressing room together.",72,0,0,2023-08-18,Released,1.239,8.1,7,,/qQt9OfVrERXj0TNHflKLoStsD9Q.jpg,/odltrridndxcqMpw7vI47vX9QU5.jpg,,,[],1,0,[],,,[],[],[],
13290,1255316,Stay Mum,かくしごと,,"Chisako Satoya, a writer, and her father, Kozo, had a long-standing feud and had been living apart for a long time. However now that Kozo, who lives alone, has dementia, she returns to her hometown to begin taking care of him.",128,0,0,2024-06-07,Released,0.47,4.0,1,,/oF0b5B1m4nKL8jk4bLDmA7NECeu.jpg,/etEXDnXVAJOVpQtitGGkKF03SQK.jpg,,,[],1,0,[],,,[],[],[],
25278,1079498,A UFO Intruder,突撃！隣のUFO,,Taki joins the UFO Research Laboratory (URL) trying to find his wife and children kidnapped by the aliens.,77,0,0,2023-02-03,Released,1.302,6.0,1,,/pVJhgeENmgKE3IeFjCUDiuDvCQn.jpg,/o61B1JRIErPL29UImGlD7t3hrFG.jpg,,https://www.youtube.com/watch?v=dSNPvbaySbk,[],1,0,[],,,[],[],[],
3973,191262,Tsunami: The Wave That Shook the World,Tsunami: The Wave That Shook the World,,The 20th Anniversary documentary film about the 2004 Indian Ocean tsunami as told by survivors.,54,0,0,2024-12-26,Released,1.128,0.0,0,,/q2nLYJJpt9CNtpcAh3cOehHvTNW.jpg,/8kJJCHHaOj2ezbl5Tgs3xYwBClb.jpg,,,[],1,0,[],,,[],[],[],
30869,1205229,Night of the Zoopocalypse,Night of the Zoopocalypse,Don't feed the animals.,A wolf and mountain lion team up when a meteor unleashes a virus turning zoo animals into zombies. They join forces with other survivors to rescue the zoo and stop the deranged mutant leader from spreading the virus.,92,12000000,3880292,2025-01-23,Released,4.62925,5.4,6,,/nCejOVZcOxKS27nnbh28NKXOdXF.jpg,/h2SEtzuABKmcZAnKBJ1za3kETTY.jpg,https://www.youtube.com/watch?v=j-_JiXhEQzA,https://www.youtube.com/watch?v=_o3M6nU590Y,[],1,0,[],,,[],[],[],
6927,1396923,Ian and Eamon Productions Presents: A Thanksgiving Classic: The Fountain of Youth,Ian and Eamon Productions Presents: A Thanksgiving Classic: The Fountain of Youth,,"The great explorer Francisco Dickinson has been sent out to find a fountain of youth. After he discovers an ancient and old gateway, it seems hes bit off more than he can chew...",8,0,0,2024-11-28,Released,0.398,0.0,0,,/oZDwtH1MwH6ROFpCCxEm2N7QZ5H.jpg,,,,[],1,0,[],,,[],[],[],
5821,1401694,No Hamburg No Beatles,No Hamburg No Beatles,,"“We were born in Liverpool but grew up in Hamburg” John Lennon.  This feature documentary seeks to find the truth in those words. The long and winding road that the Beatles took to worldwide fame passed through Hamburg, Germany in the early 1960s. Only a couple of years before they became household names, the former “Quarrymen” were cutting their musical teeth on nightclub stages in Hamburg. In the 15 years after the end of WW2 Hamburg had become the vice capital of Europe. Its neon lit streets were home to sailors, prostitutes, drug dealers, gangs and low life. The group was still developing. At the time of their first Hamburg adventure, George Harrison, was only 17 years old. They were all still very young men, and their group was virtually unknown. By the time of their last German visit in 1966, the Beatles were a worldwide phenomenon.",55,0,0,2024-12-06,Released,1.2695,7.5,3,,/jyxXoTAvoZt9FzgVS7d8ikMpsnO.jpg,/dH8roBOIj2JILWx7MSkOz7F32JW.jpg,,https://www.youtube.com/watch?v=MQuIQ_GpnyU,[],1,0,[],,,[],[],[],
21073,1026499,Gospel According to Mary,Vangelo secondo Maria,,"The story of Mary is reinvented, no longer a spectator but a courageous architect of her own existence.",105,0,0,2023-11-26,Released,4.239,6.0,21,,/3lG2hGNbyZPMjp7b1vyswK4Ez3k.jpg,/9dmO7f4Xs8n3COcUTGgEYpTJQWC.jpg,,,[],1,0,[],,,[],[],[],
23153,1163834,Dark,Dark,The truth is darker than you think.,"A woman wakes up in a pitch black room to find all, except one, of her limbs broken. Armed with only a torchlight, the clock is ticking as she attempts to escape, slowly unveiling a sinister truth.",9,0,0,2023-08-07,Released,1.029,4.9,5,,/5wqvGsoQ3FQNuzeaHKxaeujkVfI.jpg,,,,[],1,0,[],,,[],[],[],
15060,1351645,Dirty Laundry,Dirty Laundry,REMOVING THE STAINS!,A day in the life of the boss' right hand man (Daniel Kors) drifting through life one job at a time.,31,553,0,2024-08-31,Released,1.602,10.0,1,,/AnTtxP3B1NfxQ0vj8UbrFRB7ILq.jpg,/8C3P8fRYTrDsDFGV0qvKlGNSQZz.jpg,,https://www.youtube.com/watch?v=3OsCRCZzqrQ,[],1,0,[],,,[],[],[],
16852,1262843,Burning Lights,Burning Lights,,"A series of lights flashed on screen in the form of 36 pictures and 3 videos, all contributing to a pattern.",1,150,0,2024-03-21,Released,0.105,10.0,1,,/agkcgqA1LoZ4lTakY2yMyT0olbA.jpg,/ocKsS0v1mmJJlPrVHsiXJZ5AL1j.jpg,,,[],1,0,[],,,[],[],[],
2870,1417550,ISAAC,ISAAC,Documentary short,A documentary about my best friend.,7,0,0,2025-01-12,Released,1.603,0.0,0,,/sSU9jAcxyWaV7z8UXscu0XFxyjG.jpg,,,,[],1,0,[],,,[],[],[],
15508,1356370,Directionless,Directionless,Cut!,"A fledgling young actor has finally secured a part in a promising production, but disagreements between the director and producer threaten to derail the project—and his career.",2,0,0,2024-09-26,Released,0.437,10.0,1,,/bSldY6HPfSeubEgqWeQmeMmLAxa.jpg,/fR8imrun2V75Re8tbsvSeOR1VHL.jpg,,https://www.youtube.com/watch?v=UdYPmWkhkUM,[],1,0,[],,,[],[],[],
7443,1372028,Christmas in the Spotlight,Christmas in the Spotlight,,"A pop star named Bowyn hasn’t found Mr. Right, until she meets Drew, a professional football player, backstage at one of her shows. When Drew publicly declares he has a crush on Bowyn, they decide to give dating a shot. Their feelings grow stronger, but can it last in the limelight?",90,0,0,2024-11-23,Released,1.078875,6.6,10,,/2NlflOUyy1Iae3i6x7q6Jr1tNzm.jpg,/3qPktw2m0g4Wnd1YCWlsDHViN40.jpg,,https://www.youtube.com/watch?v=NeIchZj1xPo,[],1,0,[],,,[],[],[],
25431,1118983,Roses Gate,שער הפרחים,,"A dramatic, neo-realist Moroccan-speaking comedy, centered on the Vaknin family - a Moroccan Jewish family that immigrated to the picturesque town of ""Bab El Ward"" (an imaginary town symbolizing the whole periphery).",111,0,0,2023-03-30,Released,0.534,3.7,3,,/9NgIRO3nLbFiP1LpNGekXaxIglt.jpg,/8MWmjdnKbalZeqr2hdHXgLOA5DW.jpg,,,[],1,0,[],,,[],[],[],
4516,1405216,Damien Power: Not So Funny Now Is It?,Damien Power: Not So Funny Now Is It?,Full Special,Full special from 2024.,41,0,0,2024-12-19,Released,0.659,0.0,0,,,/qNit2RYSU3OV3Hn3J9LCCtY2lnu.jpg,,,[],1,0,[],,,[],[],[],
28377,1211858,That Child with AID$,Aquela Criança com AiD$,,"That Child with AID$ tells the story of Brazilian advocate and artist Lili Nascimento, who was born with HIV in 1990. Lili has worked to expand narratives about living with HIV beyond the limited images and ideologies that permeate the AIDS industry.",11,0,0,2023-12-01,Released,0.38,10.0,1,,/sTtnyTGDIyqtALW1ouBtd450WTE.jpg,/lyxPfMVpsBcdRd8ppOtTh6V9M40.jpg,,,[],1,0,[],,,[],[],[],
15505,1380248,Just One Night,Just One Night,You strike me as something... Unique.,"Liv, a first-year university student, recounts an absurd evening spent with the ever-so-charming film-bro Guy. Through her reflection with her close friend Margot, she realizes the night was not as magical as she remembered.",10,0,0,2024-10-02,Released,0.623,10.0,1,,/4sJqqmG1N7was4qtUCkD5hmwj73.jpg,/ogHfixg8r4BmEb4IdiBrV93aAxR.jpg,,https://www.youtube.com/watch?v=OnLCKhDopDw,[],1,0,[],,,[],[],[],
24262,1133340,Noche de Apuestas - La Película,Noche de Apuestas - La Película,¡EL FIN DEL CINE ESPAÑOL COMO LO CONOCEMOS!,,77,0,0,2023-06-02,Released,1.277,6.5,2,,/cPuZbOLCwNixnN7LoGi5Z1sZsOK.jpg,,,,[],1,0,[],,,[],[],[],
3320,1409783,Video Track Annual 2025,Video Track Annual 2025,,"Class 56s on logs over S & C and from South Wales – New 807 units – 37s on Snowplough – Class 20s on stock moves – Main Line locos on Mid Norfolk and Severn Valley Railways – 455 unit in Blue and Grey livery – Hastings Unit on tour – Class 37s on test trains throughout network – D1015 ‘Western Champion’ on charter to Paignton and Westbury plus inaugural tour from Paddington to Birmingham with e.c.s movements – 20 and 50 charter to Kings Lynn – Class 56 to Quainton Road – 37 901 in new livery – Unit Drags with 37s, 47s and 20s – 37s on freight – Locomotive Services HST on charter – 507 001 on Merseyrail – 33 012 and 73 136 on ‘Cornish Riviera Explorer’ – ‘May the Force be with you’ railtour with 59 and 33 haulage – ‘Whistling Highlander’ to Kyle of Lochalsh – ‘Easter Chieftain’ railtour to Highlands – Class 37s on Mallaig line – 69002 & 20302 / 20311 at Swanage Gala",100,0,0,2025-01-03,Released,1.253,0.0,0,,/snnziUJm9l9zIWMhF92RTX73hzW.jpg,,,,[],1,0,[],,,[],[],[],
14756,1339883,All inclusive love,All inclusive love,,"What started for fifteen-year-old Manon as a secret holiday romance at an all-inclusive resort, slowly turned into a memory that she looks back on with less pleasure. She fell in love with Hugo, the big star of the animation team. He wrapped her up with beautiful words, that she was special to him. Although Hugo was much older than Manon, he still had sex with her. At first it felt good, but slowly it turned into a memory that she would rather not think about anymore. What happened during that holiday and how could it have happened? She goes looking for answers and comes face to face with Hugo.",0,0,0,2024-08-27,Released,1.096,2.0,1,,/a2wVfXft5S8BC4QXi8vhQnTDBuH.jpg,/2GHrJXysdkVpqDylv8Ql2mSsLN0.jpg,,,[],1,0,[],,,[],[],[],
4721,1403345,Ciclos I,Ciclos I,,,0,0,0,2024-12-17,Released,0.917,0.0,0,,/sBpGaCe5QKEZ9CRz5Hco3UW4TMc.jpg,/g0AM6lPbwrx1RfdnGCPZMe6H6Gp.jpg,,,[],1,0,[],,,[],[],[],
11128,1209574,Sheriff,Sheriff: Narko Integriti,Tak Semua Boleh Settle.,"Sheriff, a police officer from the Integrity Department who is dedicated and insightful. He is paired with Nazri, a young and idealistic police officer from the Narcotics Department. Their mission is to bust a drug syndicate headed by the ruthless kingpin Tony. The kingpin is involved in the distribution of methamphetamine and many people have died at the hands of this Meth Killer.",133,1255886,12613867,2024-04-18,Released,3.2025,7.7,16,,/cD8r2nCbekycnfPoRvaBnqpAap9.jpg,/qpTR24aPPk4zmuuww1QUqRZmnLA.jpg,,https://www.youtube.com/watch?v=gG3UbB_e_UY,[],1,0,[],,,[],[],[],
6459,1406575,Blaze to Natlan,Blaze to Natlan,, ,1,0,0,2024-12-01,Released,0.47,0.0,0,,,,,,[],1,0,[],,,[],[],[],
23519,1183225,My Muslim Husband,Soțul Meu Musulman,,"Shot in Romania, Saudi Arabia, Jordan and Qatar, the documentary follows the story of Alexandra, who decides to marry Daniel, a young man converted to Islam.",71,0,0,2023-10-27,Released,1.55,10.0,1,,/jnW8W7c1KsNTqGJ7Q0WpGcljpRR.jpg,/euL7KDPBfTGyumD1w5OcWNkCBkl.jpg,,,[],1,0,[],,,[],[],[],
7701,1384974,En la nave del encanto,En la nave del encanto,,,0,0,0,2024-11-21,Released,0.903,6.0,1,,/rfffKwdtrp3w3cgZtyjbJDD8vU3.jpg,,,,[],1,0,[],,,[],[],[],
2191,1416890,Damon Has A Party - A Crazy Gamer Inc. Special,Damon Has A Party - A Crazy Gamer Inc. Special,Ain't No Party Like A Damon Party,"Damon, better known as Crazy Gamer Inc, celebrates his 18th birthday by hosting the greatest party ever!",9,500,0,2025-01-24,Released,8.967,0.0,0,,/fnznH0gbYjcotTRG4stoZ7cwetP.jpg,/tlNTJ9JGVaUkxVM9iZtFxcSHT7a.jpg,,https://www.youtube.com/watch?v=ZbHgwm0xn3A,[],1,0,[],,,[],[],[],
5279,1394351,DAC Film,DAC Film,,,0,0,0,2024-12-12,Released,1.363,0.0,0,,/k4AoVIjJXeyMWS2H6fm4IRdnaVp.jpg,,,,[],1,0,[],,,[],[],[],
22935,970578,Aurora's Sunrise,Արշալույսի լուսաբացը,A survivor's journey from bloodshed to the red carpet,"The story of how Aurora Mardiganian (1901-94), a survivor of the Armenian genocide perpetrated by the Ottoman Empire (1915-17), became a Hollywood silent film star.",97,0,0,2023-04-21,Released,1.294,8.4,8,,/9XmZBIc5gEbaeAU5ECHSCoc2GtN.jpg,/21oCMK0dJ3G8l7KW6XKSiIGNG3v.jpg,,https://www.youtube.com/watch?v=wIl2_Rsha7Q,[],1,0,[],,,[],[],[],
16883,1231325,Viswarupa,Viswarupa,A short film which dives deep into the web of religion & humanity,Kalki spirals down in his own dilemma revolving around religion & humanity.,24,0,0,2024-01-31,Released,1.219,10.0,1,,/nw7D4ILLMnClMPWZqLx95pxyzEc.jpg,,,,[],1,0,[],,,[],[],[],
18010,1311305,Madball - Hellfest 2024,Madball - Hellfest 2024,,,0,0,0,2024-06-30,Released,0.753,8.0,1,,/tijjRwACY83NdWKGHzwaslBB7bR.jpg,,,,[],1,0,[],,,[],[],[],
12696,1270231,Behind the Walls of the Forbidden City,Derrière les murs de la Cité interdite,,"Secluded from view by nine-meter-high walls and composed of 980 buildings, the Forbidden City in Beijing is the largest imperial palace ever built in the world. Three majestic structures form its center and host the city's ceremonies, each of which is considered an architectural masterpiece. In 1406, construction of the Forbidden City was launched at the initiative of one of China's most powerful sovereigns and founder of the Ming dynasty: Yongle. Endowed with divine power, the construction has already resisted more than 200 earthquakes.",0,0,0,2024-03-05,Released,0.925,8.0,1,,/A2zkns7mWg4038Vv1gzdYSjGp3l.jpg,/8iTFsPl0g31GH94Pi199bI5CVV7.jpg,,,[],1,0,[],,,[],[],[],
11724,1233243,The Last Redemption,The Last Redemption,,"In a land of swords and sorcery, bandits break from their gang to protect a little girl, pitting them against their old friends and former leader who was once like a father to them.",122,1500000,0,2024-09-20,Released,1.068375,4.1,6,,/xyKdcbzqX8pG17S4cLKURHlNlvN.jpg,/yjqUa6yohr56Uep18W0zsgbMGtl.jpg,https://www.youtube.com/watch?v=xQk6m5uaHyg,https://www.youtube.com/watch?v=-pGDK0AjkTY,[],1,0,[],,,[],[],[],
22657,1084008,The Action Pack,Haita de Acțiune,,"A police satire about Aurel, a gipsy police officer, on his first day of work. He really wants to prove what he is capable of, but his career is at risk when his friend, Denzel, recruits him in his not so secret operation.",99,0,0,2023-03-21,Released,2.029,6.53,15,,/j8ixnKSWv8KHqqrTn6NfToeRIne.jpg,/fP3VylFikGWYU0aWNkOxpi40r24.jpg,,https://www.youtube.com/watch?v=ikU_RnJlo8s,[],1,0,[],,,[],[],[],
1017,1420198,Overtime,Overtime,,"When a chance encounter through an online VR game reunites former best friends, the real reasons for their falling out come to the surface.",10,0,0,2025-03-28,In Production,0.403,0.0,0,,/1owN1fVmiBIjdZMY4dNSqyZ9MDs.jpg,,,,[],1,0,[],,,[],[],[],
13433,1157669,Life & Love,Elu ja armastus,,"In 1933, a young woman leaves her rural home to chase her dream of becoming a writer in the city. She takes a job as a maid for a middle-aged printing house owner, who quickly starts pursuing her romantically. They marry, but his passionate declarations of love soon turn cold. As political tensions rise in the country, their love story unfolds in a divided society, revealing toxic behaviours and power games that start innocently but lead to dire consequences.",119,0,0,2024-02-16,Released,1.060875,6.0,1,,/tRK15xKXP197i0tC2eXdGTsVmVm.jpg,/ifmuEDhjUIIglOlC6b3JHKghX6T.jpg,,https://www.youtube.com/watch?v=YvvZrIw1NxQ,[],1,0,[],,,[],[],[],
15993,1372689,with a previously separated person,with a previously separated person,,,0,3,1,2024-10-17,Released,0.284,10.0,2,,/lyVTbcXcUpQPyKuU6BUUZ4s6P3k.jpg,/wlcnGiWHWbLlBoNAC9BzXYrqVom.jpg,,,[],1,0,[],,,[],[],[],
21725,1078280,Old Narcissus,老ナルキソス,,"74-year-old Yamazaki, having been handsome as a young gay man, grows narcissistic of his beauty and is unable to bear his own aging. One night, Yamazaki meets a young and beautiful man named Leo.  Having loved only himself during his long tumultuous life, Yamazaki falls in love with another person. Through this love, he finally begins to forge the relationships he failed to carve during his youth with his friends and family.",110,0,0,2023-05-20,Released,3.85,5.8,5,,/vdAGXKoLDDjRx7Bbsh0AnsnGcOI.jpg,/yjyTQ6fE8aNy8nSlDWmNCmVLIWv.jpg,,https://www.youtube.com/watch?v=35svflXX-RQ,[],1,0,[],,,[],[],[],
30659,61856,Courage of Lassie,Courage of Lassie,As Refreshing As A Breath Of Spring !,"Bill's separated from his litter, making friends with the wild creatures until he's found and adopted by young Kathie. An accident separates him from her, and he's drafted into K-9 duty in the trenches until battle fatigue takes its toll and he turns vicious. And even though he finds his way back home, he may be condemned as a killer.",92,0,0,1946-11-08,Released,4.9,5.7,31,,/gRff56Vpe3xw9I94k7gFa2NR68s.jpg,/ziGCRjsEbMEpVsVdjdXUIj3ENeD.jpg,,https://www.youtube.com/watch?v=o9a9OXWRarU,[],1,0,[],,,[],[],[],
13114,1019232,Siren,சைரன்,,"After being in jail for 14 years, Thilagavarman gets out of prison on parole. A cat-and-mouse chase unfolds as Nandhini, a tainted police officer zeroes in on him as suspect in a spate of murders",154,0,0,2024-02-16,Released,1.223625,6.2,7,,/gpHjWVPf8h8i40zOLBWKbkZGvW5.jpg,/d6UCTzWPV3BJap5OB9kE45gdAVQ.jpg,,,[],1,0,[],,,[],[],[],
21495,1019661,Shylock's Children,シャイロックの子供たち,,,122,0,0,2023-02-17,Released,1.858,7.2,4,,/f5NRPvz6HGyyFpw8kPLuxOJraq6.jpg,/ak60ViTsLllkiksQgvC2qti1EBe.jpg,,,[],1,0,[],,,[],[],[],
26660,1024668,Northern Shade,Northern Shade,Bring him home.,A troubled Army veteran emerges from isolation when his younger brother is recruited by an extremist militia.,96,0,0,2023-02-24,Released,0.86,2.0,2,,/y9QaP507ScoH0zu4J9x6QkNXYbl.jpg,/5xSfu2AGc0Qf8K6KsjpoBA0miHv.jpg,,https://www.youtube.com/watch?v=SyaMwbM5fIM,[],1,0,[],,,[],[],[],
19345,1000569,The Chapel,The Chapel,,Twenty three year old virtuoso pianist Jennifer Rogiers has been living with a terrible secret most of her life. When she enters the world famous Queen Elisabeth competition the memory of a traumatic childhood experience surfaces again.,96,2290000,0,2023-02-08,Released,16.899,6.6,15,,/wHBSMk1pgchVukEha7kXkk7MKSN.jpg,/3xo1TDWQXL3AYpuDeruQ6UsR5Jv.jpg,,https://www.youtube.com/watch?v=SU1nDx-Va9g,[],1,0,[],,,[],[],[],
2962,1417607,Before Suicide,Before Suicide,,,0,1,1,2025-01-10,Released,1.415,0.0,0,,/ry7xvMQGfeuKTR5ESOTi85AbrIW.jpg,/unI1RvBInNjGsQeSQtYfz8NqkqG.jpg,,,[],1,0,[],,,[],[],[],
29750,33813,Born to Kill,Born to Kill,THE COLDEST KILLER A WOMAN EVER LOVED,A calculating divorcée risks her chances at wealth and security with a man she doesn't love by getting involved with a hotheaded murderer.,92,0,0,1947-04-30,Released,9.101,6.66,81,,/fFq23ToiVg8sWiMnD4f3Fj37UHD.jpg,/xcXUN0iRoZfDyXj29tbRFFPhMf7.jpg,,,[],1,0,[],,,[],[],[],
8199,1370600,Front Row,Front Row,,"Bertolt Brecht asked whether there would be singing in the dark times. In the throes of war, the United Ukrainian Ballet Company defiantly insists there will be dancing, too. Far from the land they call home, young dancers take quiet comfort from art. For a while, their work feels like the old days, except there is a new troupe member: a soldier learning to dance with prosthetic legs.",75,0,0,2024-11-16,Released,0.332,0.0,0,,/qojKLSLG48A7eoIBZzcj0w94sBF.jpg,,,,[],1,0,[],,,[],[],[],
422,1315702,The Residence,Dalloway,,"In the near future, Clarissa, a novelist with writer’s block, joins a prestigious, state-of-the-art artist residency where she’s assigned an AI assistant named Dalloway. The latter quickly becomes more than a simple assistant and turns into a true confidante for Clarissa. Unsettled by Dalloway’s increasing intrusion, Clarissa is warned by whistleblower Mathias, who informs her of the true motives behind the residency and its tech company funder. Clarissa begins to suspect that this seemingly perfect situation is in fact a meticulously crafted trap.",0,200000,0,2025-09-30,Post Production,1.792,0.0,0,,/u7qCz8p5WdSKuH8GlbaDdV9TJd5.jpg,/8M9Wz5Q0o1yL5oYEs700rtlknRw.jpg,,,[],1,0,[],,,[],[],[],
25753,1089778,The Lies That Bind Us,The Lies That Bind Us,"A family tale of secrets, lies, betrayal and... forgiveness?",Estranged sisters are reunited as their mother clings to life. The reunion fuels secrets from their past and present that could tear their family apart.,68,0,0,2023-02-21,Released,0.468,2.0,1,,/41sWDNuhvU5spuRq73HD8riVAhl.jpg,/ufY1nuiFBM4iSkXrbEQMmxlsydm.jpg,,https://www.youtube.com/watch?v=IBLp-yShZTI,[],1,0,[],,,[],[],[],
9143,1320344,Magnéto: Into the Magné-Verse,Magnéto: Into the Magné-Verse,,,0,1000,0,2024-11-09,Released,0.346,0.0,0,,/g1UaOhJ1F04f9nbjOisp5oXonP.jpg,/2P9wug1tNqSkRWdSQtSEZVDJt3E.jpg,,,[],1,0,[],,,[],[],[],
13278,1249962,"Ukraine, le coût des armes","Ukraine, le coût des armes",,,0,0,0,2024-02-25,Released,0.34075,8.7,3,,/77uV4a5y97Ufq7QahgtyzLcCntm.jpg,,,,[],1,0,[],,,[],[],[],
18758,1252044,Under a new light,Under a new light,,,0,0,0,2024-02-28,Released,0.1,10.0,1,,/qfX2uAzZrHm8G9BjsN9vbZKzLBC.jpg,/Lef5QbxZaYJjhEXtYrhp4hfAWZ.jpg,,,[],1,0,[],,,[],[],[],
17395,1277136,Russian Roulette,Russian Roulette,Truce?,"Five People are all in to with the prize, until they realize what they had got themselves into.",4,1000,0,2024-03-14,Released,0.402,10.0,1,,/u5HVvRGnXCzCZPWXkDYEJowYVKh.jpg,,,,[],1,0,[],,,[],[],[],
26671,1109351,Piercing Wounds,Piercing Wounds,Every scar has a story.,"V, an elite military assassin escapes a life of killing and is taken in by a family suffering from much loss. When a life of love looks possible for them all, V's past suddenly puts them all in danger.",100,0,0,2023-04-17,Released,0.365,4.3,3,,/9DDkEzZ79OzmYEbV1U8X9dQvd2U.jpg,/8TC3dnjZ7amoll71wRhIDmhZTB9.jpg,,https://www.youtube.com/watch?v=2pKBg8tuDZE,[],1,0,[],,,[],[],[],
14368,1132012,The Engagement Plan,The Engagement Plan,,"When his romantic proposal plans are thwarted, Wade must prove himself on the family farm to earn Kayla's hand in marriage, while learning to trust God.",0,0,0,2024-08-29,Released,0.594375,7.0,2,,/1KASxP5ySCWFmCCdizKOo3WIlqT.jpg,/ur067mGzqBnYPKQVYs3UJyZIq81.jpg,,https://www.youtube.com/watch?v=ptzPQgJHmTg,[],1,0,[],,,[],[],[],
4319,1405660,2nd Japan Horror Film Awards: Winning Work,「第2回日本ホラー映画大賞」受賞作品,,"A short film collection featuring the winning works of the ""2nd Japan Horror Film Awards"".",111,0,0,2024-12-21,Released,1.479,0.0,0,,/sDMn1XDsWdvTbnXqro79kGOUEXc.jpg,,,,[],1,0,[],,,[],[],[],
10904,714567,#Blue_Whale,Я иду играть,,"Rebellious schoolgirl Dana grieves for her younger sister, a once-happy kid who suddenly stepped in front of a train. Desperate to learn what happened, she explores her sister's online history, discovering a sinister social-media game.",95,0,0,2024-01-11,Released,15.1905,6.32,80,,/2TmZ2lgDEYJAFpeUMALRx5NwqK.jpg,/1B7j91GQXWAOUsGLtOboCYYvy8w.jpg,,https://www.youtube.com/watch?v=IqH3DkvzDnk,[],1,0,[],,,[],[],[],
25484,1070462,CRANK,CRANK-クランク-,,MARU runs around Tokyo.MARU hears from his fellow messenger HIDE that he might be leaving Tokyo.,25,0,0,2023-02-11,Released,1.218,4.0,2,,/dbDPhHhhbsH1ISGmfHaQFfV2Mox.jpg,,,,[],1,0,[],,,[],[],[],
20227,1011397,Like Water for Chocolate,Like Water for Chocolate,A tale of forbidden love and mysterious gifts,"Tita, who lives on a ranch in Mexico, falls in love with a boy, Pedro, who lives nearby; but when they want to get married, Tita's family prevents it, because she must remain single to take care of her mother.",118,0,0,2023-01-19,Released,10.119,5.2,4,,/rXAWEI0BVblEK3hCZvTWEif0v0G.jpg,/cZo0z1BLxOPHlHo9qmTmNnNd7Uj.jpg,https://www.youtube.com/watch?v=Vf2z7-N1uDg,https://www.youtube.com/watch?v=tq5MUR7qedM,[],1,0,[],,,[],[],[],
6232,1390596,TOMORROW X TOGETHER : HYPERFOCUS IN CINEMAS,투모로우바이투게더 : 하이퍼포커스 인 시네마,,,42,0,0,2024-12-04,Released,0.895,0.0,0,,/ifPkeaoyAv5iRO4pZgOTRnFZHFE.jpg,,,,[],1,0,[],,,[],[],[],
21702,596702,Subspecies V: Blood Rise,Subspecies V: Blood Rise,Evil Never Dies,"Stolen by crusaders on the night of his birth, Radu (Anders Hove) has no knowledge of his bloodline: his mother is a demon; his father is a vampire. Trained and exploited by a brotherhood of mystic monks to slay all enemies of the church, fate brings him back one night to the castle of his father, armed with the monster-slaying Sword of Laertes, to destroy the vampire Vladislas and reclaim a holy relic: The Bloodstone. The events of that night turn Radu from a noble man into a vampire with no master, setting him on a centuries-long quest for sustenance, and companionship, for the treacherous one who stole him from the sun, and for the Bloodstone he hopes will bring him peace.",80,0,0,2023-05-15,Released,2.247,5.3,18,,/jUJQHOWmXAeTStXQNNJhHefTN9g.jpg,/ypE5EY1kERkulWIcXsKOSGeTx4r.jpg,https://www.youtube.com/watch?v=qW3shRCZBoc,https://www.youtube.com/watch?v=qsvVTzoh-kw,[],1,0,[],,,[],[],[],
24964,1032268,Bhaag Saale,భాగ్ సాలే,,"A smart and young chap knots into a big trouble: he must defy a big time goon, to retrieve something priceless and gain back his love.",121,0,0,2023-07-07,Released,0.773,6.0,3,,/lwNl9RgchwamLNnU75pXc9VelWW.jpg,/eF2mUnswKstdvCS0nZty4vA6DES.jpg,,,[],1,0,[],,,[],[],[],
31769,1433813,Sister's Keeper,Sister's Keeper,Bonds are the strongest connections.,A horror short film.,15,3000,0,2025-03-14,Released,0.135,1.0,1,,,,,,[],1,0,[],,,[],[],[],
9545,1372049,Mensch,Mensch,,"After finishing her night shift, young midwife Esther spends each day with her grandmother Laya. One night, a disturbing encounter with a patient throws her life out of balance.",17,0,0,2024-11-06,Released,0.616,0.0,0,,/iOTjhyMw9DkrSBOJiEWJ2grNRWL.jpg,,,,[],1,0,[],,,[],[],[],
5707,1399619,Notre-Dame de Paris : La Réouverture - La Grande Soirée,Notre-Dame de Paris : La Réouverture - La Grande Soirée,,,0,0,0,2024-12-07,Released,1.733,0.0,0,,/r5vg7N5tW2bQm5HAMgheVIWgHGr.jpg,/9lxFHLtwW1aPMSqiXxBlDikI49F.jpg,,,[],1,0,[],,,[],[],[],
1617,1385634,Everyone Belongs to the World,Iedereen is van de wereld,,"13-year-old Arianne is terminally ill. Her best friend Zahra, a refugee from Afghanistan, is about to be deported. Arianne writes to the government minister: ‘I’m dying. Could Zahra stay in Holland instead of me when I’m gone?’ Inspired by a true story.",0,0,0,2025-02-12,Post Production,1.824,0.0,0,,/e9YQb01DlSkEO7bEhWq6eCcY8Op.jpg,,,,[],1,0,[],,,[],[],[],
16197,1030582,Era,Era,,"Set in Kosovo in 1990 at a time of political volatility as Yugoslavia is breaking apart, ERA tells the story of 17-year-old Era, a rebellious Albanian girl who has fallen in love with Betim, a man stuck between two worlds on account of his having an Albanian father and a Serbian mother. Era is forced not to see him for a while until the situation calms.",90,0,0,2024-02-15,Released,0.395,5.0,1,,/jupdNcXscuIX4TxB3KNtIkJhjTO.jpg,,,,[],1,0,[],,,[],[],[],
11837,1242395,How Music Got Free,How Music Got Free,Uncover the secrets behind the crime we all committed.,"The fascinating, and often hilarious, inside story of the technology-driven disruption that changed music in the late '90s and early 2000s,"" according to The Hollywood Reporter. The documentary looks at the technology that made it possible for millions of young people to quench their thirst for new music by simply downloading it for free.",81,0,0,2024-03-09,Released,1.476375,6.2,4,,/whrrg2I1ygzUugtN3bqcUnR5rbM.jpg,,,https://www.youtube.com/watch?v=PYUKEiLGHpQ,[],1,0,[],,,[],[],[],
6027,1398259,Manu Payet : Emmanuel 2,Manu Payet : Emmanuel 2,,,0,0,0,2024-12-05,Released,2.491,8.0,2,,/3SxuQs4XTZuseSxAfsFzuPMgOUA.jpg,/9pImsF11sCexBLjgrHLRDokeyzr.jpg,,,[],1,0,[],,,[],[],[],
10827,1260594,Sumala,Sumala,,An evil spirit seeking vengeance returns to plague the town that wronged her sister. Based on a chilling urban legend.,113,0,0,2024-09-26,Released,22.7135,7.4,18,,/poWfzIn8bBh21wR3oGA8Oqmq4ie.jpg,/q4sUaE27mE07aGVlM2u9l0TgN4c.jpg,https://www.youtube.com/watch?v=UUfVLKtJyNI,https://www.youtube.com/watch?v=aMaMeKHH6iM,[],1,0,[],,,[],[],[],
22821,783215,Nerdy Prudes Must Die,Nerdy Prudes Must Die,A teen-slasher comedy about a group of geeks and their ghostly tormentor.,"When the biggest losers at Hatchetfield High unwittingly complete an ancient, evil ritual, they unleash an all- powerful, angry spirit with a grudge against nerds. That’s when Stephanie Lauter, Grace Chasity, and a cast of social rejects must fight to save themselves and nerdy prudes everywhere. But can any of them survive the fury of a bully from beyond the grave?",148,0,0,2023-02-16,Released,1.83,8.3,9,,/5UWfDpUcirUlS6QPnUo9Rx2ojF9.jpg,/u0ulESKle7HDQ4xLyGbaiZGfJSL.jpg,https://www.youtube.com/watch?v=h15QZwFK68Y,https://www.youtube.com/watch?v=Stlsg2OcM-4,[],1,0,[],,,[],[],[],
4900,1401347,Velvet Shadows and Bitter Kisses,Velvet Shadows and Bitter Kisses,,,0,0,0,2024-12-15,Released,0.571,0.0,0,,/rQBvi0Gz63T817AnEBOAwUmM9tH.jpg,/7HYjt8sguATBtQXrEToPNPfDjZz.jpg,,,[],1,0,[],,,[],[],[],
17463,1352560,Becoming Jazzy Whipps,Becoming Jazzy Whipps,,"Jazzy Whipps is the UK's biggest deaf content creator – raising awareness on life as a deaf person in the UK – as well as a beauty and fashion creator. Her drive and inspiring outlook propelled her to the top. That ambition, alongside her passion and resilience helped her overcome a traumatic trolling experience that took a toll on her mental health. She's back, stronger than ever, continuing to inspire her audience.",10,0,0,2024-10-18,Released,0.241,6.0,1,,/3CkBM93C96HaJvhPIXtIwt1LdC1.jpg,,,,[],1,0,[],,,[],[],[],
3406,1413499,Angels,Angels,,Body Horror spin-off of the I.E.D Files.,0,0,0,2025-01-01,Released,0.969,0.0,0,,/3u031twBxf9Gr0TneSlOSfqXYCA.jpg,,,,[],1,0,[],,,[],[],[],
16673,1214533,Igualada,Igualada,,"In one of Latin America’s most unequal countries, Francia Márquez, a Black Colombian rural activist, challenges the status quo with a presidential campaign that reappropriates the derogatory term “Igualada” — someone who acts as if they deserve rights that supposedly don’t correspond to them — and inspires a nation to dream.",78,0,0,2024-01-24,Released,0.932,8.0,1,,/kQQoFIimvz5k5jbkoLplzxfrTIa.jpg,/uZ4k6PE9bmNTBFH3qGp8NYz0ncf.jpg,,https://www.youtube.com/watch?v=As-uvtvPNU8,[],1,0,[],,,[],[],[],
2055,1412744,Ultras,Ultras,,"Ultras – the heart and soul of football stadiums around the globe. The supporters that will do anything for the team and yields that extra power into the game to help their team win. ULTRAS is not your regular sports film. Through epic images and a cinematic mosaic of football supporters and their societal contexts around the world, we portray a subculture that is widely known but yet mysterious and inaccessible for most of us.",89,0,0,2025-01-26,Released,23.052,0.0,0,,,,,,[],1,0,[],,,[],[],[],
10484,1097549,Babygirl,Babygirl,Get exactly what you want.,A high-powered CEO puts her career and family on the line when she begins a torrid affair with her much younger intern.,115,20000000,60934894,2024-12-25,Released,91.843875,5.8,574,,/A8HbTd0FemZyFCh5qvJFpHGiwF8.jpg,/hctfNoMpQGfn3VXdBYb9p0P5bT5.jpg,https://www.youtube.com/watch?v=e3CkuGHdfTo,https://www.youtube.com/watch?v=9XXoNB0lVGo,[],1,0,[],,,[],[],[],
79,579849,Илия Муромец,Илия Муромец,,"Iliya the Knight of Murom, the son of a peasant, was born disabled and could not walk until he turned 33. He then was miraculously healed and became a great warrior during his faithful service to Kniaz Vladimir Monomakh by fighting against invaders and helping Kniaz consolide Russianlands.",0,0,0,2026-11-16,Post Production,3.224,0.0,0,,,/uVATE7VebLf4DkJYW5oO7GoWClC.jpg,,,[],1,0,[],,,[],[],[],
17786,1355678,Krystyna Łubieńska. The Remembrance,Krystyna Łubieńska. Wspomnienie,,The story of one of the most colourful actresses of the Coast. During fifty years of artistic activity she played over two hundred roles.,24,0,0,2024-09-23,Released,0.386,0.5,1,,/ecrlsneOSlYLECYUBmin7y0D88l.jpg,,,,[],1,0,[],,,[],[],[],
21093,922087,Mark Antony,மார்க் ஆண்டனி,,"Set in 1995, Mark, a skilled mechanic and the son of a former gangster, stumbles upon a phone that has the ability to connect with the past, tries to save his estranged mother from a grim fate. While facing his own family's legacy, Mark must navigate through dangerous consequences of altering the past, as it causes unforeseen repercussions in the present.",151,0,0,2023-09-15,Released,3.816,6.2,24,,/3xz1lfMrFlNtZ4H8DQKvYog8ilR.jpg,/q8cXWpngGo5rYz2lkGJc5GiKcmL.jpg,,,[],1,0,[],,,[],[],[],
25477,964918,The YouTube Effect,The YouTube Effect,,"YouTube has garnered over 2.3 billion users and is worth up to $300 billion dollars. At its center is its algorithm, something that threatens to destroy not only the platform, but the entire Internet.",99,0,0,2023-07-07,Released,1.219,3.8,3,,/94la3z5NnKfpD50e7sTPRHphnvn.jpg,/5PvFxCFuAOu553iKckUpAO4gDq5.jpg,https://www.youtube.com/watch?v=_BnKwU9Pnqo,https://www.youtube.com/watch?v=Oo2EWOU6J6U,[],1,0,[],,,[],[],[],
29275,939210,Blue's Big City Adventure,Blue's Big City Adventure,All They Need is You.,"When Josh gets the opportunity of a lifetime to audition for Rainbow Puppy’s Broadway musical, Josh and Blue skidoo to NYC for the very first time where they meet new friends and discover the magic of music, dance, and following one’s dreams.",74,0,0,2022-11-18,Released,14.564,7.2,107,,/sAYBC3WhhiX25629HLpCvkpGk9q.jpg,/17sIiv4LGapYnyvdpKxA1vozBqY.jpg,,https://www.youtube.com/watch?v=2mWIeF3cZ2I,[],1,0,[],,,[],[],[],
14635,1370761,Under the Thicket,Under the Thicket,,"A ghost, guided by a mysterious cat, embarks on a journey through an autumn forest to uncover the truth about his past.",5,1000,0,2024-09-14,Released,0.332,7.5,2,,/lWfsCoNWgkK6ATQ2aI3iZYWHs6N.jpg,/uq9NHQV6E208oCnSbAGwywoZc5z.jpg,,,[],1,0,[],,,[],[],[],
5364,1400375,Je ne veux plus y aller maman,Je ne veux plus y aller maman,,,0,0,0,2024-12-11,Released,0.658,5.0,1,,/jg6f69mgYP9wkQNPEnzBRqooQCM.jpg,,,,[],1,0,[],,,[],[],[],
31334,1324413,Встреча,Встреча,,"The plot is based on a conversation between two women - an adult and a very young one. Both women are filled with claims against each other. But what is hidden behind this, what relationships connect them? In the dialogue, the woman simultaneously tries to escape from the truth and find the truth.",24,0,0,2024-08-21,Released,0.17,6.0,1,,/etazQbT9KP8bRG3rd0dB8sbeT9Z.jpg,,,,[],1,0,[],,,[],[],[],
20881,1126056,The Calm,The Calm,,"The i7 M70 stars alongside Pom Klementieff in this thrill ride that takes the Guardians of the Galaxy star on a mission to Cannes, France, the night the stars are set to walk the red carpet at Festival de Cannes 2023. On her journey to the luxurious French Riviera, Pom must fight off stunt performer Nathaniel Perry and enter a game of wits with Hollywood icon, Uma Thurman, in which she receives a golden briefcase. What's in the case? What's next for Pom on her adventure?",9,0,0,2023-05-17,Released,4.423,5.4,9,,/yW8sCth5IBDGJ85dUmaGuzYxG4y.jpg,/A3pJL4sFwKmq8x45SI1JZDWCjL0.jpg,https://www.youtube.com/watch?v=XALU_toUWzQ,,[],1,0,[],,,[],[],[],
31611,1442276,AEW Revolution: Zero Hour,AEW Revolution: Zero Hour,,"LOS ANGELES! All Elite Wrestling returns to the City of Angels with one of the most prestigious wrestling events of the year, AEW Revolution! Be a part of history as the 6th annual AEW Revolution invades Crypto.com Arena for the first time. The pre show, Zero Hour, features Chris Jericho vs. Gravity for the ROH World Championship and Johnny TV & MxM Collection (Mansoor & Mason Madden) vs. Big Boom AJ, Mark Briscoe & Orange Cassidy (w/Big Justice).",90,0,0,2025-03-09,Released,0.554125,7.0,1,,/wBq8RxQdugPAK0020Xa1KOetbpV.jpg,/tkBwtwP50c9COE9WmltrrruMobY.jpg,,,[],1,0,[],,,[],[],[],
15531,1020386,Queen Tut,Queen Tut,Lip sync for your mother's life,"Upon the loss of his mother, an Egyptian teenager leaves his home of Cairo to live with his father in Toronto. Parachuted into the underground queer nightlife in Toronto, he confronts his mother's death, much to his father's disapproval, by taking up the ways of drag and becoming Queen Tut.",90,0,0,2024-02-23,Released,0.635,1.0,1,,/zjlnzrmadBvNTDPMmXc7YW5hANu.jpg,/ynqEYsLvtU0eBneCxNnjWoO0jB7.jpg,,https://www.youtube.com/watch?v=EQ_P65dJk9Q,[],1,0,[],,,[],[],[],
28735,1172139,The Day I Became a Bird,The Day I Became a Bird,,"Sometimes, love can make you do unusual things.",14,0,0,2023-10-15,Released,0.184,7.0,1,,/1wKpJEiPI9qV8wOqwns5SvLbOXW.jpg,,,,[],1,0,[],,,[],[],[],
7559,1388173,Baby on Board. The Dark Web Catbot,Baby on Board. The Dark Web Catbot,,Kevin the unhinged Catbot supplies the deepest darkest fakes on the deep dark web. And Professor Robert wants a deep dark fake video to promote his latest invention. This is a job for Fake Bob.,6,0,0,2024-11-22,Released,0.385,0.0,0,,/pVaqHtcGYnjHu2OgSHb6IgiyYg7.jpg,,,,[],1,0,[],,,[],[],[],
3206,1150209,Aurora,Aurora,I am so filthy,"Aurora, the daughter of a religious leader, enters into a secret affair that changes her life. She tries to please everyone but when it's time for a lavish wedding anniversary celebration, an uninvited guest arrives.",111,0,0,2025-01-10,Released,3.4381250000000003,6.0,1,,/1pUpMYFJjP9oIev9HbMEduJICsa.jpg,/1Pd3so1BDp9JF0hfvVAmZhv97qo.jpg,,https://www.youtube.com/watch?v=_cA9lR7VXaE,[],1,0,[],,,[],[],[],
22740,1013975,L'enfant du paradis,L'enfant du paradis,,"Everything seems to be smiling again at Yazid, an actor with a sulphurous past. He is trying to regain custody of his son and find a stable family life. But despite his efforts, he is overtaken by his old demons...",72,0,0,2023-12-06,Released,1.708,6.5,4,,/ejWRYaa2Yf1UgLub0jFNxreqwXw.jpg,/37TB4ZJatVKuGbMNwtFedNyX2fc.jpg,,https://www.youtube.com/watch?v=Of5W5BINhgM,[],1,0,[],,,[],[],[],
31145,1373409,Dead In The Water: The Attempted Making Of In A Violent Nature,Dead In The Water: The Attempted Making Of In A Violent Nature,INDIE FILMMAKING IS UNFORGIVING,"A fly on the wall documentary providing a raw look at the struggles, stresses and absurdities of the original attempt to shoot the 2024 horror film IN A VIOLENT NATURE.",72,0,0,2024-10-22,Released,0.93,7.0,1,,/iQgiKbI1U4SSUcJVZDSMsKjIZY8.jpg,,,,[],1,0,[],,,[],[],[],
27489,1202496,and?,Et?,and?,an experimental short shot completely in black and white and attempts a new technique.,1,1,0,2023-11-08,Released,0.62,7.8,2,,/pSpGHkpnK8dY3soUgeWnOlSfzWa.jpg,/ksbh1vNJa5EGKivaoucL2AexxZz.jpg,,https://www.youtube.com/watch?v=nn4nFeC7Xqo,[],1,0,[],,,[],[],[],
27509,1087615,Doll Killer 3,Doll Killer 3,He's Back and He's Not Playing,This third and final installment picks up on the same night as the previous installment as Charlie Crandall crashes a nearby slumber party before his final showdown with Doll Restoration Artist Stephanie.,70,40000,0,2023-01-25,Released,0.617,2.5,2,,/hJCGx1OT35ySwYbdEohBI7o8R6I.jpg,,,,[],1,0,[],,,[],[],[],
16636,1272205,TGB's Prayash,TGB's Prayash,"Har lambi chalang se pehele, ek choto sa kadam bohat jayada zarurat hee",A boy who is struggling with this poverty and managing his family and also trying to achieve his dreams of being IAS,33,0,0,2024-04-10,Released,0.284,10.0,1,,/w7XafRF2QaIMzgxXiQ2YM2hZZZo.jpg,/hjcWohqYjDDSGV7nZVMp4JBnZSP.jpg,,,[],1,0,[],,,[],[],[],
12877,1061785,Fox and Hare Save the Forest,Fox and Hare Save the Forest,,"One day, Fox and Hare find that Owl has disappeared. Together with their friends, they search the forest to find him, but instead they discover a big lake that was not there before. Could the sudden appearance of the lake have anything to do with Owl’s disappearance? They must go and find Owl, who is somewhere out there on the rapidly rising water... It is the start of an exciting and fun adventure.",72,0,0,2024-04-24,Released,4.270875,6.7,7,,/8do0K8Fu0fL1xEqBirOqkwcsoMn.jpg,/4sHXKmoUZan9oGFFHSUADGVza6p.jpg,,,[],1,0,[],,,[],[],[],
28870,1288578,Bulwark,Bulwark,Lightsabers are Epic,"An agent infiltrates a high-security research facility, and while stealing a precious drive he runs into trouble causing things to go very wrong.",12,0,0,2023-05-31,Released,0.353,10.0,1,,/lMiV7DNQGza4mbagmN3vK2Ph2ES.jpg,/7LvIqmAUYZLBRIXhYDIOZBE3wPX.jpg,,,[],1,0,[],,,[],[],[],
21146,1143710,Lang Lang Plays Disney,Lang Lang Plays Disney,Welcome to a World of Wonder.,"World renowned pianist Lang Lang and Disney's most iconic music come together in this exclusive one night only concert at Royal Albert Hall. Through performance and documentary segments, the film opens an intimate window into his extraordinary musical journey, speaking to his love for Disney since his childhood in China.",60,0,0,2023-09-15,Released,2.162,6.0,9,,/5y7UlJGConbahwKgQQ9fQZyB8QX.jpg,/9SNacKamuLXNhrSub2qVO7kzKZV.jpg,,https://www.youtube.com/watch?v=AHUpenkxVGA,[],1,0,[],,,[],[],[],
22333,1086340,A Whole Lifetime with Jamie Demetriou,A Whole Lifetime with Jamie Demetriou,,A womb with a view. Awkward adulthood. The not-so-golden years. Journey through life’s stages with Jamie Demetriou in this musical sketch-comedy special.,52,0,0,2023-02-28,Released,3.104,5.9,11,,/jEp8ARTHvXvQd2j8j1s8PgXvUA7.jpg,/aq68RRc6Lf1F1vXtWqlRcwjtMjd.jpg,,https://www.youtube.com/watch?v=8dMrxenvBdQ,[],1,0,[],,,[],[],[],
30230,272824,The Crimson Key,The Crimson Key,A BLOOD STAINED CURSE!,"Larry Morgan, a private detective, is hired by a woman who wants Larry to trail her husband. The husband is murdered and, shortly afterwards, the wife is also killed. Larry shuffles through a long list of suspects before revealing the killer...",76,0,0,1947-07-02,Released,1.053,4.3,3,,/koxy61w6dYtktYzWWcfvbFEN64B.jpg,/lKKfNXzSHZ42EflE1RoJiWv9Zc6.jpg,,,[],1,0,[],,,[],[],[],
28752,1064425,THE 7,Ora 7 Jon,"For every true soldier mission matters, war follows.",A periodical war film based on the journey of 7 brave freedom fighters during the hit of battle in 1971 Liberation war of Bangladesh.,170,227931,0,2023-03-03,Released,0.352,7.0,1,,/gsyInAYjwb8r4Ltd10i4PORyJIw.jpg,/74bGVIUmVovx020VQ7kEw0DOOC.jpg,https://www.youtube.com/watch?v=b0GrA-Z_w6Y,https://www.youtube.com/watch?v=4Y1VXG6Ylj4,[],1,0,[],,,[],[],[],
7832,1384334,Bilal: Live at Glasshaus,Bilal: Live at Glasshaus,,"Bilal: Live at Glasshaus is a tribute to Bilal’s extraordinary vocal and musical range, as well as his status as one of the most unsung innovators in contemporary music. This film places Bilal in his enviable context as ‘your favorite artist’s favorite artist,’ with a narrative shaped by the voices of Questlove, Common and Glasper, who have witnessed his genius first hand for over two decades.",0,0,0,2024-11-20,Released,1.037,0.0,0,,/lTL0fQwnagPU5rGiVdEYcNjh4kn.jpg,/ay6t6BoSCfEmUSHOTHW69WFmabn.jpg,,https://www.youtube.com/watch?v=Yqy0dmPeW54,[],1,0,[],,,[],[],[],
6897,1416635,"""Sad Witch Friday""","""Sad Witch Friday""",La reina te observa,"Acclaimed director and writer Greta Acosta presents “Sad Witch Friday”, her most ambitious project. Do you know who the Moth Queen is? This documentary explores in detail the legend and history behind this mythical character, one that few have the privilege of knowing. However, amidst tensions and obsessions, Greta will have to measure how far her ambition will go to save the project of her life.  (No actor went mad, was killed or disappeared during filming).",16,0,0,2024-11-28,Released,0.669,0.0,0,,/kyvMhtbw7Pt6NpefPvuFd9R9V4A.jpg,,,,[],1,0,[],,,[],[],[],
8453,1001747,Close To The Sultan,En la alcoba del sultán,,An early 20th-century sultan is introduced to the cinematograph with the help of a former operator for the Lumiere brothers.,97,0,0,2024-11-15,Released,1.428,2.0,1,,/27Bckl1iBeplLMxRdsE91vap0Qq.jpg,,,,[],1,0,[],,,[],[],[],
1571,1420763,Shuffle of Love: A Descendants Short Story,Shuffle of Love: A Descendants Short Story,,"In this extra scene from ""Descendants: The Rise of Red,"" Bridget follows her dream of spreading love and joy to all through her dance, the ""Shuffle of Love."" Red and Chloe see how important the dance is to Bridget and offer to help perfect it in time to debut the dance at Merlin Academy’s biggest event, Castlecoming. In the euphoria of perfecting her dance for all to see, Bridget’s imagination runs wild, and her dance explodes beyond her wildest dreams… or so she thinks.",8,0,0,2025-02-13,Released,0.381375,7.0,3,,/qmwlCXNdSww6pkX0JDqGadpypoJ.jpg,/xHil1zJrIkmQFyHdhzoC1KHvvH6.jpg,,https://www.youtube.com/watch?v=SXgEorfUoZ8,[],1,0,[],,,[],[],[],
27751,1233916,You Should Have Killed Me,You Should Have Killed Me,,"You Should Have Killed Me is a story of revenge, sacrifice, and ultimately justice - Or so we hope.",73,0,0,2023-04-29,Released,0.573,4.0,1,,/AsMP5cUJ4sRpIXNRz1kedcoKgDE.jpg,/46AmZP1newIGnanw7DSNxPBFXPE.jpg,,https://www.youtube.com/watch?v=lwehMROqL1w,[],1,0,[],,,[],[],[],
27170,1174857,Kienai Akari,消えない灯り,,,74,0,0,2023-10-21,Released,0.725,7.0,1,,/bR3RyMLN68qGKaBxXXqu2MIbqQT.jpg,,,,[],1,0,[],,,[],[],[],
26437,753018,Sathiya Sothanai,சத்திய சோதனை,A Satirical Journey of Truth,"Pradeep, a gullible simpleton who spots a dead body in a remote location and decides to hand over the person’s gold chain and mobile to the cops. This noble gesture lands him in trouble and it’s up to him to save himself from facing the repercussions.",109,0,0,2023-07-21,Released,0.663,7.0,1,,/jbMJC5CsiFWb1Ge2udEwnwEjndM.jpg,/6NccSHUiRudHPMKN5PItka03icJ.jpg,,,[],1,0,[],,,[],[],[],
21923,1117362,Female SWAT,女特警之暗战,,The women's special police team needs to wipe out a drug gang.,80,0,0,2023-04-24,Released,1.979,4.5,2,,/tv1arAORcJTJ6LJEmiXm7fsflKZ.jpg,/1lsXz81rKcgm9mNkUSh1fs6YbKv.jpg,,,[],1,0,[],,,[],[],[],
20243,1063453,BTS: Yet to Come in Cinemas,방탄소년단: 옛 투 컴 인 시네마,,"Join RM, Jin, SUGA, j-hope, Jimin, V and Jung Kook in this special cinematic cut, re-edited and remixed for the big screen. Watch new close-up angles and a whole new view of the entire concert, BTS Yet To Come in Busan. Featuring hit songs from across the group's career, including ""Dynamite,"" ""Butter"" and “IDOL,"" plus the first concert performance of ""Run BTS"" from the group’s latest album Proof.",103,0,29291883,2023-02-01,Released,8.261,8.23,97,,/eWb45OsBHSO2t1j068bqDsPOGG9.jpg,/86X09HCJo8s83s32H2Frz7G0jMx.jpg,https://www.youtube.com/watch?v=yrjLi18Ov7Q,https://www.youtube.com/watch?v=Rbiz1JONJwI,[],1,0,[],,,[],[],[],
25167,1391705,Andy Huggins: Early Bird Special,Andy Huggins: Early Bird Special,"A full-length comedy special from the original Texas Outlaw Comic, Andy Huggins.","Comedian Andy Huggins performs a live stand-up special in Houston, Texas.",51,0,0,2023-10-17,Released,0.714,7.0,1,,/mM0UP7NSPq0K7v33d4qMDmzceHD.jpg,/jwpxOFl73zF3OY0J7TlACv8xDvU.jpg,,https://www.youtube.com/watch?v=f5Z_3Ht1prI,[],1,0,[],,,[],[],[],
3828,1408705,The Boy Who Cheated Death,The Boy Who Cheated Death,,"In a world blurring reality and imagination, Syd, a little 8-year-old boy tries to hide his mother from Death. They embark on a hide-and-seek game as creatures of earth, Death being their predator. Finally, Death becomes the ultimate predator: Time.",5,0,0,2024-12-27,Released,0.779,0.0,0,,/9c0Kw7FVQkMB7bhkafAeiHXPO5M.jpg,,,,[],1,0,[],,,[],[],[],
13386,1277941,Sauna Day,Sannapäiv,,"Sauna Day invites you into the world of Southern Estonian men who go to the dark-intimate space of a smoke sauna after a hard day's work. Beneath their tough exteriors lies a desire for connection, veiled in secrecy.",13,0,0,2024-05-19,Released,1.947,6.0,1,,/cuEE4YmPVeOxz4WnZGr81kfhGUl.jpg,/zBJ9TrsX0gRKvCOD72qsHA7aGLr.jpg,,,[],1,0,[],,,[],[],[],
2945,1408389,Death of a Child Star,Death of a Child Star,,"Former child actress Maja Aprile is released from a mental health facility. Recovering from on-set abuse, she wants nothing more than a fresh start in life. Her efforts are threatened, however, when the producer of her old show resurfaces to terrorize her.",90,0,0,2025-01-11,Released,1.755,0.0,0,,/xsdWTfCXBP6XXivdQS1QkI2CGui.jpg,,https://www.youtube.com/watch?v=E5qJAjGP7nE,https://www.youtube.com/watch?v=dIGbcxsdM2M,[],1,0,[],,,[],[],[],
20635,1086990,Malcriados,Malcriados,,,0,0,0,2023-02-15,Released,5.631,7.8,54,,/3WiDmXSZoDGkDweMc4dosZsDjpn.jpg,/1570OZ9lWy94ekK505RDxElp4qx.jpg,,,[],1,0,[],,,[],[],[],
1576,1418508,All I Had Was Nothingness,"Je n’avais que le néant - ""Shoah"" par Lanzmann",,"Forty years after the release of Claude Lanzmann’s monumental film Shoah, Guillaume Ribot reveals the director’s relentless pursuit to tell the untold, using only Lanzmann’s words and unseen footage from the masterpiece.",0,0,0,2025-02-13,In Production,1.433,0.0,0,,,,,,[],1,0,[],,,[],[],[],
15474,1234601,Direct Action,Direct Action,,Direct Action documents the everyday of one of the most important activist communities in France in order to see how the success of a radical protest movement can offer a path through the climate crisis facing us all.,216,0,0,2024-11-20,Released,0.818,2.0,1,,/2oHqOdnn0zhwEh2IGHU4djnX8Da.jpg,/x5N7ufcpoQpPt9K2h8STuSWATvI.jpg,https://www.youtube.com/watch?v=SQRRHb_KO2w,,[],1,0,[],,,[],[],[],
22242,1212788,Kaatera,ಕಾಟೇರ,,"Set against the rustic backdrop of the 1970s, unfolds the tale of farmers confronting challenges that intricately shape the course of their lives.",177,0,0,2023-12-29,Released,1.985,6.7,3,,/ApGI0qCY63sXPVEvqu0etrtKBGS.jpg,/f4zJ9UPZYrL9mMIzJEhJneP4bM1.jpg,https://www.youtube.com/watch?v=lVuuwNQg74M,,[],1,0,[],,,[],[],[],
21716,1178489,Making The Flash: Worlds Collide,Making The Flash: Worlds Collide,,,37,0,0,2023-08-29,Released,3.928,3.8,2,,/nstOiPB7XL1ann8Nkean9aQViah.jpg,/n9PdUmcFyaeDdKAiinbXHdhIJHs.jpg,,,[],1,0,[],,,[],[],[],
10651,1103621,How to Make Millions Before Grandma Dies,หลานม่า,Never underestimate a grandma's love for her family.,"M, a university dropout low on money and luck, volunteers to take care of his terminally ill grandmother, in the hope of pocketing an inheritance.",125,0,73800000,2024-04-04,Released,39.274874999999994,8.1,162,,/9Xa0Grd2jq2lM2gqcoTB4F9TjMd.jpg,/3kvS6Ws5usxSk1wIbKZ7YPug2V2.jpg,,https://www.youtube.com/watch?v=HrVX_nHNIUA,[],1,0,[],,,[],[],[],
16328,1242633,Let,Let,,"An isolated law student wrestles with a compulsion toward self-harm and pain. A surprising night carries her, and a stranger, into new territory.",16,0,0,2024-03-09,Released,0.363,6.5,2,,/vV89MKT6v4r0UMDjZqtMK0WGaOZ.jpg,/eV4c3epvrZxTYN88zBYznFmCNQV.jpg,,,[],1,0,[],,,[],[],[],
24448,1101423,Bad Luck Spot!,Bad Luck Spot!,,"When bad luck finds its way into the Land of Luck, the elite team of hazmat bunnies spring into action.",6,0,0,2023-03-17,Released,1.606,5.6,5,,/1BAuZF2dLKVMzYzy4M894CfPlCv.jpg,/rrngXatjqKlVmVg7NIZXpm9Oham.jpg,,,[],1,0,[],,,[],[],[],
132,687163,Project Hail Mary,Project Hail Mary,,"A lone astronaut wakes up on a spaceship with no memory of his mission. As he pieces together his past, he discovers he's humanity's last hope against an extinction-level threat, leading to an unexpected yet crucial alliance.",0,0,0,2026-03-20,Post Production,8.982,0.0,0,,/7FrSnouEr5Ibr2B28aiHDGJMGoT.jpg,,,,[],1,0,[],,,[],[],[],
230,1317288,Marty Supreme,Marty Supreme,,"A fictional story set in the world of 1950s ping pong culture, loosely inspired by the life of professional ping pong player Marty Reisman.",0,70000000,0,2025-12-25,Post Production,4.633,0.0,0,,/dGYtEyxSZTZFwXBfR9dgEidMD1Y.jpg,,,,[],1,0,[],,,[],[],[],
2556,1385939,Fragments of Us,Fragments of Us,Short Film,"Two hearts navigate the shifting tides of love, marriage, and self-discovery, as their relationship teeters on the edge.",24,0,0,2025-01-18,Released,2.85,0.0,0,,/dIHkDMGeDs9ZatDMcApzIZCuggl.jpg,/44keXVfiyVSxTATA0FfDK99rOIR.jpg,https://www.youtube.com/watch?v=PuRGjQu_4VE,,[],1,0,[],,,[],[],[],
13571,1188407,Harvey Keitel - Between Hollywood and Independent Film,Harvey Keitel : À l'ombre des ténèbres,,"Shadows have followed Harvey Keitel wherever he went, from his blasphematory childhood, to the army and his iconic roles in films such as Scorsese’s Mean Streets and Taxi Driver. Treated as an outcast after being fired from the set of Apocalypse Now, he made a triumphant return with directors such as Tarantino and Jane Campion.",0,0,0,2024-04-14,Released,0.763,7.5,2,,/8s03nWfvoh3dxVVLD0GPMLOz6dO.jpg,/ojLPrRKEX9WQPV6aGmfWGvNUgwt.jpg,,,[],1,0,[],,,[],[],[],
29462,760336,Munich: The Edge of War,Munich: The Edge of War,Secrets. Betrayal. Treason.,"At the tense 1938 Munich Conference, former friends who now work for opposing governments become reluctant spies racing to expose a Nazi secret.",129,0,0,2022-01-06,Released,11.696,6.93,574,,/1SOiUTDnwW9gU4GzSIsOCQUlHJF.jpg,/weZ0PuPkvEFc8uuqt5TL8EXz0cs.jpg,,https://www.youtube.com/watch?v=mKI1-yU9838,[],1,0,[],,,[],[],[],
10871,641934,Am I OK?,Am I OK?,It's never too late to figure it out.,"Lucy and Jane have been best friends for most of their lives and think they know everything there is to know about each other. But when Jane announces she's moving to London, Lucy reveals a long-held secret. As Jane tries to help Lucy, their friendship is thrown into chaos.",86,0,0,2024-06-11,Released,9.558625,6.4,253,,/qKkaG7HVFVe7C1JuxTGwNz0eSyL.jpg,/fKxGUfI09ubxe594Nl8Om2cMuxH.jpg,,https://www.youtube.com/watch?v=b80FbdimIHs,[],1,0,[],,,[],[],[],
19523,887870,Blue Giant,BLUE GIANT,Witness the origin of the next great jazz legend.,"High school student Dai Miyamoto has his life is turned upside down the day he discovers jazz. Picking up a saxophone and leaving his sleepy hometown for the bustling nightclubs of Tokyo, Dai will find that the life of a professional musician isn’t for the faint of heart, as he must confront what it truly means to be great.",120,0,0,2023-02-17,Released,14.061,8.0,57,,/7LxbzvDvdeU7lBzB92JShURa0cM.jpg,/65TVVnWOl3ko0G2GfYcCvbSmQW8.jpg,,https://www.youtube.com/watch?v=gUf5R-MzITU,[],1,0,[],,,[],[],[],
27877,1109324,Big Jay Oakerson: DOG BELLY,Big Jay Oakerson: DOG BELLY,,"I think this is tacky as hell, but King Jew Ari said I HAVE to:  These self produced specials are a financial experiment. If I can make my money back, the experiment worked and I can do it again for my next special. I get that not everybody’s in the same financial boat. So give me whatever you think this special is worth to you. Some of you are going to be able to afford 20 or 50 bucks. Others can only afford a dollar. If all of you gave just that 1 dollar in the Super Thanks, this will totally work. And if I make any extra I can finally afford the fingers for these gloves that I’ve wanted since I was a little boy.",60,0,0,2023-04-05,Released,0.399,8.5,2,,/edeY1aWq4sc1ig5luXiwTkLa4fM.jpg,,,,[],1,0,[],,,[],[],[],
22766,1128349,Jackson Halt,जैक्सन हाल्ट,Jackson Halt Passenger!,"A UK based NRI visit india, while returning goes to a remote station run by psychopath station master.",121,0,0,2023-05-05,Released,1.598,7.0,1,,/cvjhVtYAZpf7kJiCzT3PfahsWJH.jpg,/n2tPCcSDGzA8WOEj7OH2Uh0Q9qF.jpg,https://www.youtube.com/watch?v=EX7-sEIwEfM,https://www.youtube.com/watch?v=HqHuBBtlRWk,[],1,0,[],,,[],[],[],
3403,1411022,"100 ans, l'héritage d'une vie.","100 ans, l'héritage d'une vie.",,,0,0,0,2025-01-01,Released,0.926,0.0,0,,/8pLt0l6NbFvR3TSCCKWstKBvSGN.jpg,,,,[],1,0,[],,,[],[],[],
26847,1269904,Skeleton Kids,Skeleton Kids,I danced on the ashes of the bridges I burned.,Three outcast queer teens runaway from society.,9,0,0,2023-06-03,Released,0.799,8.0,1,,/sj3spNVpH4lCTGwsLs5DIwZqKSr.jpg,/54HuOolKDvOe6oDAaP1Fyq83Ph3.jpg,,,[],1,0,[],,,[],[],[],
26509,1255455,Kyokaisyaku Momo,恐解釈 桃太郎,,"A serial killer comes to a magical girl who is good at divination. She hides in a closet and overcomes the murderer, who sings the nursery rhyme ""Momotaro"" as he commits his murder, and decides to exterminate him. Accompanied by Kokkuri-san, Merry-san, and Okiku-san, the magical girl sets out to the accidental property where the murderer is hiding.",72,0,0,2023-12-08,Released,0.9,5.0,1,,/8N0JPycSRIuDfEqetxxZ4LoZMlm.jpg,,,,[],1,0,[],,,[],[],[],
4979,1401255,Enigma's Path,Enigma's Path,,"A man goes on a journey to search for something he feels inside his heart, until he finds some truths.",24,0,0,2024-12-14,Released,0.85,0.0,0,,/8kLwPDStUIFHyRz2Rz9FTsUfZbs.jpg,/6h74WcB4EYj97qSbSbnM8sOswJj.jpg,,,[],1,0,[],,,[],[],[],
26600,1046791,Les Secrets du Paquebot,Les Secrets du Paquebot,,,0,0,0,2023-09-09,Released,0.377,5.9,7,,/s2JjBRBwNn5fWezOHQRvNf8yqwr.jpg,/eHr8wBz98xcWMtREIepQVGOYeBY.jpg,,,[],1,0,[],,,[],[],[],
15786,1207722,Blood'less' Revolution,Revolução (Sem) Sangue,,"In 1974, a group of men lost their lives in what is still called today the Bloodless Revolution of Portugal.",103,0,0,2024-04-11,Released,0.898,6.0,4,,/wPXUUBlIUOXcG9CWYSzw7qBiK7p.jpg,/eRiQGdA0NYX9QbDC9Lskp82FPFu.jpg,,,[],1,0,[],,,[],[],[],
17108,1243503,Élodie Poux se marie,Élodie Poux se marie,,,0,0,0,2024-01-03,Released,0.741,8.0,2,,/kxN5yb2fzlZMVpu9T5uyPgoOcNJ.jpg,/xr5OMAmKAQ1FPABg1UTQyCCh4Di.jpg,,,[],1,0,[],,,[],[],[],
1565,1099485,Dilruba,Dilruba,,,0,0,0,2025-02-14,Post Production,3.346,0.0,0,,/dhnqr66O2dwKGqLWZ41nyttrASI.jpg,/55HzYdpSgcgh7Vo1gA6F0aAfXPD.jpg,,,[],1,0,[],,,[],[],[],
24288,1069722,Noi ce la siamo cavata,Noi ce la siamo cavata,,,0,0,0,2023-01-05,Released,1.139,6.67,6,,/p9XuXchiI3uZZMzHyzt7LFwDNd1.jpg,/daEauzviPLxADA9mlibXIWFFiqi.jpg,,,[],1,0,[],,,[],[],[],
10939,1236419,Piece by Piece,Piece by Piece,Turn up the volume on your imagination.,"A unique cinematic experience that invites audiences on a vibrant journey through the life of cultural icon Pharrell Williams. Told through the lens of LEGO® animation, turn up the volume on your imagination and witness the evolution of one of music's most innovative minds.",94,16000000,10591426,2024-10-10,Released,8.16425,7.5,93,,/fmOPcP8WRvm8cok4Hz3REwD7rlJ.jpg,/oqWTbBixgF8XwqzGeFWMzkNwqAw.jpg,https://www.youtube.com/watch?v=5lkZffop5kw,https://www.youtube.com/watch?v=tD6YXZfC6QI,[],1,0,[],,,[],[],[],
31210,1283602,His Parents,Jenseits von Schuld,,"The story of a couple whose child became a serial killer, convicted for 87 murders. Can they still love their son in the face of this unforgivable guilt? Can parents ever truly stop loving their child?",79,0,0,2024-09-19,Released,0.462,7.3,3,,/geVsKtgjcadLMNQ47m31e2XmIC9.jpg,,,,[],1,0,[],,,[],[],[],
8475,1388921,Changing Gears: A Documentary Film,Changing Gears: A Documentary Film,The wheels of change are turning.,"Changing Gears traces the diverse journeys of three community organizations operating in Canada (Charlie’s FreeWheels), Nicaragua (Comision de Mujer Joven) and Uganda (Union of Hope) in their efforts to use bicycles to create a more just, equitable and sustainable future.",0,0,0,2024-11-14,Released,0.325,0.0,0,,/1fRnjq7xnjGqz98pHXh0BSAmNnN.jpg,,,,[],1,0,[],,,[],[],[],
8191,1374830,Half an Orange,Μισό Πορτοκάλι,"In Cyprus, romance blossoms between a solitary writer living on a farm and a free-spirited woman who is visiting for the summer.","It's summer on a farm in Cyprus. Valeria, a reclusive young writer, spends her days focused on her work. One evening, she meets Antigone at a party. Antigone is outgoing and carefree, contrasting with Valeria’s reserved nature. Amid the sunlit fields and beaches, Valeria and Antigone grow closer, discovering the beauty of a newfound desire. This bond helps Valeria grow and find new inspiration for her writing.",18,4,0,2024-11-16,Released,1.705,0.0,0,,/lLxiwqn0I2VSQcUF3QKDoZBSzAn.jpg,,,https://www.youtube.com/watch?v=oGwzMhlTBh0,[],1,0,[],,,[],[],[],
258,1275574,Arjun Ustara,Arjun Ustara,,,0,0,0,2025-12-05,In Production,1.229,0.0,0,,,,,,[],1,0,[],,,[],[],[],
24535,984092,The Great Indian Family,द ग्रेट इंडियन फैमिली,The biggest confusion of the year,The film is set in the fictional town of Balrampur where Vedvyas Tripathi better known as Bhajan Kumar lives with his family headed by his father Pandit Siyaram Tripathi. Bhajan Kumar’s life with his family was going well till a question on his identity arises that throws the city in a flurry of rumour and apprehension. Will he survive or fall prey to this onslaught?,112,0,0,2023-09-22,Released,1.557,5.17,6,,/9Gxe853oX3URrNj8PKGfvoBF3tx.jpg,/oy9HT8GThmtHYzGT9abRBkZuGz.jpg,,,[],1,0,[],,,[],[],[],
12893,874763,Gaganachari,ഗഗനചാരി,,"A dystopian comedy that takes place in the 2040's, where an apartment inhabited by three problematic bachelors soon becomes a haven for an extra-terrestrial female fugitive.",114,0,0,2024-06-21,Released,0.5077499999999999,7.8,6,,/qTrGkS3Khx2Vj7Z3IplpiDqBkwv.jpg,/7CVWvqO0huXURgVnuhgNQA1s8P2.jpg,,https://www.youtube.com/watch?v=bQcb0Jh8KCY,[],1,0,[],,,[],[],[],
25910,1193962,"Fun, Gus!","Fun, Gus!",Tired of piloting your flesh vessel?,"When a strange mushroom sprouts up in her balcony planter, Chloé is compelled to eat it, resulting in consciousness altering hi-jinx.",5,10000,0,2023-11-01,Released,0.445,4.0,1,,/mKwgQecO2euLXQsgUhEN2q63C6K.jpg,/iXXIuA1uMPsfWFtEqXy0vSuqX1I.jpg,,,[],1,0,[],,,[],[],[],
1530,1412767,A Gyűrű,A Gyűrű,,,0,5,5,2025-02-14,Post Production,1.607,0.0,0,,/n0zVYIAUxdHbsVo5aPBX2vibgII.jpg,/bmaVAta8Ldg7caNk6D1iHhYmLi1.jpg,,,[],1,0,[],,,[],[],[],
21209,1168962,CCC,CCC,What is your favorite action movie?,"After talking to an AI online, our protagonist, Mayne, is receiving strange phone calls from an unknown person. Soon he will have to face heavy threats, and get engaged into an action packed adventure to save humanity from evil forces.",53,0,0,2023-09-02,Released,4.925,7.0,5,,/7yf3qMHlO0BACnJEFORpVOqIaH9.jpg,/7rjarT5Gj7Ozxw0riyVmAOAp1mU.jpg,,https://www.youtube.com/watch?v=SD9DpQfMzFQ,[],1,0,[],,,[],[],[],
6127,1226966,Rainbow Rider,Rainbow Rider,An odyssey of a biplane once owned by John Denver.,An odyssey of a biplane once owned by John Denver.,89,175000,0,2024-12-05,Released,0.499,0.0,0,,,,,,[],1,0,[],,,[],[],[],
1115,1359744,Myself Two Seconds to Cry,Myself Two Seconds to Cry,,"The digital presence left by people I knew who died young has vanished.  Songs they’ve uploaded, photo albums, public diary entries, all deleted and all that’s left is generic obituaries.  When I think of these people, I think of a place. With two cameras, I’m capturing the outline of a memory we shared there in present and in past.",16,260,0,2025-03-15,Released,0.19637500000000002,6.0,2,,/cnqztuI8rYP2XkGDvhMUmLbqnNe.jpg,,,,[],1,0,[],,,[],[],[],
24696,1176433,Shifter,Shifter,,"Tara, a CIA agent, undergoes an operation that allows her to genetically morph into different people via DNA injections. This enables her to go into any country and ""fit in"" for any mission. However, when her dad dies mysteriously, Tara begins to question her superior/ controller, Hype, as she wades through treacherous international missions surrounding stolen minerals and nuclear aggression.",100,0,0,2023-08-18,Released,0.634,2.2,4,,/48htZWSg3G7YRWgQORvEI3y5ffI.jpg,,,,[],1,0,[],,,[],[],[],
185,1418004,Rataje Ride,Rataje Ride,,"Friends ride through Rataje district in Poznań, exceeding time in Google Street Views",0,0,0,2025-12-31,Planned,0.41,0.0,0,,,,,,[],1,0,[],,,[],[],[],
8155,1388971,Voluntas,Voluntas,The slave enslaves the slaver!,"As Tom seemingly kills his neighbor without reason, he justifies it in court by claiming he has no free will. Now, his neighbors and friends gather to discuss him, the murder, and the concept of free will. But as the evening progresses, they draw closer and closer to the truth...",21,201,0,2024-11-16,Released,0.595,8.0,2,,/qIhccMvQwNltRX5o0nkHSIg0fhA.jpg,/6lr2BS9ACQPHjGJq17nfL9fPbmD.jpg,,,[],1,0,[],,,[],[],[],
14009,1140017,Granny Krampus,Granny Krampus,,An estranged family are brought together for a final reunion at the old family home for Christmas. They quickly find themselves at the mercy of a nightmarish entity from the past.,81,0,0,2024-03-01,Released,0.796375,2.3,3,,/2nkZkM5QvfHfDtJFTZaOR9IM2rR.jpg,/CUJ6Rntx5qm1Oyp6JiiPnhmN7w.jpg,,https://www.youtube.com/watch?v=5FzC6YdNiBA,[],1,0,[],,,[],[],[],
2470,1417344,Saturno: La Noche de la Bestia,Saturno: La Noche de la Bestia,"IN THE SOLITUDE OF THE NIGHT, SOMETHING LURKS.","A man, alone in an isolated country house surrounded by woods, has been feeling increasingly restless for days. Strange noises coming from outside, such as creaking, rustling or unexplained footsteps, have kept him awake at night. Exhausted by anxiety, he decides that he can no longer live with this doubt. One night he prepares to face whatever is lurking outside his house.",5,0,0,2025-01-19,Released,3.396,0.0,0,,/BkZJphst3horxvq52Sl0HlBrCL.jpg,/ssmKFK5YS5FMDtdYsHZ6n1t1s7O.jpg,,,[],1,0,[],,,[],[],[],
3281,1413209,小小的我们,小小的我们,,,0,0,0,2025-01-04,Released,1.886,0.0,0,,/rZgPVgvE1sQwTILWUC6KgQi95pI.jpg,,,,[],1,0,[],,,[],[],[],
5209,1402901,Sianni Bobman,Sianni Bobman,,"A remote Welsh village in the 1960s faces anguish after a local child disappears. The village teenagers decide to test their nerve and confront recluse Sianni Bobman, whom they believe to be the culprit.",10,0,0,2024-12-12,Released,0.564,0.0,0,,/DsCEtVIpdCdhylbEaUeU2ss9qO.jpg,,,,[],1,0,[],,,[],[],[],
9828,1422627,Snow Leopard Sisters,Snow Leopard Sisters,,"In Nepal’s remote Dolpo region, two Indigenous women form an unlikely friendship to save one of the planet’s most mysterious and vulnerable wild cats: the snow leopard.",93,0,0,2025-03-07,In Production,0.649,0.0,0,,,,,,[],1,0,[],,,[],[],[],
8384,1374404,The Water Eyed Boy,O menino d’Olho d’Água,,"As a toddler, Hermeto Pascoal made a flute from a pumpkin stalk so he could make music with the birds. His love of the sounds of nature has remained with him throughout his life. They play a major role in the music of the famous Brazilian composer, bandleader, conductor and multi-instrumentalist – known in Brazil as ‘the sorcerer.’",74,0,0,2024-11-15,Released,2.169,0.0,0,,/2BR9gs2NxlEuI9EI9zmMvij0Ec3.jpg,,,,[],1,0,[],,,[],[],[],
26674,1377672,El Don,El Don,,,0,0,0,2023-10-26,Released,0.848,6.0,1,,/ibBI1owIKOIM2xisvMTaVP5II44.jpg,,,,[],1,0,[],,,[],[],[],
10693,976576,Emmanuelle,Emmanuelle,,"Emmanuelle, a quality controller for a luxury hotel brand, arrives in Hong Kong to evaluate a hotel run by Margot, having been tasked with finding a good reason to sack her. Searching for a lost pleasure, she has numeral sensual experiences inside the hotel, and crosses path with Kei, a mysterious client who she becomes infatuated with.",105,19000000,578924,2024-09-25,Released,39.6755,4.9,52,,/s9gmKus9YPTDzdMKZQJYPh0VoGk.jpg,/xqIstzB0ELbYyfzKcYaSwLb4Whs.jpg,,https://www.youtube.com/watch?v=PG6NoUUhZFo,[],1,0,[],,,[],[],[],
26646,1152431,NJPW G1 Climax 33: Day 2,NJPW G1 Climax 33: Day 2,,"The second night of the tournament took place on July 16th, 2023 at Hokkai Kitayell in Toyohira-ku, Sapporo, Japan.",188,0,0,2023-07-16,Released,0.862,9.0,1,,/cchtieuMSq8eBw73c7sO7BCLFcw.jpg,/mPLxh02taNlDc4oaKblbhGAZT56.jpg,,,[],1,0,[],,,[],[],[],
7739,1240025,Un paese di resistenza,Un paese di resistenza,,,0,0,0,2024-11-21,Released,0.001,7.0,1,,/7tdzwYLBFgKw1EZ2lu8Y47MYVPA.jpg,/5LVZjc09HrX26AuF1FQHiC5c25e.jpg,,,[],1,0,[],,,[],[],[],
21669,1111422,If I Can't Have You,If I Can't Have You,,"Disc jockey Michelle Hall attracts the amorous attention of an unknown, demented fan. Meanwhile, back at home, her nosy neighbor seems to watch and know every move she makes.",88,0,0,2023-04-13,Released,2.798,6.3,3,,/5dxrYf00y3jrSMRkWo4HT4QZH7L.jpg,/9JhCHYR5eSOkaYbMU3ITv5DEFsp.jpg,,,[],1,0,[],,,[],[],[],
13392,1268130,Un ángel llamado Rebeca,Un ángel llamado Rebeca,,,0,0,0,2024-04-26,Released,1.215625,6.0,5,,/aZkhVhM4lMnMbLJg8F3NYLQHi3Z.jpg,,,,[],1,0,[],,,[],[],[],
30203,491588,Madame Bovary,Madame Bovary,,"Paris, 1857. While on trial for moral outrage, French writer G. Flaubert tells the court and the audience the true story of the heroine of his novel Madame Bovary, a sensitive but capricious woman whose desperate efforts to overcome the bourgeois conventions of a dull, provincial life led her family first to ruin and disrepute and finally to the abyss of tragedy.",82,0,0,1947-04-02,Released,1.351,5.8,6,,/zPIPyApJmf4AO03gESAUn2G6c8L.jpg,/rYfsaD4wWVHFZKGObV2FyKMebFo.jpg,,,[],1,0,[],,,[],[],[],
22344,846805,Streams,أطياف,,"Amel is released from prison after an adulterous affair. In the violent streets of Tunis, Amel seeks her missing son Moumen, a young football player destroyed by the scandal. During her journey, Amel has to face Tunisian society in ruins.",122,0,0,2023-04-26,Released,3.097,5.2,4,,/7H0FsJdNfgTLJvFfERcDmxZKigZ.jpg,/ceVebTZQ0eeC1tU6vjF8R7fte42.jpg,,https://www.youtube.com/watch?v=ldw04kgfKDY,[],1,0,[],,,[],[],[],
20434,1145810,I Don't Expect Anyone to Believe Me,No voy a pedirle a nadie que me crea,,A writer's career — and entire life — suddenly goes off script when he falls prey to a dangerous web of criminals right before moving to Barcelona.,117,0,0,2023-11-22,Released,4.436,6.7,25,,/5JyivjFm8WzZU2jhzjMWdbWdOwj.jpg,/uA3cuKXb7ELKiXyBo7Fb47kSeZw.jpg,https://www.youtube.com/watch?v=Wd3970ffrxQ,https://www.youtube.com/watch?v=RgYAX_67d9g,[],1,0,[],,,[],[],[],
8623,1302903,Sala Escura,Sala Escura,,"A movie preview session for just nine spectators takes place in a large city hall. The movie starts playing and everyone gets ready to enjoy the entertainment, but the screen goes dark. After an initial confusion, an image appears of a girl being coldly tortured by a man dressed as Bate Bola, the carnival clown. The spectators are confused and worried. Then they discover that they are trapped inside the movie theater. From then on, they are tortured and killed. Will there be a survivor?",99,0,0,2024-11-14,Released,2.309,0.0,0,,/f2OpOAC8B31ppW78YgJgDFiglMy.jpg,/meR8EiSwTZDlZDzPokNkDmJ3Hu3.jpg,,,[],1,0,[],,,[],[],[],
31724,1430783,La lunga notte dei morti viventi,La lunga notte dei morti viventi,,,0,0,0,2025-02-07,Released,0.2175,5.5,1,,/iueMBwDPUREVa7tpWFclUIb2vzu.jpg,/5zCd0ZEsjc8FySGc4V1dUYVDK6F.jpg,,,[],1,0,[],,,[],[],[],
3245,1412856,moi.digital titled: black & tan,moi.digital titled: black & tan,,"moi.digital untitled volume titled: black & tan (05012024-16112024)  london, paris, hamburg  to celebrate the 1 year anniversary of the creation of black & tan by yt and lancey, the first moi.digital titled, moi.digital titled: black & tan.",14,0,0,2025-01-05,Released,1.131,0.0,0,,/8XljTkgChk0a8yygTaz7QJctizm.jpg,/mxWqn6tXZVPJOWke02gP1DKaYqE.jpg,,,[],1,0,[],,,[],[],[],
28258,1374940,Carrier,Carrier,"On a foggy night, Earth receives a visitor.",A man is taken by surprise as he encounters a mysterious figure. Chaos ensues.,2,0,0,2023-04-18,Released,0.364,10.0,1,,/tTbbcaYoej8hbSjgW4SMZwmLce7.jpg,/x0wHSt6c70BSuHQucXkoXfdcjdm.jpg,,,[],1,0,[],,,[],[],[],
15757,1212839,The Way Fish Breathe,아가미,,"Unable to adapt to his stepfamily, Seung-won leaves home on turning 20, to live in a small theater company in pursue of his dream of becoming an actor. Years later, while continuing his life at the theater company, he hears the news of his father's death, who he had not met for seven years. He impulsively leaves the theater company and returns to the house where his biological family used to live. One day, his stepsister Ga-hyeon visits Seung-won to ask him to return to his stepmother's house, so that she could leave home to prepare for the civil servant exam. Seung-won feels anxious about his family and dream again.",77,0,0,2024-11-27,Released,0.39,5.0,1,,/eZpXVmzpJCMzNLh6QNiiUAAAsPb.jpg,/fK0CnHX8A28BBaUuYR9lFmeLA5m.jpg,,,[],1,0,[],,,[],[],[],
12724,1317347,Ma chi ti conosce?,Ma chi ti conosce?,,,0,0,0,2024-11-03,Released,2.121,7.03,35,,/rnxSXarYkda4alOKFCH5Jg6j0V2.jpg,/nyXq8qvgmc5bnIhwRxTCXMKGipq.jpg,,,[],1,0,[],,,[],[],[],
3763,1287874,Que Comece o Domingo à Noite,Que Comece o Domingo à Noite,,,0,0,0,2024-12-29,Released,1.669,0.0,0,,/o4yBwduz8f9JHlSqfqeP4FzHL1c.jpg,,,,[],1,0,[],,,[],[],[],
15376,1211427,Until I Fly,Until I Fly,,"A charismatic Indian-Nepali boy, lives a bohemian life in a remote Himalayan village. As he transitions from childhood to teenagehood, his poetic journey of perseverance echoes issues that span across ages and communities.",90,0,0,2024-03-10,Released,0.359125,8.0,1,,/41ckRmL4HU2cO9KYT5dbVeWDETK.jpg,/rkGlodywnAhZdymeH9JnuXjY7aO.jpg,,,[],1,0,[],,,[],[],[],
6110,1372390,Uralochka,Уралочка,,"The capital's little thing Lana, in order to save her career, goes to the North instead of a hot vacation. There she gets involved in an adventure from which only the truck driver Grisha can save her - a rude lout who loves nothing except his Ural truck. In their joint journey-chase through the wild wilderness, Lana will find something completely different from what she was looking for: the beauty of the endless North, simple and sincere people, a real man and a woman's happiness.",0,0,0,2024-12-05,Released,0.675,7.0,1,,/y5wXeAZ8iQxLCAOb9kYabFoG9MN.jpg,/qbGjNvJIxLRH0E3G6P83goMA7o2.jpg,,,[],1,0,[],,,[],[],[],
23377,1230048,Punk is not vraiment dead ?!,Punk is not vraiment dead ?!,,,0,0,0,2023-06-01,Released,2.11,7.7,3,,/oI5uAdqlOOWiHGjecLAxcwGjymB.jpg,,,,[],1,0,[],,,[],[],[],
3664,1272630,The Car,The Car,Let's have some fun,"After being kicked out of his friend's house, a young man resorts to living in his car and making a YouTube series on it",0,0,0,2024-12-31,Released,0.904,0.0,0,,/8yrHiGIAT8rXiPQ990EWjuPyyHX.jpg,,,,[],1,0,[],,,[],[],[],
31459,1441967,The Ox Road,Hærvejen,,"Prince Joachim and author Steffen Jacobsen are on a hike through Jutland, bringing with them their own life stories. A beautiful nature film with a words of wisdom along the way.",78,0,0,2025-03-19,Released,1.844,7.7,5,,,/umzXFtZ8HaWMH1rMV7KYarAqMHj.jpg,,,[],1,0,[],,,[],[],[],
16241,1249796,Adiós,Adiós,,"During a hunting day in rural Spain, a father struggles to accept that his adult son is moving abroad, dealing with the feelings of being left alone.",8,0,0,2024-06-13,Released,0.967,7.5,2,,/bo4MucPnaj7iv2QDfXCg0nk44GO.jpg,,,,[],1,0,[],,,[],[],[],
6849,1388811,Hurmoti,হুরমতি,,A film by Shabnam Parvin.,0,0,0,2024-11-29,Released,0.571,0.0,0,,/qPUXlaqEy7lgf4HTRWOeWmAILWm.jpg,,https://www.youtube.com/watch?v=Cz-Y6etPv2A,,[],1,0,[],,,[],[],[],
11765,1234950,Ohsama Sentai King-Ohger vs. Donbrothers,王様戦隊キングオージャーVSドンブラザーズ,,"The King-Ohgers and the Donbrothers are now in Hakabaka, the Land of the Dead. They all died due to various reasons. The confrontation begins with neither party knowing who the other is. Will there be an end to this battle? I mean, why did they start fighting in the first place?! Eventually, they arrive at a single abyssal truth!",26,0,0,2024-04-26,Released,2.445875,10.0,2,,/rPIJTDj5F81iLYGQKxbPSpqdcFa.jpg,/8xQoXhxN8ZnqIwoCEiKEVbhz0Uh.jpg,https://www.youtube.com/watch?v=pSENcMHdn90,https://www.youtube.com/watch?v=OCy6Ahg2zjY,[],1,0,[],,,[],[],[],
19879,746524,Blood,Blood,How far would you go to save your child?,"Jess, a newly separated mother and nurse, moves into her old family farmhouse with Tyler, her teenage daughter, and Owen, her eight-year-old son. One night, the family dog senses something in the woods and runs off to find it. He returns a couple of days later and attacks Owen, savagely biting him before Jess is able to intervene. Owen is rushed to the hospital. His condition worsens, and no one can figure out why... until Jess discovers a disturbing cure...",108,0,0,2023-01-12,Released,10.637,6.6,187,,/gCUFtTvjK4gbmjVxhx8bhyOhAeW.jpg,/tNWZ1fyKYl2zWRWsyXTTH7OwuQr.jpg,,https://www.youtube.com/watch?v=TZX6E0M47Q8,[],1,0,[],,,[],[],[],
18814,1234137,La chaleur des larmes,La chaleur des larmes,,"A powerful, hot and desperate love story.",2,0,0,2024-02-01,Released,0.102,4.0,1,,/rNNEvOz60xHDmZtwrRLS6CMw5b.jpg,,,,[],1,0,[],,,[],[],[],
13198,1275261,Rebellious,Rebellious,Mission: royal rescue.,"In this modern twist on a classic fairy tale, a headstrong princess is stolen by an evil sorcerer, and her scholarly fiancé must use his wits in an epic quest to find her while she boldly challenges her captors and plots a daring escape.",94,0,0,2024-10-25,Released,3.195875,7.4,4,,/kUAP8vw4Bklp9Z01H9K0k6iRihk.jpg,/l30cJrcUOCYFyyMZ5nRxknq9fVR.jpg,https://www.youtube.com/watch?v=k-L8CKUS7f0,https://www.youtube.com/watch?v=wbuEdcX4ITU,[],1,0,[],,,[],[],[],
17301,1300933,Tidtakeren,Tidtakeren,,A hunter travels through the Norwegian wilderness to track down a creature meddling with time.,19,0,0,2024-07-07,Released,0.149,8.0,1,,/nJTWTC3GY7tZl23LXqhPViGvVn.jpg,/7UPSiMZzQa0by3MIPRyxv9RvqlE.jpg,,,[],1,0,[],,,[],[],[],
28120,1159693,After Life,After Life,,"Reney Rosian died in a car accident along with her lover, Tony, and her best friend, Candani. In another world, she met Sifer, who was an angel. Reney managed to ask permission to return temporarily to the world in the form of a spirit to apologize to her lover, her mother and her stepfather, Rinto.",81,0,0,2023-08-18,Released,0.228,6.0,1,,/dO1AdqR6eKkQiJlelAo9q2sjNd3.jpg,,,https://www.youtube.com/watch?v=ez4jEHpm1YY,[],1,0,[],,,[],[],[],
9794,926741,Untitled Trey Parker/Matt Stone/Kendrick Lamar Comedy,Untitled Trey Parker/Matt Stone/Kendrick Lamar Comedy,,A black man interning as a slave re-enactor at a living history museum finds out that his white girlfriend's ancestors once owned his.,0,0,0,2025-07-04,In Production,2.708,0.0,0,,,,,,[],1,0,[],,,[],[],[],
16729,1143044,The Metropolitan Opera: Madama Butterfly,The Metropolitan Opera: Madama Butterfly,,"Extraordinary soprano Asmik Grigorian tackles the demanding role of Cio-Cio-San, the loyal geisha at the heart of Puccini’s devastating tragedy. Tenor Jonathan Tetelman stars as the callous American naval officer Pinkerton, whose betrayal destroys her. Mezzo-soprano Elizabeth DeShong reprises the role of the steadfast maid Suzuki, and baritone Lucas Meachem is the American consul Sharpless. Acclaimed maestro Xian Zhang takes the podium to conduct Anthony Minghella’s vivid production.",195,0,0,2024-05-11,Released,0.305,7.0,1,,/Ac56TurA7B6bRlCIxQ2Zxa0nC4w.jpg,/bAS8do7OwV633npzcRZYHplLAtR.jpg,,,[],1,0,[],,,[],[],[],
3315,1408106,Limbo,Limbo,"It’s peaceful, isn’t it?","Waking suddenly with no recollection of her past, a girl finds herself on a train, sitting across from an inquisitive man whom she has never met. The stranger, in an attempt to help the girl regain her memories, guides her through a final journey of self-reflection.",20,0,0,2025-01-03,Released,1.031,0.0,0,,/cv8GHjLqccNuNE3TpQj4R3nXnX.jpg,/3FKMrjtk43ktwC4hzWOQmbEwIVS.jpg,,https://www.youtube.com/watch?v=xU-MULst548,[],1,0,[],,,[],[],[],
21983,1089398,Daniel Brühl: Breaking Bad,Daniel Brühl – Der Reiz des Bösen,,"A portrait of the Spanish-German actor Daniel Brühl, a versatile performer capable of moving easily from the gentlest to the darkest role.",52,0,0,2023-02-19,Released,1.937,1.0,1,,/kxwtTdHquKObHiT8LAWsHDQricj.jpg,/mR04QRFtok3EJn4fMBrCvi5xOeh.jpg,,,[],1,0,[],,,[],[],[],
6199,1397262,The Chef,The Chef,The bill isn’t the only thing they’ll pay.,"A 70's style slasher short film about four college students dine and dash, but their prank turns deadly when a vengeful chef hunts them down. As the night descends into horror, they’re forced to face his twisted masterpiece...",11,250,0,2024-12-04,Released,0.496,10.0,1,,/Zx01CboErXfFpvZny7cADj5Dfc.jpg,/u07IKigR7729ECzU4zVwxmO9650.jpg,,,[],1,0,[],,,[],[],[],
31718,1424834,Taxidermy,تاکسیدرمی,,,90,0,0,2025-01-31,Released,0.231375,3.0,1,,/og2acae2pXXzgnUQLoZ77L3FcxT.jpg,,,,[],1,0,[],,,[],[],[],
1651,1414773,P-Rock The Doc,P-Rock The Doc,,"In the era of boybands and pop music, the early 2000s TV channels didn’t offer much for the “alternative” music scene. Two South Londoners tried to change that, starting up their own music video channel, they soared above the top dogs, until they tried to bring them down.  Through Interviews with bands, fan’s and the creator’s of P-Rock TV we look into DIY nature of the punk, ska, “alternative” music industry. Shining a light on the community this music scene has as well as answering the age old mystery of what happened to P-Rock TV.  Many elements of the story will be told through dramatizations, in style of early 2000s music videos, using mixed media such as stop motion, 2d animation as well as shooting on mini dv and film. The overall tone should be uplifting, championing forging your own path and sometimes the only way too get something done is say fuck it and do it yourself.",75,0,0,2025-02-07,In Production,2.45,0.0,0,,/rqS5aadFKT6abeSHfjTWDl0jtgA.jpg,,https://www.youtube.com/watch?v=JFYdXadxPr4,,[],1,0,[],,,[],[],[],
29295,987750,Inspector Sun and the Curse of the Black Widow,Inspector Sun y la maldición de la viuda negra,One of them is guilty.,"After being put on indefinite leave by his chief of police uncle, the highly intelligent and arrogant huntsman spider Inspector Sun boards a San Francisco bound seaplane. Joined by an intrepid young fan, Sun is pulled into a murder case where the turnout could affect both the insect and human worlds.",82,0,3644575,2022-12-28,Released,20.494,6.7,146,,/zUYleUhOpEew8wdcusS0eGytZ6T.jpg,/oMsoN3RsJEjxOWcImvwTffEnkMd.jpg,https://www.youtube.com/watch?v=6nfDPuphV_s,https://www.youtube.com/watch?v=oKuCKB6G0NQ,[],1,0,[],,,[],[],[],
21778,1065616,Amityville Death Toilet,Amityville Death Toilet,"For Gods Sake, Call A Plumber!","Gregg G. Allin has a semi-successful podcast exploring paranormal events. When Amityville is overrun with a spate of toilet murders leading back to the haunted house of yesteryear, Gregg wastes no time flying into town to get some answers. With Amityville’s Mayor Dump demanding answers and an end to the killings, Gregg is perplexed because this Amityville house doesn’t seem to be that scary. Looks are very deceiving, and, after a toilet in the house mutilates Sebastian the caretaker, Gregg is forced to act. What ensues is a battle like no other where Gregg is pushed to the very limits of hell and beyond in an effort to save the town… and the world!",72,0,0,2023-01-05,Released,2.586,4.4,5,,/r6k51hFMVgqCF5nE8m8qZ5P5qAC.jpg,,,https://www.youtube.com/watch?v=Z4NhFohRjrc,[],1,0,[],,,[],[],[],
11417,617209,Si Juki the Movie: Harta Pulau Monyet,Si Juki the Movie: Harta Pulau Monyet,,"After discovering a map from their ancestors, Juki and his family set out on a daring treasure hunt, where pirates, monkeys and a dreadful curse await.",107,607350,318870,2024-06-27,Released,4.47725,7.0,2,,/2UA8l0GSE5ZRgkUrT7IVt03zNAV.jpg,/jbLsxlqrwf0gsOal4tMlw2dRTfU.jpg,,https://www.youtube.com/watch?v=fWmB3acKpHE,[],1,0,[],,,[],[],[],
4925,1410669,60 Dni do Pro w Fortnite,60 Dni do Pro w Fortnite,,,0,0,0,2024-12-14,Released,0.673,0.0,0,,/3z8BGGw6JLEF0CFAxqNE6gA8GsI.jpg,,,,[],1,0,[],,,[],[],[],
18817,1307923,what YOU eat,美食家あさちゃん,Being pretty is everything.,"Asako is a girl who firmly believes that “she can’t live without being exceptionally pretty.” It all began during one fateful English class in junior high when she stumbled upon words that would forever change her life. Those profound words belonged to Brillat-Savarin, the renowned French gourmet: ""You are what you eat."" Fast forward three years, and just as Asako has dedicated herself entirely to the pursuit of beauty, a captivating and mesmerizing girl transfers into her class. What fate awaits Asako and her new friend, ""Angel""?",15,0,0,2024-06-08,Released,0.192,9.0,1,,/i4jDH9A33vR885E1lby8b4v3T3v.jpg,,,,[],1,0,[],,,[],[],[],
11413,1165441,I'll Crush Y'all,Os reviento,"Keep coming, b****s!","Gabriel, known as Tarado, a retired boxing champion, tries to lead a quiet life in a remote village, with his father and his dog, far from the kind of problems that, in the past, led him to spend a few years in jail.",92,0,0,2024-09-13,Released,4.67525,6.7,10,,/lRbfUX43uR9ryX2eIVMD9jHtybl.jpg,/uzXLCqPWYbsVzPU3pGz3oPqO4lE.jpg,,,[],1,0,[],,,[],[],[],
31320,1431060,Moerija,Moerija,"Adventure, Animation, Fantasy, Short","A long time ago, there lived a benevolent giantess named Mbok Moerija, who appeared as a mountain when asleep. It's said that Mbok Moerija has shed a single tear which became the source of the Spring of Life which can cure all kinds of diseases in the world. However, the spring was hidden from humans, and Mbok Moerija lay asleep for centuries. After hearing the legend of Mount Moerija, two friends decided to go looking for this mysterious spring: Dewi, full of confidence and always enthusiastically with her trusty camera to immortalize the elusive legend they are searching for, while Kayla doesn't believe in folklore, let alone fantasies about giants and water magic. However, when an argument and the mysterious movement of the mountain separate the two, they muster the courage to heal their wounds and wound friendship.",10,263,0,2024-09-16,Released,0.196,10.0,1,,/tbGZi3CITi5rIMEaLBuMi7Att4u.jpg,/vZ15AwZdWfWBx9FEorRCzvh5A5c.jpg,https://www.youtube.com/watch?v=wITFFP__jYY,,[],1,0,[],,,[],[],[],
4618,1404897,My Boyfriend is a Sex Worker 2,My Boyfriend is a Sex Worker 2,,"Convinced that his beloved Gio left him for money, Ace’s life spirals downward as he drowns his sorrows in a drinking binge. Hopefully, a plan devised by Ace’s sister, Malou, can reignite their spark while keeping their meddling family at bay.",50,0,0,2024-12-18,Released,3.206,5.0,1,,/z8XvrQlK8iAzhOcuupJ266rF3K1.jpg,/pAHAHXo9lwmEv4FVMapwvczVSgG.jpg,,,[],1,0,[],,,[],[],[],
8686,1387507,Marvel Studios Assembled: The Making of Agatha All Along,Marvel Studios Assembled: The Making of Agatha All Along,,"Join Kathryn Hahn, Aubrey Plaza, Joe Locke, and more as they invite viewers behind-the-scenes of Agatha All Along.",61,0,0,2024-11-13,Released,1.615875,9.5,3,,/8gJ4SkWVzFDcUfYVJDTWl85HnNU.jpg,/ef53usvUPf5VNWXpdCdSj3Bqw3Q.jpg,,,[],1,0,[],,,[],[],[],
25112,1187679,Deadly Desire,Deadly Desire,,"Sophia's dream wedding turns sinister when friends start dying at her bachelorette party. She suspects her obsessed best friend Melody, who harbors a deadly love.",90,1000000,0,2023-10-05,Released,0.994,6.0,2,,/wV2yMOHOSbRp0oft2erhe1XBeFS.jpg,/mCsLhtp65qxRZrnqXuOXmp1W6df.jpg,,https://www.youtube.com/watch?v=3VBWT-ilbqA,[],1,0,[],,,[],[],[],
28495,1062762,Sweatshop Girl,Chica de Fábrica,,"Inés works as a seamstress in a sweatshop where pregnancy tests are periodically administered. When she becomes pregnant, she is sure that her condition will get her fired. She does everything she can to keep it a secret.",16,0,0,2023-01-19,Released,0.486,2.0,1,,/wINezlkA54JykHuXxg39jLvBDe2.jpg,/gbTsTXeyKOI6sDbFwSfffCrmeJu.jpg,,https://www.youtube.com/watch?v=GzHQz8RW8hw,[],1,0,[],,,[],[],[],
18240,1331813,Performance of a Lifetime,Performance of a Lifetime,,"Aspiring actor ADAM is given his first chance to breakout in Hollywood, starring alongside acting superstar XANDER CUMMINGS. But the only way for it to work, he needs to give the performance of a lifetime.",22,0,0,2024-03-27,Released,0.15,10.0,1,,/3kxP1I25HmDobgWjWXcpb9dAl79.jpg,/eI0rVZjqUOwOAE123aOLcXDgmvH.jpg,,https://www.youtube.com/watch?v=-ue-HO31w2A,[],1,0,[],,,[],[],[],
29923,35401,Fear in the Night,Fear in the Night,Nightmare of Murder...or Dream...or Reality,"The dream is unusually vivid: Bank employee Vince Grayson finds himself murdering a man in a sinister octagonal-shaped room lined with mirrors while a mysterious woman breaks into a safe. It is so vivid that Vince suspects it may have really happened. To get the dream off his mind, he goes on a picnic with some relatives. When a thunderstorm forces his party into a nearby mansion, Vince discovers that the bizarre room does exist, and it means nothing but trouble.",72,0,0,1947-04-10,Released,3.669,5.4,29,,/hfJymgyUErMphNkxVNnllsLtQsa.jpg,/xFHlAqckVDSaeKbleVJl1CewA2L.jpg,,,[],1,0,[],,,[],[],[],
17158,1229218,Grey,Grey,,"A young man struggles to find joy in a greyscale world. But when an accident gives him a taste of escapism, he must learn to find balance.",33,0,0,2024-01-12,Released,0.139,5.0,1,,/4Stn1p7T9TnJAUuvDMJTMYufzxY.jpg,/i3kIXiLakTiXUM8iHJSPuVnqmOO.jpg,,,[],1,0,[],,,[],[],[],
3901,1305864,Take It Easy on Me,Take It Easy on Me,,"A young student, Mary, has been heartbroken in her relation with Liam. She is trying to go out and live again. On her way she meets Michael, who seems like a nice guy, but Mary wants to have control and take it easy going forward.",15,6000,0,2024-12-27,Released,1.03,0.0,0,,/7aQNPfu4kkeyItNavgouUk8ZAx3.jpg,/kkBn18BxszpacuzO5eZ3fI0StH5.jpg,,https://www.youtube.com/watch?v=PIrwTapzWkg,[],1,0,[],,,[],[],[],
30071,328265,Song of the Cornfields,Ének a búzamezőkről,,A Hungarian soldier returning from fighting in the Second World War marries the woman he believes to be the widow of a former comrade who he thinks died in the POW camp in which they were held.,81,0,0,1947-03-02,Released,1.361,6.8,4,,/dOokZHUsg6mWomz22IcqKjcDmRz.jpg,/1Az2Qs6hBVkmjN5qaNDauZwDmdO.jpg,,,[],1,0,[],,,[],[],[],
16877,1320333,Fright,Fright,,"1937: Young Emily is trapped in a nightmare, chronic agoraphobia and a strange, domineering mother have turned their sprawling gothic mansion into a prison. On the brink of madness, Emily is haunted by lurking malevolent forces, her only hope, the desperate belief her missing father could save her from this living hell. But as she longs for his return, Emily is tormented by visions of a sinister, gnarled black hand—a spectre haunting her earliest memories. It is a homage to the unsettling atmosphere of 1950s horror cinema, echoing the terror of THE HAUNTING and the ghostly dread of THE INNOCENTS.",81,0,0,2024-08-26,Released,0.712,10.0,1,,/baO09nMdfGUd4rhmtXqUB0GV3Jg.jpg,/hnxAhqupCgq0bwC7I5cROBTq0v5.jpg,,https://www.youtube.com/watch?v=gkKDYDxr0vY,[],1,0,[],,,[],[],[],
14940,1380451,Les Capone attendent un bébé,Les Capone attendent un bébé,,,0,0,0,2024-10-31,Released,0.683,1.0,1,,/wmpC68avrlGWlA0NL3zOJ0waIND.jpg,/cOUGC2Uk8HhkWrrVPb6zFjarrlD.jpg,,,[],1,0,[],,,[],[],[],
11637,1122715,Kamen Rider 555 20th: Paradise Regained,仮面ライダー555 20th パラダイス・リゲインド,I will show you how my dream will last.,"Released to commemorate Kamen Rider 555's 20th anniversary, the film takes place after the ending of the TV series. Masato Kusaka and Mari Sonoda are fighting a new iteration of Smart Brain led by Kitazaki, who begins an operation to exterminate all Orphnochs, with Takumi Inui seemingly working with them for unknown reasons since his disappearance.",65,0,0,2024-02-02,Released,3.7106250000000003,5.9,7,,/qf73jO3I2NkhtgEKo0U2b8znLy8.jpg,/imVgjJzB3ulJJqYb94g76C0yDT1.jpg,https://www.youtube.com/watch?v=vx2ZN6YviO0,https://www.youtube.com/watch?v=ofF501wSeGM,[],1,0,[],,,[],[],[],
13009,1216997,The Enchanted Tinderbox,Огниво,,"In a kingdom shrouded in darkness,  the malevolent VileGuile seized power, casting a wicked enchantment over the Queen  and imprisoning the blind little princess, Darya, within the Enchanted Tinderbox. Fate intervenes as the box finds its way into the hands of the carefree roisterer Johnny whose only dream was to live an easy life. Travelling with Darya, John undergoes a profound transformation. His once-selfish nature gives way to courage and generosity, evolving into a true hero. Alongside their faithful companions, the  merry aeronaut Jean and  the magical horse Good Pathfinder,  John and Darya's  journey takes them to the sombre caves of dwarf miners, where they forge the unbreakable friendship, and to the ethereal sky kingdom of magic ladybirds, leading  John to understanding the boundless power of love and self-sacrifice.",106,0,12430378,2024-10-24,Released,1.673625,8.3,3,,/o5Z9YJQ2acvcrFemQGEBGIjzbjS.jpg,/7oMprLUkMos59lS9glRrboZI9F4.jpg,,https://www.youtube.com/watch?v=Tovnw4LyuT0,[],1,0,[],,,[],[],[],
1717,1421542,Magic Hour,Magic Hour,"Retire, be damned.","Harriet, a once-promising filmmaker, is stuck in the suburbs of New Jersey. Alienated from her cheating husband and spurned by her teenage daughter, she secretly enrolls in film school to revive her long-lost dream.",94,0,0,2025-02-05,Post Production,3.017,0.0,0,,,,,,[],1,0,[],,,[],[],[],
17753,1353815,Nexus Laboratories,Nexus Laboratories,What awaits in this flooded facility?,"In a facility dedicated to the study of liminal spaces and the in-betweens of time, a mysterious flood triggers a cascade of eerie events and the sudden shutdown and abandonment of the laboratory.",4,100,0,2024-08-28,Released,0.528,10.0,1,,/uTKjj1R92jUj4WK7P1q8OgoGEfb.jpg,,,,[],1,0,[],,,[],[],[],
13742,1248971,Friday Night Sext Scandal,Friday Night Sext Scandal,,"High school football players conspire to post nude images of their female classmates on a covert website. When the site is discovered, members of the community try to expose the culprits, only to learn the devastating truth about those involved.",87,0,0,2024-03-16,Released,1.57,6.5,6,,/yj7kE4BQProIdqzzMuzURTVoiVM.jpg,/2xrC6hEeTx4ehsRBaqqf2XvbUJ3.jpg,,,[],1,0,[],,,[],[],[],
19754,1061671,"Pamela, A Love Story","Pamela, A Love Story",She defined a decade. Now she will define herself.,"In her own words, through personal video and diaries, Pamela Anderson shares the story of her rise to fame, rocky romances and infamous sex tape scandal.",113,0,0,2023-01-30,Released,8.398,7.0,217,,/zkVnRwZWbrd55P3Tx7BZZQ1gU89.jpg,/aJvgoRMrYFTMu7MrcfxYVPMRuU5.jpg,,https://www.youtube.com/watch?v=3SBJB8r8fVQ,[],1,0,[],,,[],[],[],
13619,1270687,Deadbolt,Deadbolt,,"Seeking a fresh start, a young woman finds her sanity on the brink due to unexplained disappearances and chilling nocturnal echoes in her new home.",83,0,0,2024-05-11,Released,0.439125,4.0,8,,/6wW9yL8ufwig6Wdaw6tbrOxhNye.jpg,/jjZWDJ6GKjr7bgVDyIkX1TuB6kv.jpg,,https://www.youtube.com/watch?v=0_zkBGvifsQ,[],1,0,[],,,[],[],[],
696,1415805,The Sounds Of Insanity,The Sounds Of Insanity,A Mental Health Awareness film,The struggles of everyday life leaves Brian to self cope experiencing a significant mental breakdown.,7,15000,0,2025-05-31,In Production,0.307,0.0,0,,/e1N6BSdKnQpgh1JbjHtcXgrR06V.jpg,/tpmEdBuopPvZc5oCWArrASsvpaG.jpg,,,[],1,0,[],,,[],[],[],
6779,1397576,Wole Soyinka Eni Ogun,Wole Soyinka Eni Ogun,,"The historical movie tells the untold story from his childhood, the accusations against him of helping the rebel leader in the breakaway, the role he played in June 12 election, his arrest, his freedom and how he tried to steal one of our lost treasures from art collector's private museum outside Nigeria.",0,0,0,2024-11-29,Released,0.676,0.0,0,,,,,,[],1,0,[],,,[],[],[],
3761,1403761,Let's again,"컷, 다시 갈게요",,,98,0,0,2024-12-29,Released,1.668,0.0,0,,/rYaNBMPX1cXDiogMWg4B7j6hLsK.jpg,,,,[],1,0,[],,,[],[],[],
3635,1387682,Love Songs CD,Love Songs CD,,"A man lists his love songs CD in a used group, but why is he letting it go? What story lies behind this sale",0,30,0,2024-12-31,Released,0.001,0.0,0,,/8TrNaAxBjbqUfFEhvNSYleLjYPm.jpg,/AcMp22z1xjK3LrcPk4QCItTw5RI.jpg,,,[],1,0,[],,,[],[],[],
45,1412050,Untitled Aardman Pokemon Film,Untitled Aardman Pokemon Film,,"Aardman Studios has announced a film in collaboration with Pokémon, set to release in 2027",0,0,0,2027-01-01,In Production,0.2,0.0,0,,/q3m7W8Lupb0dJchUpI7TLF4FoNa.jpg,,,,[],1,0,[],,,[],[],[],
8916,1395404,Wikileaks. The Alacant connection,Wikileaks. The Alacant connection,,,0,0,0,2024-11-10,Released,0.306,0.0,0,,/bUNhNcUtGd1HgLdovt1LknrxPlL.jpg,,,,[],1,0,[],,,[],[],[],
29213,916605,The Infernal Machine,The Infernal Machine,What he created will destroy him.,"Reclusive and controversial author Bruce Cogburn is drawn out of hiding by an obsessive fan, forcing the novelist to confront a past that he thought he could escape, and to account for events set in motion by his bestseller decades earlier. Cogburn's search for who is behind the manipulation and mental torment he encounters leads to an emotional roller-coaster ride full of fear and danger, where things are not always as clear as they seem to be, and where past deeds can have dire consequences.",107,0,0,2022-09-23,Released,18.747,6.3,258,,/bSqpOGzaKBdGkBLmcm1JJIVryYy.jpg,/68t9YraLbv4BHikPmjcw7SOPJi3.jpg,,https://www.youtube.com/watch?v=q0vrecpxXZU,[],1,0,[],,,[],[],[],
8627,1264155,Stop By Anytime,Stop By Anytime,,"When Devon stops by unannounced looking for something he left behind, he finds his old pal Jim shacked up with a controlling new girlfriend. Things are not as they seem, as tensions rise amongst friends, leading to a short visit for Devon.",13,3000,0,2024-11-14,Released,0.001,0.0,0,,,,,,[],1,0,[],,,[],[],[],
21641,1167816,Somliga går med trasiga skor,Somliga går med trasiga skor,,"Cornelis Vreeswijk was one of the biggest artists in Sweden. 33 years after his death, his songs are still played daily on the radio and on various streaming services. Cornelis Vreeswijk has a special position in Swedish music history and has reached out to new generations of listeners and artists.",105,0,0,2023-11-17,Released,3.76,8.0,1,,/eeHKGKE6vY5Cru886mFZljCEM7w.jpg,/gJBmD3ilsV4GyIXcKWwidF7KkdP.jpg,,,[],1,0,[],,,[],[],[],
21371,1180739,"Miracle in Bethlehem, PA","Miracle in Bethlehem, PA",,"In this new DaySpring movie, successful Mary Ann Brubeck adopts a daughter right before Christmas. When bad weather lands her and her new baby stranded in Bethlehem, PA, their only option is to stay with the innkeeper’s brother Joe, a quintessential bachelor.",84,0,0,2023-12-21,Released,3.425,7.1,13,,/qVRehPn6mEWIL3HzEGF7SuiPHy7.jpg,/2qKeTRacLSYkK2ewaN67dTVn6j.jpg,https://www.youtube.com/watch?v=YOAs5zCI_1Y,https://www.youtube.com/watch?v=AermE4nkegY,[],1,0,[],,,[],[],[],
20696,778946,Mission Majnu,मिशन मजनू,,"Set in the 1970s, an undercover Indian spy takes on a deadly mission to expose a covert nuclear weapons program in the heart of Pakistan.",129,0,0,2023-01-20,Released,2.825,6.7,37,,/jHQitiHK4M561W1O7WwfJ0dJ8S1.jpg,/9XSux1N1t5jqIR96U4EZlo7QZZS.jpg,,,[],1,0,[],,,[],[],[],
25551,1146585,Midnight,منتصف الليل,الثالثة على التوالي,"A swimmer prepares for the swimming championship final, and hours before the tournament, terrifying and suspicious situations and events happend to him",12,665,0,2023-07-05,Released,0.69,10.0,1,,/qzIi2wjm3mMWm4GNJzolF9E3zuR.jpg,,,https://www.youtube.com/watch?v=QpU0vyKslVs,[],1,0,[],,,[],[],[],
21130,1221256,Wolfsland - Das schwarze Herz,Wolfsland - Das schwarze Herz,,,0,0,0,2023-12-25,Released,2.373,7.0,1,,/tCwGVeOndJBDkvCsmr4F7Edlwiu.jpg,/1A60mWWc2GciOptasveuc2CLJkP.jpg,,,[],1,0,[],,,[],[],[],
13217,1025381,Do You Love Me?,Ти мене любиш?,,"Kira is living her life with the teenage confidence that the world revolves around her. Born and raised in the late Soviet Ukraine, she sees her life predictable and clear. But it doesn't last long. Suddenly, she discovers that her father has a mistress, and her mother knows about it but prefers to remain silent. As Kira's family begins to fall apart —and so does the Soviet State— everything she knew turns out to be an illusion. Kira is searching for love, warmth, and hope for the future, going down a dark path she could not foresee.",90,0,0,2024-05-30,Released,1.22325,7.0,4,,/77lsmFGy2owudc1BZpabXJMNsIv.jpg,/sIb9Vmdu7WKBJi37Z7CWUDm1dm5.jpg,,https://www.youtube.com/watch?v=DK5oswdeXn0,[],1,0,[],,,[],[],[],
4903,1360794,Following Yonder Star,Following Yonder Star,"Love leading, still proceeding","When a scandal upends a famous TV mother’s life ahead of the holidays, she heads to a luxury Vermont resort for Christmas. Upon arriving, a booking error leads her to a quaint B&B owned by an astronomy teacher.",84,0,0,2024-12-15,Released,0.439125,5.8,10,,/tIX3upo5WdwH83SIVVV3NcKKza0.jpg,/fVmCVJgL3RAJSHNfZ9F1Vikqdak.jpg,,https://www.youtube.com/watch?v=tRMyaxPKjnY,[],1,0,[],,,[],[],[],
27342,1153161,Kids in a Cage,Kids in a Cage,,"Exposing the shocking world of youth MMA (kids cage fighting), the film follows 2 child fighters over several years on their quest to win the kids MMA national championship, as they wrestle demons at home and battle for glory in the cage.",86,0,0,2023-07-16,Released,0.636,6.0,1,,/cRvAez81wuZLGcEJ5RJhFCmpKtU.jpg,,,,[],1,0,[],,,[],[],[],
14526,1310024,L’àvia i el foraster,L’àvia i el foraster,,,0,1,0,2024-09-13,Released,0.763,8.0,1,,/ah9LXIn72O7q74K5fYYo3JLXQ0x.jpg,,,,[],1,0,[],,,[],[],[],
21601,1132302,Field Day,Field Day,"On your mark, get set, mom.",Jen has moved back to her deceased husband’s home town with her daughter to start anew. She unexpectedly finds friendship and romance when she joins the school parent teacher organization.,84,0,0,2023-10-14,Released,3.753,7.4,9,,/xWLyVulraK9hYrhjGYmLFImMtJ3.jpg,/ai6k0d2rJ1hlbixGGDokXWMqiQX.jpg,https://www.youtube.com/watch?v=IMt5kM8t5pM,https://www.youtube.com/watch?v=DZH2jFBaIPU,[],1,0,[],,,[],[],[],
368,1358491,Yoroï,Yoroï,,"After a gruelling final tour, Aurélien decides to settle in Japan with his wife Nanako, who is pregnant with their first child. As the young couple move into a traditional house in the Japanese countryside, Aurélien discovers an ancient suit of armour in a well, which is about to awaken strange creatures known as Yokaïs.",0,0,0,2025-10-22,Post Production,0.001,0.0,0,,/Ao3RTEzQ6RAjndjktfPscbSYn8u.jpg,,,,[],1,0,[],,,[],[],[],
8372,1374413,Mama Micra,Mama Micra,,"The mother of animation director Rebecca Blöcher didn’t want to live an ordinary life. She wanted “something more,” she explains in this stop-motion film. The people around her didn’t understand—in a letter written in 1968, a girlfriend criticizes her for going out on her own and making men jealous, while advising her to dress in a more “feminine” way and to join a cooking course. Blöcher’s mother brushed aside the advice. Years later still, she divorced her husband and stepped into the big wide world.",24,0,0,2024-11-15,Released,0.327,0.0,0,,/c0SQ6XNzDLky6SphRnaXKhDtNKL.jpg,,,,[],1,0,[],,,[],[],[],
8161,1386044,A Sip of Hell,Un Trago de Infierno,,"A provocative, kinky blend of reality and acting; imagination and fantasy.",90,0,0,2024-11-16,Released,0.597,0.0,0,,/2aLKgMbK8WnEKTLTmzrVbq9JYui.jpg,,,,[],1,0,[],,,[],[],[],
24098,1134356,Twins in Crime,Twins in Crime,Ines's life is turned upside down after receiving her twin's nude photo. Exploited by a relentless blackmailer who plays the game hard.,"What do you do if you look like the girl in the nude photo?  Exactly one year after the sudden death of her twin sister Sara, Ines's life is turned upside down again when she receives an email containing a nude photo of Sara. Sender: A blackmailer who plays the game hard.  In one evening Ines will discover the dark secrets of her twin sister.",72,9000,0,2023-10-25,Released,1.805,6.0,1,,/zPCDCc2NStfiCIoheKrTAfUTWDM.jpg,/wvzWUeUBBzSZNhtxWfldVwGx7eq.jpg,,,[],1,0,[],,,[],[],[],
11613,1264939,Unpredictable,Nieobliczalna,,"Martyna and Wojciech form a seemingly happy relationship. However, it is only a façade hiding a cruel truth. Martyna's friend Alicja is a single mother of 20-year-old Daniel, who is the apple of her eye. Alicja is unable to accept that her son has his own life. One day Daniel meets Adelina. A puzzling story in which we ask ourselves not only who killed and why, but above all who died!?",100,0,0,2024-05-09,Released,3.91075,5.5,6,,/iUZ8UFnFMm6n7qbz4ci3IROz9KA.jpg,/z2OgfV4d6iukRW91RprhWIRG5IE.jpg,,,[],1,0,[],,,[],[],[],
2558,1396815,The Salon,The Salon,,"THE SALON is the story of a unique beauty salon in Khartoum which hides a secret; it doubles as an underground space for women in danger. Run by the charismatic Abeer who herself fled domestic abuse, the salon is a space where women who are ‘on the run’ arrive from across Sudan seeking advice, sanctuary and pathways. It also does fabulous hair and nails.",25,0,0,2025-01-18,Released,2.979,0.0,0,,,,,,[],1,0,[],,,[],[],[],
6861,1374242,Manos negras,Manos negras,,"An intimate story about family ties, the loss of loved ones and characters who are unable to live in the present, either because they yearn to return to the past or because they continually fantasise about the future.",24,0,0,2024-11-29,Released,0.001,0.0,0,,/lHhtVNlEf4EhZtqRe2mwdnR9Xek.jpg,,,,[],1,0,[],,,[],[],[],
10016,1384189,AAAAAAAAA,AAAAAAAAA,,,0,0,0,2024-11-13,Released,0.388,0.0,0,,/dNvU3TlWs8EQPhiZkdWa8yjTIog.jpg,/xA5vtLapKMKlS1fMJesLb5Gv6ao.jpg,,,[],1,0,[],,,[],[],[],
7170,1386889,"Wainrot, in the Wings","Wainrot, tras bambalinas",,"Mauricio Wainrot is a prominent Argentine choreographer with an international career. After joining the Contemporary Ballet of the San Martín Theater in 1968, he directed 165 works in world-renowned companies. This documentary pays tribute to his life and work, celebrating his legacy in dance.",56,0,0,2024-11-26,Released,1.826,0.0,0,,/lMb1ZX6hg2QSSfbYZdI7f4qR8GN.jpg,,,,[],1,0,[],,,[],[],[],
18452,1288926,Dragon Hunt,Lov na zmajice,,"Taking Samuel Delany’s SciFi novel Stars In My Pocket Like Grains of Sandas a point of departure, this experimental mid-length is at once a dance, fantasy, and a queer road film. Its protagonists, animated by the weird landscape of the Dalmatinska zagora and enraptured by the sound of the conch shell, partake in the melding tradition of Dragon Hunting. An exploration in media translation, mimicry, and the sensuous, Dragon Huntis a result of collaborative processes between fellow artist friends and different machine learning algorithms.",17,0,0,2024-06-08,Released,0.127,10.0,1,,/jQxHqBf41AmDw8UqiXIQVBbiBr.jpg,/wqT1n3V0EJzjHhVsiJldxoGV93P.jpg,,,[],1,0,[],,,[],[],[],
8501,1385617,The Womenists,The Womenists,,"Two misguided young women become feminists in order to impress a man, while rival student organizations attempt to stop their movement, threatening their future and the state of their friendship.",85,3000,0,2024-11-14,Released,0.286,10.0,1,,/gB9c94aLfJkewLiyR2JK0IPIyvU.jpg,/7Z5DIpAwyaBZPtoCwXW6fqtZweT.jpg,,,[],1,0,[],,,[],[],[],
2032,1371801,Magic in cinema,جادو در سینما,And this is where I come to help!,"An actor goes to the cinema to watch his movie, but nobody likes the movie. Suddenly a magician appears to help him...",10,0,0,2025-01-27,Released,23.384,0.0,0,,/uNGHOJAcV3dCYCfeEXDrunWmlUL.jpg,/9qf4rLO3jYBBpOyredp5hFc6UVu.jpg,,,[],1,0,[],,,[],[],[],
6409,1395903,Threads,Threads,,"Shut out and ignored for too long, Sandy suddenly receives what she’s craved desperately her whole life – love and attention, from Willow, her overpowering but magnetic boss. But when Sandy finds herself just as suddenly discarded, she’ll show the world just how dangerous a wallflower can be.",6,3500,0,2024-12-02,Released,0.746,0.0,0,,/9QATxZBMv21iv42T6iJLbq2YWzc.jpg,,,,[],1,0,[],,,[],[],[],
15490,1105937,Tripping,Tripping,,A pregnant high schooler is forced to go on a road trip with her lesbian mom in order to get an abortion at the nearest women's health clinic.,11,0,0,2024-05-16,Released,1.584,4.0,1,,/fGIEfnLMvAvEBfLBL7UVtMHOq4z.jpg,,,,[],1,0,[],,,[],[],[],
12428,1305155,Bakuage Sentai Boonboomger GekijoBOON! Promise The Circuit,爆上戦隊ブンブンジャー 劇場BOON！ プロミス・ザ・サーキット,Bakuage Circuit! GO! GO!! GO!!!,"The Boonboomger collaborates with popular YouTuber HIKAKIN on a shoot at a racing circuit that Taiya purchased. But when Princess Nicola Keydoor of planet Trickle who escaped from her home planet to Earth suddenly appeared, the Boonboomgers are now involved in a major incident that shakes the peace of planet Earth! This is Boonboomger's biggest mission yet!",31,0,0,2024-07-26,Released,0.813875,8.0,2,,/uZPu1Mp30ykl31CTrsMV19LrdB1.jpg,/6dmsedseFGF3Bn88TcZtgtD7mjO.jpg,,,[],1,0,[],,,[],[],[],
9738,1358661,Boomers,Boomers,,"Old people run the world. With wealth flowing upward and octogenarians in power, life for the young is tougher than ever. Join Tom Nicholas as he uncovers the rise of the gerontocracy and the questionable legacy of the Baby Boomers.",108,0,0,2024-11-04,Released,0.001,7.0,1,,/3PhVMRbtBG7CtINpMz1ss38mx6V.jpg,/ulPPCNh93eUCI610JKAYemVygAq.jpg,,,[],1,0,[],,,[],[],[],
9883,1401121,Perfect Night,Perfect Night,,"Hong Kong at night, neon flashing, Green, a girl from the mainland, in a cab car being asked questions all the way by the driver.",5,0,0,2025-01-23,Released,0.0,6.0,1,,/rd4FyuFwnS5M4qIm3GlLzox55id.jpg,,,,[],1,0,[],,,[],[],[],
19917,1128604,Snoopy Presents: One-of-a-Kind Marcie,Snoopy Presents: One-of-a-Kind Marcie,Have the courage to be yourself.,"Quiet, kindhearted introvert Marcie has lots of brilliant ideas to help her friends achieve goals and solve problems. But when the world takes notice and the spotlight lands on her, sharing those ideas becomes a challenge.",39,0,0,2023-08-17,Released,9.667,7.7,29,,/lFDPyo6mdooNcHvgy17gz1GEjg4.jpg,/xx3eOT6NNbQy1a7SdihBCVLxrpy.jpg,,https://www.youtube.com/watch?v=tjFP74OvxHc,[],1,0,[],,,[],[],[],
10608,1239251,Megamind vs. the Doom Syndicate,Megamind vs. the Doom Syndicate,"Act like a villain, think like a hero.","Megamind's former villain team, The Doom Syndicate, has returned. Our newly crowned blue hero must now keep up evil appearances until he can assemble his friends (Roxanne, Ol' Chum and Keiko) to stop his former evil teammates from launching Metro City to the Moon.",83,0,0,2024-03-01,Released,27.752499999999998,5.2,289,,/1N7terrMeZPwK5qq31MUD0HQ3IG.jpg,/3Kzc6V4MWs3RXCmE5DhAYnfWL8F.jpg,,https://www.youtube.com/watch?v=DXb7tWC2W5o,[],1,0,[],,,[],[],[],
5783,1359060,Sugarplummed,Sugarplummed,Her Christmas needs a little star power,"Emily's wish for a picture-perfect Christmas comes true when a magical, optimistic movie character steps off the screen to help, but as things spiral out of control, she learns that true holiday perfection might look very different from what she imagined.",84,0,0,2024-12-07,Released,3.61,7.2,14,,/oI4K0OiWzZ9DiGHJXatJgtVveED.jpg,/jjAOd9SAGMDP31zlQVvDmRmlDPo.jpg,,,[],1,0,[],,,[],[],[],
24543,741080,Lovey-Dovey: The Rise of Machines,Любовь-морковь: Восстание машин,,"In the new film, the Golubevs will swap bodies with robots and get the opportunity to rethink their attitude to modern technology and come to an understanding.",95,0,0,2023-03-30,Released,0.726,4.0,1,,/uaKp1MTVkZCICUhcr6ZqVZrdBpS.jpg,/5OVFy9emLPvoknvWuZfjb1sXLXx.jpg,,,[],1,0,[],,,[],[],[],
18590,1283518,Garden,Garden,A DAY IN THE GARDEN,Unearthing the dark history behind a beloved park in Denver Colorado,4,80,0,2024-05-01,Released,0.235,10.0,1,,/oxS3JYZmb9b8ESJVrZHYSCg1vYb.jpg,,,,[],1,0,[],,,[],[],[],
13803,1176192,The Fortunate Ones,O Vento Assobiando nas Gruas,,"Algarve, late 90s. Following the death of her grandmother, Milene - a strong young woman full of life despite a slight mental handicap - divides her life between her family of notables and a Cape Verdean family that keeps her going, whom she met when her grandmother died. The wind that whistles in the cranes plunges us into the world of two families against the backdrop of Portugal's recent past.",93,0,0,2024-02-14,Released,1.182,5.8,4,,/501RzAKxLu1Ni477HXW06ZCg6D1.jpg,/adIDzaxENmdkllD0TFtubh3XUCn.jpg,,,[],1,0,[],,,[],[],[],
12317,1337143,Thor,Thor,,,0,0,0,2024-08-22,Released,1.828,2.0,2,,/2q42lmkSbh9NjfrUoY1eO9G11ZR.jpg,/pbAsTQ7VGCNbcNy0OoGDiQz1WKH.jpg,,,[],1,0,[],,,[],[],[],
18881,1356465,$$$,$$$,,"Documentary-style portrayal of several New Yorker horse race gamblers, their daily struggles to organize money and drifting off into crimes.",110,0,0,2024-09-13,Released,0.001,0.0,1,,,,,,[],1,0,[],,,[],[],[],
31132,1320880,Where The Robots Grow,Where The Robots Grow,,"Set in a future where Earth’s last survivors send robots to farm a new world they call Oracle. The latest model of robot, Cru, finds his purpose in life redefined by a pod carrying the last human baby.",88,0,0,2024-10-17,Released,1.152,3.0,1,,/itBHMVFsKwXcnECB7tahYzvx23w.jpg,/tFlRnM7oe2OaIKguUUj5HuBS3d7.jpg,,,[],1,0,[],,,[],[],[],
10320,1424268,Z (The Voice),Z (The Voice),Someone is watching you.,"After discovering a mysterious sound device, Zach uses it to spy on his ex -- losing control of his own privacy in the process.",12,900,0,2025-01-26,Released,0.1825,7.0,1,,/9IDlKU1BKMTHyNuwNO2vtNrY2wV.jpg,/oTnXwDg0IsNGvyFyFTW865Vg8sD.jpg,,,[],1,0,[],,,[],[],[],
14982,977135,LLB (Life Line of Bachelors),എൽഎൽബി (ലൈഫ് ലൈൻ ഓഫ് ബാച്ചിലേഴ്സ്),,"Three students, Sibi, Sanju and Salman, are admitted to pursue LLB. Soon after, an unexpected incident affects their academic and personal life.",118,0,0,2024-01-30,Released,0.791125,10.0,1,,/qec8icJEKYFemLGufAjp3hhPQ6O.jpg,/cx8S3kER8Pt4XenvLeSNuRBvypv.jpg,,https://www.youtube.com/watch?v=23v53eu76Eo,[],1,0,[],,,[],[],[],
29441,826680,The Railway Children Return,The Railway Children Return,A new adventure begins.,"Follow a group of children who are evacuated to a Yorkshire village during the Second World War, where they encounter a young soldier who, like them, is far away from home.",95,0,457433,2022-07-15,Released,15.512,6.6,189,,/sbps2oKs5ixtNSQqEae3r4mBq7x.jpg,/A2WRSXXo5c8ojPhARzN5aczv86H.jpg,https://www.youtube.com/watch?v=CSRXJfbG9FM,https://www.youtube.com/watch?v=dO3bG18PyzM,[],1,0,[],,,[],[],[],
13349,958287,Queens,Malikates,,"Casablanca, Morocco. A trio of women, with the police on their tail, embarks on a long escape that takes them across the rugged red terrain and flower-filled valleys of the Atlas to finally reach the Atlantic coast.",83,2100000,0,2024-05-15,Released,2.128,6.9,7,,/bgOvscwp8tP6UbAWZlY41D4VVrw.jpg,/lR4D1c6gy3dzWU0uvATPnRu4Axu.jpg,,https://www.youtube.com/watch?v=KETfX6QNZvA,[],1,0,[],,,[],[],[],
31870,1440228,Beau comme un tracteur,Beau comme un tracteur,,,0,0,0,2025-02-06,Released,0.05,8.0,1,,/AuwdA1SpKqB7VTaeEhaAusVaI6R.jpg,/uJICkLauV3S5v15PkkKm5RHDQ1j.jpg,,,[],1,0,[],,,[],[],[],
11663,1323753,Child Star,Child Star,Is the price of fame worth your childhood?,"Explore the highs and lows of growing up in the spotlight through the lens of some of the world’s most famous former child stars. Through celebrity interviews, verite scenes, and archival footage, this film deconstructs the stages of earlier stardom and looks at the entertainment system over the last century.",97,0,0,2024-09-17,Released,2.4095,6.2,23,,/qonoT25IHa7v2j82IkYQwyxZUb6.jpg,/yjLbhu654CZkrusJ3VMuzrGNZp8.jpg,,https://www.youtube.com/watch?v=0M6i1tDWJos,[],1,0,[],,,[],[],[],
21676,1115085,Enter the Clones of Bruce,Enter the Clones of Bruce,Not Even Death Could Kill the Dragon,Get ready to play a game of death… and another… and another. This wild documentary dives into the Bruce Lee exploitation craze.,95,0,0,2023-12-22,Released,3.467,7.9,8,,/fK0vCpD0Jm0KqZVIG8WQ5aM6rUm.jpg,/5tZcqKLPl4ppiEBniEVSvwM5e47.jpg,,https://www.youtube.com/watch?v=296210cxwQQ,[],1,0,[],,,[],[],[],
10443,933260,The Substance,The Substance,Become a better you.,"A fading celebrity decides to use a black market drug, a cell-replicating substance that temporarily creates a younger, better version of herself.",141,17500000,76506196,2024-09-07,Released,246.91225,7.1,4254,,/cGm2qnmXx9tFabmzEIkJZjCJdQd.jpg,/t98L9uphqBSNn2Mkvdm3xSFCQyi.jpg,https://www.youtube.com/watch?v=86wkRfWQWiY,https://www.youtube.com/watch?v=lR5nlovVgvQ,[],1,0,[],,,[],[],[],
22212,1119114,We're Millennials. Got a Problem? International,ゆとりですがなにか インターナショナル,,"Three men, born in 1987, are from the yutori generation (relaxed generation) and they continue their attempts at finding love, friendship, and success. Masakazu Sakama stopped working for a large company and took over his family business. But, his family business is not doing well. Kazutoyo Yamaji is a sweet and sincere man. He works as an elementary school teacher, but he doesn't have experience in romantic relationships. For 11 years, Maribu Michigami took the college entrance exam for the university he wanted to attend. He finally made it and attended the school. After graduation, Maribu Michigami launched his own business in China, but that failed. He now supports himself working part-time jobs.",116,0,0,2023-10-13,Released,2.54,7.0,5,,/dZn4yI0wp6QGmytc048akUA58ry.jpg,/z6S9uE9iqlsKvMHK2U05O8RrGiY.jpg,,,[],1,0,[],,,[],[],[],
15140,1275052,Hamlet,Hamlet,,"From The Public Theater’s Free Shakespeare in the Park at The Delacorte Theater in Central Park, experience this Shakespearean classic directed by Tony Award winner Kenny Leon featuring Tony Award nominee Ato Blankson-Wood (“Slave Play”) in the title role and Solea Pfeiffer as Ophelia (“Hadestown”).",154,0,0,2024-05-10,Released,0.962,9.5,2,,/1BZhswTQ2ClqnQl1zKbpLbqgCsa.jpg,/guBrQWCdnRqGmWXVRJiMmdCiXf9.jpg,,,[],1,0,[],,,[],[],[],
26269,1153239,Yirmisekiz,Yirmisekiz,,,0,0,0,2023-07-15,Released,0.666,8.0,1,,/v8tLrTF0x0TWXgQX4Z6Rp10Fim2.jpg,/li2uKdZzJSuljZek8xRHTzyHCR9.jpg,,,[],1,0,[],,,[],[],[],
24324,1180493,The Complete Story of Film,The Complete Story of Film,The Complete Story of Film,"At 18 hours and 43 minutes long, 'The Complete Story of Film' collects two epic documentaries by Mark Cousins into a stunningly expansive global journey through film history from the birth of cinema to today. The Story of Film: An Odyssey is an inclusive and ground-breaking journey through the history of world cinema and a treat for movie lovers around the globe. Guided by filmmaker and historian Mark Cousins, this wonderfully insightful 15-hour love letter to the movies begins with the invention of motion pictures at the end of the 19th century, continuing through the entire 20th century of moviemaking and concluding with the globalized digital industry of the 21st. In The Story of Film: A New Generation, Cousins picks up where Odyssey left off, returning with a new epic and hopeful tale of modern cinematic innovation in the new millennium, exploring how movies and moviegoing have evolved and will continue to transform to our collective joy and wonder.",999,0,0,2023-08-29,Released,0.725,8.0,1,,/bJw6vLP9KsSeO3W8iYPNurO3bLu.jpg,/7f6OExJlPDYf5UPTjtIOCythZun.jpg,,,[],1,0,[],,,[],[],[],
31856,1452646,Cries and Doll Whispers,Cries and Doll Whispers,,,0,0,0,2025-03-22,Released,1.0074999999999998,7.0,1,,,,,,[],1,0,[],,,[],[],[],
26894,1124196,Cover Your Ears,Cover Your Ears,"Religion, Sex & Politics... How Censorship Shaped the Music Industry",When does art become obscenity? Cover Your Ears takes a close look at this question through the lens of the past 100 years of music and the ever-evolving discussion of legal and moral lines in the industry,104,0,0,2023-05-08,Released,0.79,5.0,1,,/3yy3yJKgwzTtbPbHBxXK3pogSmj.jpg,/rICe2vMlBuplpqRhpweLcnVZ2xp.jpg,,,[],1,0,[],,,[],[],[],
28265,1144903,"Dead & Company: 2023-06-25 Fenway Park, Boston, MA, USA","Dead & Company: 2023-06-25 Fenway Park, Boston, MA, USA",,Set 1:  Samson and Delilah([traditional] cover)  Cold Rain and Snow(Obray Ramsey cover)  Jack Straw(Grateful Dead cover)  Althea(Grateful Dead cover)  Comes a Time(Jerry Garcia cover)  Mr. Charlie(Grateful Dead cover)  He's Gone(Grateful Dead cover)  Going Down the Road Feeling Bad([traditional] cover)  Set 2:  They Love Each Other(Jerry Garcia cover)  Playing in the Band(Bob Weir song)  Help on the Way(Grateful Dead cover) (>)  Slipknot!(Grateful Dead cover)  Fire on the Mountain(Grateful Dead cover)  Drums(Grateful Dead cover) (>)  Space(Grateful Dead cover) (> 'Playing in the Band' reprise)  The Other One(Grateful Dead cover) (verse 2)  Standing on the Moon(Grateful Dead cover)  Not Fade Away(The Crickets cover)  Encore:  The Weight(The Band cover)  Ripple(Grateful Dead cover),187,0,0,2023-06-25,Released,0.515,10.0,1,,/uotII9nhDaWuxvcUOjsO1rsZr21.jpg,/s76oHC6sXo7eUzCUdn60WtibMoo.jpg,,,[],1,0,[],,,[],[],[],
22756,1133564,Rewind 3: The Final Chapter,Rewind 3: The Final Chapter,The Nightmare Ends.,An unfortunate highschooler finds an ancient book that summons Allentown's deadliest maniacs back from the dead.,26,1000,0,2023-08-17,Released,2.694,5.64,11,,/dkA7kdMnpYH4qHOtmLqLCBfn7Cs.jpg,/3RvmiJTzarRJQDKfIqBHMDtzY1y.jpg,,https://www.youtube.com/watch?v=gmPfQM70kCE,[],1,0,[],,,[],[],[],
19480,609271,Under the Boardwalk,Under the Boardwalk,,"Two crabs embark on an epic journey to get home after a storm sweeps them away. Their courage soon unites their families, paving the way for great summers to come.",83,0,0,2023-10-27,Released,25.18,7.2,72,,/dYubl9T67KKgggQUawHs0xYMWEU.jpg,/59sQOjOP5ktav9DtxgnXBF2oaja.jpg,,https://www.youtube.com/watch?v=vQmTVrNuxAI,[],1,0,[],,,[],[],[],
20892,1157181,12 Dares of Christmas,12 Dares of Christmas,,"High school teacher Elara’s quiet holiday season gets a jolt of spice when she accepts a 12 Dares of Christmas challenge from her sister while scrambling to ready her town for a Christmas exchange program with suave, opinionated French teacher Gabriel.",90,0,0,2023-12-21,Released,3.493,5.18,11,,/jmkbsDwH4JMUUipi7xlUe5gTmDV.jpg,/uJYgeaaggcwx1IDyse3KHukZPnB.jpg,https://www.youtube.com/watch?v=y7jjJ5Y9hFc,https://www.youtube.com/watch?v=XN27noYJxWA,[],1,0,[],,,[],[],[],
2187,1415263,Fussclass Dabhade,फसक्लास दाभाडे,,A comedy revolving around three siblings.,0,0,0,2025-01-24,Released,11.411,0.0,0,,/gX7qw0uQOVaKlGB9XgQxIp2H2NT.jpg,,,,[],1,0,[],,,[],[],[],
14855,1083974,She Sat There Like All Ordinary Ones,开始的枪,,"Zhuang is a late bloomer. When he first meets his classmate Meng, a talented long-distance runner, he rashly and spontaneously takes the blame for her theft of a starting pistol. But before they can get to know each other better, Meng gives him the cold shoulder. Confused, Zhuang decides to join Meng’s track team, even though this leaves him with less time for studying. Academic pressure is added to the puzzles of adolescence. Zhuang plans to surprise everyone with a bold gesture. He is just waiting for the right moment...",105,0,0,2024-02-17,Released,0.109,6.0,1,,/hhm8RAeQAcsiNDKKcXrsuvhcjbx.jpg,/bXIOCU7Dcj0DrFbJOgY7YQp6yBk.jpg,,,[],1,0,[],,,[],[],[],
5450,1405774,Gary the Grim,Gary the Grim,It's a grim life...and death!,"Gary is dead. In order to reach heaven and escape eternal boredom, he must work 100 years as a grim reaper.  This documents his first day on the job.",6,38,0,2024-12-10,Released,0.769,0.0,0,,/1ZB4tCsBAbCW3aLt5Onvia0MXUi.jpg,,,,[],1,0,[],,,[],[],[],
15403,1251473,Les secrets du mont Olympe,Les secrets du mont Olympe,,,0,0,0,2024-02-28,Released,1.271,8.0,1,,/ixxTKrvYdMKVc0lV0HVrivsLdRD.jpg,/yqiU4ychmbbCZOEOHC2BPFkaMVz.jpg,,,[],1,0,[],,,[],[],[],
5679,1262134,Gangsta,細漢大仔,,"At twenty, A Wen, directionless and lacking skills, leaves home after an argument with his father, never expecting to return. Twelve years later, he comes back as a man with a criminal record.  Fifteen-year-old Li Ming, a gifted student, is constantly bullied by local thugs because of his close friendship with Wang Yu-ting, the girlfriend of the gang leader. When A Wen saves him from the thugs, Li Ming asks him to be his bodyguard, hoping for protection from further bullying.",0,0,0,2024-12-08,Released,0.689,0.0,0,,/rEa8XmL2xF2hZAqPSyOmN1LPvUh.jpg,,,,[],1,0,[],,,[],[],[],
31158,1433461,The Perry Subplot,La Subtrama de Perry,,"While Phineas and Ferb make their invention for the day, Perry the platypus is on a mission to save his mother.",2,0,0,2024-10-25,Released,0.802,6.0,1,,/4pncT8ZRHF5fYg3dum0zD4D0HcB.jpg,/kjqu98JAeB4LOO99fFWUxwvlXQq.jpg,,,[],1,0,[],,,[],[],[],
2213,1402403,Suspect,Suspekt,,"Bernard Rambert, “Red Beni”, is one of Switzerland's best-known and most controversial defence lawyers. What conclusions can a person who has spent his entire life fighting for radical change through legal means draw?",82,0,0,2025-01-24,Released,9.204,0.0,0,,/6odzoOES1NOpkdHe2YfeEasdhhi.jpg,,,,[],1,0,[],,,[],[],[],
25786,1125880,Swarm,Rój,,"A secluded island somewhere on a seas of the Northern Europe. A family of four has lived here for over ten years, perfecting the art of survival. They had moved onto an island to escape a falling civilization, to live in freedom, close to nature.  But, things can’t be solved by simply escaping the world, and problems arise when the Mother becomes pregnant again. Moreover, Winter is coming. It seems the only solution is in leaving the island, but this meets with stern dissent from the Father, who sees the place as the only safe haven on earth. Will the others find the courage to stand up to the Father? Can their family survive what comes next?",106,0,0,2023-05-11,Released,0.956,4.5,2,,/6Cmu2RgUd7u5Bk8AaKZktLbxMbW.jpg,/wyfwW1Cls9Qk0iV4dAiWIVzFLTn.jpg,,,[],1,0,[],,,[],[],[],
31896,1435136,Shattered Victims Flesh,Shattered Victims Flesh,,"Steven is mourning the loss of his friend, but luckily everything will end really quick...",7,0,0,2025-02-15,Released,0.05,10.0,1,,/cZ81TdSmHweV20yWQ0h3hN9VnkT.jpg,/7GeGISoM1hEIVNQMyc8BHdrEuGB.jpg,,,[],1,0,[],,,[],[],[],
30482,445347,Studio en folies,Studio en folies,,,0,0,0,1947-03-31,Released,0.371,8.0,1,,,,,,[],1,0,[],,,[],[],[],
11725,1241179,Cheating Wives,바람난 아내들,,"Eun-ji and Shin-ae are lesbian lovers. However, Eun-ji is forced to marry Jae-seong due to her parents' torches. Due to Jae-seong's severe paranoia, he suspected his wife Eun-ji, who is unhappy with their marriage, of her relationship with Ho-jeong, Shin-ae's senior, who lived next door. With the help of Shin-ae, Eun-ji divorces Jae-seong, and Shin-ae approaches him for Eun-ji's revenge.",71,0,0,2024-01-18,Released,4.427,7.0,3,,/gsBLtihlYd2mfnmnixQ12nUdhow.jpg,/9Rm3aleQbuhvtbFQHzseUSCaWXH.jpg,,,[],1,0,[],,,[],[],[],
13976,1282524,C'era una volta il Derby Club,C'era una volta il Derby Club,,,0,0,0,2024-03-19,Released,2.406,6.0,1,,/6gzdxJgdxXVafC5BZEf3nU4cQEb.jpg,/fGdQpLqAO5kGLfXNCwN1w5OYBms.jpg,,,[],1,0,[],,,[],[],[],
8898,1378878,Alphas,Alphas,,They proclaim themselves masters of virility and seduce thousands of young Quebecers. Who are they? Journalist Simon Coutu delves into the world of influencers who claim the role of alpha male.,53,0,0,2024-11-11,Released,0.387,0.0,0,,/3Epx1u2OpFNFoPCYwsLBeRgLdRB.jpg,/u07doqB1E9ZCB4VHqsw9oHcLBIQ.jpg,,,[],1,0,[],,,[],[],[],
31600,1445376,GANG COLA BANG,GANG COLA BANG,,,0,0,0,2025-03-09,Released,0.6,5.0,1,,/fUqtujvAf73LJVzaRUFlW5gevhK.jpg,,,https://www.youtube.com/watch?v=zBRnFUaENQk,[],1,0,[],,,[],[],[],
19367,1186957,The Velveteen Rabbit,The Velveteen Rabbit,Imagine how love makes us real.,"When seven-year-old William receives a new favorite toy for Christmas, he discovers a lifelong friend and unlocks a world of magic.",44,0,0,2023-11-21,Released,18.118,6.98,60,,/aM0ViG6LVkN1PQGe9Bon1gQXpc7.jpg,/pTIny6C5BQYuvHJXmmxuociYcMw.jpg,,https://www.youtube.com/watch?v=49R6Ri6oV3E,[],1,0,[],,,[],[],[],
14455,1245358,Fly Hard,Fly Hard,,"Chump sheds her tough-as-nails attitude, risking her life to fly through a blizzard and the harrowing streets of New York to return a prized possession to a kind woman from the park.",3,0,0,2024-02-27,Released,0.47275,7.8,5,,/2PcUAPdGCpnzcQiMrYf2NSpk2pb.jpg,,,,[],1,0,[],,,[],[],[],
5428,1043905,Dirty Angels,Dirty Angels,Fight Your Way Out.,"During the United States' 2021 withdrawal from Afghanistan, a group of female soldiers posing as medical relief are sent back in to rescue a group of kidnapped teenagers caught between ISIS and the Taliban.",104,35954590,0,2024-12-11,Released,125.976875,6.2,217,,/3O3qSGmjRGc10hMwFul8WDxKE5t.jpg,/dWkdmxIkH9y23s9v1PjQFhTGIwo.jpg,,https://www.youtube.com/watch?v=YBwoSa3n8Yc,[],1,0,[],,,[],[],[],
18226,1336474,Zanzibar 4K Colorized,Zanzibar 4K kolorizovano,,"The film follows a young director who wants to shoot her student film, but her set turns into a real comedy of obstacles: her car breaks down, the cameraman loses the memory cards, the lead actors are late, and her jealous boyfriend shows up on set. All of this escalates into an unexpected incident, and the director begins to wonder if this is really the path she has always wanted to take.",12,0,0,2024-02-14,Released,0.578,10.0,1,,/iRzJfX8KYXXuriuCgWpNwlP0qmI.jpg,,,,[],1,0,[],,,[],[],[],
12276,1267224,Is There No Such Thing As Love?,Любви не бывает?,,"Katya is completely disappointed in men, and Sasha can't live a day without a new woman. Chance made them neighbors who couldn't get along. Deciding to reform the self-confident womanizer, Katya uses all means to turn his life into a living nightmare. However, playing with fire can be expensive, because it's only one step from hate to love, even if you don't believe in love.",105,0,0,2024-05-01,Released,1.44225,7.8,4,,/cA4OrHMs1725Zo89wd3SvMRbnCo.jpg,/2b1dZNWREZbAxV4i9QYaSY3spQR.jpg,,,[],1,0,[],,,[],[],[],
2724,1416835,Candè,Candè,,A coming-of-age story of two children whose lives and friendship are shaped by the festival and their devotion to the patroness of Jaro district in Iloilo City.,90,0,0,2025-01-15,Released,2.262,0.0,0,,/7271nn3cIyIzsidf84mH5vy8zm6.jpg,,,,[],1,0,[],,,[],[],[],
26227,1206530,"Néandertal, premier artiste de l'humanité ?","Néandertal, premier artiste de l'humanité ?",,"At the archaeological site of La Roche-Cotard in Touraine, researchers have uncovered astonishing engravings. The rock drawings, which are over 60,000 years old, date from a time when only Neanderthals lived in what is now French territory. This would make them the oldest cave paintings in Europe!",52,0,0,2023-01-01,Released,0.688,8.5,2,,/oMQBsMfYcxNKpZAnBWmiiW7FeXT.jpg,/zhrB3QNGFONOeCufONLU34NFtkQ.jpg,,,[],1,0,[],,,[],[],[],
23361,1133485,My Blonde GF,My Blonde GF,,"A thriller-like story, except that it is true. Helen, an awarded author, is a public person. Her photographs can easily be found online and on her social media profiles. The woman has never shared her intimate photographs or recordings. To her immense surprise, she discovers that vulgar pictures containing her image can be found on porn sites. Helen is terrified and feels as if she is losing ground under her feet. She was abused, just like many other persons who increasingly more often are falling victim to deepfakes.",19,0,0,2023-05-30,Released,2.051,6.0,1,,/wS26jzm7t6kW1hTZYMOaGUBhhRC.jpg,/qofXqJ77cyAiMraWR0CViSAhfhg.jpg,,https://www.youtube.com/watch?v=loYhJtvk0F0,[],1,0,[],,,[],[],[],
28033,1109367,Wild Chrysanthemums between the pages of my journal I put a flower,Crisantemos salvajes entre hojas de mi agenda metí una flor,,"Miranda is a university student working on a thesis on haiku, with an experimental twist that her advisor doesn't understand.  She also bought a painting of the sea that is losing water.",17,0,0,2023-04-23,Released,0.231,2.0,1,,/dH6U3hEJBsdC6Wd9Tl3PYoKIVQX.jpg,/mp997IlFyOGSDShdo7qcdMoo1l8.jpg,,https://www.youtube.com/watch?v=vevHa5Oeiw8,[],1,0,[],,,[],[],[],
10150,1407503,Sadrah Poem Of Blood,Sadrah Poem Of Blood,,"A married couple, Salwa and Dadang, have been longing for a child for many years. Despite their modest means and limited privacy, they remain determined in their efforts. They have tried various strategies, including seeking advice from an online shaman. However, when they attempt to implement their latest strategy, they encounter unexpected obstacles.",17,1483,3483,2024-12-15,Released,0.446,10.0,1,,/caTFbBdz5Og5Ie6g0Y9oZXy6Exp.jpg,/fJxJMNAedLrtizLZC3C1TakK6TF.jpg,,,[],1,0,[],,,[],[],[],
18173,1235985,Salvation of Tree,Salvation of Tree,,A wife's struggle to keep her husband alive.,20,0,0,2024-01-23,Released,0.095,7.0,1,,/iqzThbeoQxiTavotLkA9E68riUy.jpg,,,,[],1,0,[],,,[],[],[],
17866,1120059,Lady Governess,Lady Governess,She gave life a second chance.....,"A widow hires a woman as her housekeeper, unaware of her true intentions.",83,80,0,2024-03-03,Released,0.168,8.0,1,,/bs28m9d5h59J2wD1TWLje91hiSM.jpg,/rE5pSLwfwplv0X6dmIGUN6y7wb0.jpg,,,[],1,0,[],,,[],[],[],
16437,1341530,Erasure,Erasure,They're more than a statistic.,"Sam, a timid young college student goes in to the doctors for a routine check up to refill and continue their HRT treatment. In an unexpected turn of events, the system flags their medical profile after nearly a year with no major setbacks. What ensues thereafter leads to a spiraling turn of events and a risk of being erased completely.",10,0,0,2024-05-05,Released,0.188,10.0,1,,/ye2JLZ58oufaw9FwUlC4aVCOSxe.jpg,,,,[],1,0,[],,,[],[],[],
16222,1362715,The Beautiful Streets of Louran,شوارع لوران الجميلة,,"A short experimental documentary film directed by youssef askar. Filming the streets of louran in Alexandria, Egypt.",2,0,0,2024-09-15,Released,0.281,10.0,1,,/8qTCs7x626k37DwDZWfMAeoJQuU.jpg,,,,[],1,0,[],,,[],[],[],
1356,1405976,Studs,Studs,,A narrative short film.,15,0,0,2025-02-27,In Production,1.031,0.0,0,,,,,https://www.youtube.com/watch?v=xprN9Wxcx5I,[],1,0,[],,,[],[],[],
22544,1067821,When Love Springs,When Love Springs,,"A talented PR professional, Rory, enlists the manager of a Bed & Breakfast, Noah, to pretend to be her boyfriend in front of her ex while she helps save his failing family business.",90,0,0,2023-05-06,Released,2.262,6.9,14,,/pO6JD9rLK0ndPnO4nqpcsOrmmbs.jpg,/qa1HlsOnb7NcN8YimNFvoCdbphl.jpg,,https://www.youtube.com/watch?v=muoJa7cRzXs,[],1,0,[],,,[],[],[],
2523,1419483,No Men‘s World,No Men‘s World,,The second short film by Alton Vegaz.,2,0,0,2025-01-18,Released,2.957,0.0,0,,/hfV30z80Yv84uVTFefM3KulJYHf.jpg,/7KVC1i2rMmWWR2lkR43py8EsFo9.jpg,,,[],1,0,[],,,[],[],[],
29978,193275,Wyoming,Wyoming,ROUGH...ROARING...ROMANCE!,Small ranchers battle against a land baron trying to take their spreads.,84,0,0,1947-07-28,Released,1.411,6.0,3,,/yNq9kHERpC4mPHyaAl13YKtkYUD.jpg,/wCHXG1E0s7bVixIc0FlxSCrF3lX.jpg,,,[],1,0,[],,,[],[],[],
17008,987065,Jewelle: A Just Vision,Jewelle: A Just Vision,,"Jewelle: A Just Vision traces the nodes of social movements from Civil Rights to Marriage Equality. It reveals radical Black and Indigenous feminist networks and thought that could shape what is to come. It drinks deeply from the art and activism of the incomparable Jewelle Gomez, Ioway & African American, Wampanoag, and Cape Verdean lesbian elder. Her life and work replenish humanity with fierce hope as her power swells into the world, from histories of Massasoit and her great-grandmother’s buckskin dress, queer Black ancestors, and slavery-era vampires to starry regenerative futures.",64,0,0,2024-11-01,Released,0.542,8.0,1,,/AP4XU7p7Vu3E5fLcAZgdfWaj51.jpg,/1Wd1AZaam9eQhw7kG5J6266xRPI.jpg,,,[],1,0,[],,,[],[],[],
2149,1397936,The Eating of an Orange,The Eating of an Orange,,The journey of figuring out your sexuality and of rejecting the power the conventions of heteronormativity can have. It is a celebratory NO to being told that as queer people we are in anyway unnatural and is a juicy rejection of the rigidity of binary modes.,8,0,0,2025-01-25,Released,0.1,7.0,1,,/fzTOHy12wyGIDcmcPhPIiuDzKC4.jpg,/40Sn4ajd4CWuMCwzwdFJ9Yp5Xxj.jpg,,,[],1,0,[],,,[],[],[],
25966,1116945,Midnight Love,ยามน่ารัก,"There are only two times I want to be with you. ""Now and Forever""","Content, the son of a film company owner, falls in love with Cop, a handsome guy who is looking for a job position as a security guard. Though they are different in both social status and roles, they are about to learn to know each other, and unforgettable friendship is going to begin.",29,0,0,2023-04-22,Released,1.025,10.0,1,,/ugFOz4dKsYnq4ckvNVp1162oR1y.jpg,/cfnolXLjFjqLb34RZByAcMh9R4V.jpg,,,[],1,0,[],,,[],[],[],
12085,1359717,'Twas the Date Before Christmas,'Twas the Date Before Christmas,Big Family. Little Fib,"To prevent her family from canceling the ""Chamberlain Family Christmas Olympics,"" Jessie lies and says she's inviting a date to the long-standing holiday tradition. She meets Bryan on a dating app, and he agrees to spend the holiday with her and her family. As Jessie and Bryan engage in eccentric activities like the search for the Christmas tree star, gift wrapping contest and snowball fight, they start to develop real feelings for each other. Soon her family begins to catch on to their secret and Bryan suspects she may be hiding the real reason for her unusual Christmas date request. As the celebrations continue, Jessie must work to keep all her stories straight and save her date with Bryan.",84,0,0,2024-10-18,Released,1.357125,7.1,13,,/jxfXnIvMsNJrBZFi9fX9ra8lkdo.jpg,/8tZY4x1a1SMK5WzqR9Lu0t9Okzh.jpg,,https://www.youtube.com/watch?v=7KGu5jM8bJg,[],1,0,[],,,[],[],[],
20679,995396,Over The Cracks,Sous le tapis,,"Odile is getting ready to celebrate her birthday.  As her kids and grandkids are on their way to visit her, Jean, her husband, unexpectedly passes away. Unable to cope with reality, she hides him under the bed.",97,0,0,2023-07-19,Released,4.146,5.97,30,,/rdNB3YhphjcTXlDup78Xzot3hOi.jpg,/3FnTSbLZOnC3YAscZVt1ChPfFlE.jpg,,https://www.youtube.com/watch?v=BHz28YMWscA,[],1,0,[],,,[],[],[],
22836,1077683,"Orlando, My Political Biography","Orlando, ma biographie politique",Power to the people.,"Virginia Woolf's 1928 novel ""Orlando: A Biography"" follows the centuries-spanning life of a young nobleman who awakens to find that they a woman. Almost a century after its publication, Paul B. Preciado claims that fiction has become reality and Orlando's story lies at the root of all contemporary trans and non-binary life.",99,0,93854,2023-09-14,Released,2.622,6.9,14,,/r1yRb66jNpZKX8XZovP0xvj3VAo.jpg,/uNlEY2KxMszrpycmbmlDtiQS5qI.jpg,https://www.youtube.com/watch?v=SpEQ5AvpXto,https://www.youtube.com/watch?v=p8R52w9Gk0c,[],1,0,[],,,[],[],[],
7420,1384260,Brake Up,Brake Up,Sometimes the wrong passenger can lead to the right destination.,"A rideshare driver gets mistaken as a getaway car by two bank robbers. To survive the night, she'll need to act the part.",10,0,0,2024-11-23,Released,0.932,0.0,0,,/nJUVKhDBMjB1pVxoEEq4tzs0RNJ.jpg,/wTqklo5X7AnoHQFGelRTqJtnYvJ.jpg,,,[],1,0,[],,,[],[],[],
6847,1390233,Miss Tétano,Miss Tétano,,"A devout young couple ventures into an abandoned house with the intention of carrying out a mysterious religious mission, but inside they are greeted by Miss Tetanus, a demented hostess who will not allow anyone to interrupt their objective. Soon, the struggle between them becomes a reflection on the inheritance of evil.",7,270,0,2024-11-29,Released,0.423,7.0,2,,/tRaaGFo5mZXYeiPIWZYptOMzC5H.jpg,/6A090JGSVQtr4p2bir3JVVil96f.jpg,,,[],1,0,[],,,[],[],[],
28246,1130955,Val d'Isère : Les lecons d'une catastrophe,Val d'Isère : Les lecons d'une catastrophe,,,0,0,0,2023-05-25,Released,0.517,7.0,1,,/mqS5i3jufWA1aAnNArJ77vRRpyP.jpg,/62Eyp3VUEz9Y4DVeKpJWdyH5vo5.jpg,,,[],1,0,[],,,[],[],[],
21735,1148873,Beware the Night Nurse,Beware the Night Nurse,,"After struggling to have a child, married lawyers Claire and Zach enlist the help of their friend, Liz to be a surrogate, and she successfully gives birth to baby Owen. But when their surrogate-turned-nanny disappears under mysterious circumstances, the couple struggles to take care of their newborn without any help. Soon thereafter, though, a woman claiming to be the surrogate's childhood nanny offers to be the couple's new nanny. Desperate for help, the couple agrees to hire her, not realizing that their new nanny plans to take their baby for her own family.",90,0,0,2023-06-22,Released,3.885,5.8,5,,/gHuPdBehV9leQFiDgyS3nB2C7Es.jpg,/5u19OhrPsZVxDBO8d1KSnj14sRs.jpg,,https://www.youtube.com/watch?v=-J3-awA92OE,[],1,0,[],,,[],[],[],
8548,1374368,Tripoli / A Tale of Three Cities,طرابلس / حكاية المدن الثلاثة,,"While living abroad, a queer filmmaker occasionaly returns to his hometown of Tripoli, Lebanon. His quest to confront the city that once rejected him inspires reflections that give the film the character of an urban symphony.",88,0,0,2024-11-14,Released,0.711,0.0,0,,/yER7v4LEOCLzNfFF8YvFkRYmbXz.jpg,/ywnuHZJ32HQruoFAfggZ6oNDlhK.jpg,,,[],1,0,[],,,[],[],[],
276,1305810,The Auction,The Auction,,Plot kept under wraps.,150,0,0,2025-12-01,In Production,3.197,0.0,0,,,,,,[],1,0,[],,,[],[],[],
25922,1104636,Unemployees,Unemployees,,Two college grads enter the workplace seeking gainful unemployment.,27,0,0,2023-04-27,Released,0.444,5.0,1,,/9uKhSZEvecz2z4XvB9LOpQmQH22.jpg,,,,[],1,0,[],,,[],[],[],
28712,1231208,Sweet Pea & Glass,Sweet Pea & Glass,"If the rival ""Scars"" don't kill them, their boss sure will.","Two rookies have one last chance to prove themselves to the ""Suits"" gang. All they have to do is ditch a body in enemy territory without being caught. If the rival ""Scars"" don't kill them, their boss sure will.",10,5000,0,2023-05-01,Released,0.431,10.0,1,,/lWMNXYAInBJKsZxCfTMfKpfgxq3.jpg,/yDek2F5LYJIkkmBwnhzyXgpATOf.jpg,,,[],1,0,[],,,[],[],[],
9559,1369075,This is America,This is America,,A visual exploration of the American flag juxtaposed with unsettling footage that shows the nation’s violence and its impact on the world.,2,0,0,2024-11-06,Released,0.575,0.0,0,,/4OrxconSjpzlGxaikBmm0bNPpah.jpg,/3wMbzFw2g2ioVWc48xCEUcZg9tf.jpg,,,[],1,0,[],,,[],[],[],
25867,1144745,Southern Mao and Northern Ma,南茅北马,,,93,0,0,2023-06-28,Released,0.451,4.0,1,,/eWtqoE8YbCyCSKf8XMQs4ZrRmg9.jpg,/m3gzLM1j6YgR728mnOAiOQvNHUN.jpg,,,[],1,0,[],,,[],[],[],
22780,1377716,WAR,WAR,"“War is hell… no, it’s worse then that…”","A war veteran tells his personal experience in “The War” to a psychiatrist, as a part of a social experiment. But nothing is as it seems…",0,43337,0,2023-11-03,Released,1.178,9.4,20,,/7pMoMd8l7PoTbn1Ut8j2S1LsXj2.jpg,/ltLOogJXjVA7YoOfnot5LwAq1BN.jpg,,,[],1,0,[],,,[],[],[],
32146,793058,Hi-Five,하이파이브,Superpower successfully implanted,"Five random people get special abilities unexpectedly, after organ transplant! They form a team and call themselves the 'HI-FIVE'!",120,0,0,2025-05-30,Released,18.8677,6.0,1,,/3vRgeb0cARTebM8cbDXogGhOyit.jpg,/imAihjOnerraFPxAeKOlugUu1YE.jpg,,https://www.youtube.com/watch?v=k4StWpKytLI,[],1,0,[],,,[],[],[],
11017,1358947,The Most Wonderful Time of the Year,The Most Wonderful Time of the Year,,"Sideshow Bob teams up with the most infamous villains of Disney+ to share the true meaning of the Halloween season. Filled with music, mayhem, and madness, this short from ""The Simpsons"" is simply to die for.",3,0,0,2024-10-11,Released,8.277375,5.74,36,,/3ivqP56Jd8RkbDidoe1rGFVGpJZ.jpg,/q3jg61ACSBEKlB1U1C1eSpxZ0AI.jpg,,,[],1,0,[],,,[],[],[],
32023,1140908,The Final Pact,The Final Pact,,"Three young priests discover a secret final exam before graduating. They celebrate but encounter a woman seeking an exorcism. Reluctantly, they investigate and find a doorway to hell. Their final exam has just begun.",95,0,0,2024-10-09,Released,1.54075,5.0,1,,/sOoutQKvhYZkBdbN4qolPjiVerb.jpg,,,,[],1,0,[],,,[],[],[],
23414,1063371,Nocturnal Burger,Nocturnal Burger,,"Somewhere between fantasy, trauma, paranoia, precaution, and the promise of a burger, a night gets catapulted into an investigation of child abuse at a dysfunctional police station in Mumbai.",28,0,0,2023-01-21,Released,1.791,7.5,1,,/82BWW2eGvlAiRmggs6D0MiFM1X3.jpg,,,,[],1,0,[],,,[],[],[],
18468,1274505,Melodies of Barking Dogs,Melodies of Barking Dogs,,"A group of young people spend the evening in the clubhouse. One of them is Toni, who, as usual, keeps to the background. In the stuffy air of the wood-panelled room they drink, gossip and embarrass each other, while pop songs play in the background. Business as usual. As the night goes on, Toni watches an older couple dancing and starts to wonder what he really wants.",9,0,0,2024-05-04,Released,0.199,7.0,1,,/bvCx2PscSJuKMC9t02C4YrbWsCY.jpg,,,,[],1,0,[],,,[],[],[],
29186,830788,The Invitation,The Invitation,You are cordially invited to a nightmare generations in the making.,"After the death of her mother, Evie is approached by an unknown cousin who invites her to a lavish wedding in the English countryside. Soon, she realizes a gothic conspiracy is afoot and must fight for survival as she uncovers twisted secrets in her family’s history.",105,10000000,33628000,2022-08-24,Released,25.939,6.07,840,,/jcTq6gIskCsHlKDvCKKouEfiU66.jpg,/m1FOYkc7125mV7vMYlIf56zQ7vL.jpg,https://www.youtube.com/watch?v=qwDKR8HzK_c,https://www.youtube.com/watch?v=9Fzczrdt9K0,[],1,0,[],,,[],[],[],
3115,1418170,"Gabriel Attal, l'épreuve du pouvoir","Gabriel Attal, l'épreuve du pouvoir",,,0,0,0,2025-01-08,Released,0.05,5.5,2,,/5FWRlXeCq6kvxWgF2MNz6f8LtBw.jpg,,,,[],1,0,[],,,[],[],[],
24376,1076957,New Tales of Franz,Neue Geschichten vom Franz,,"In the second part of the successful children's book adaptation, Franz, Gabi and Eberhard go on a turbulent hunt for criminals during the summer holidays – and uncover a completely different secret in the process.",72,0,0,2023-09-07,Released,0.867,5.2,5,,/rQyVn3JVgLkYLg8qiU9axO8col6.jpg,/o84EzL5ggojZkFkZI7ExCbDkTRd.jpg,,,[],1,0,[],,,[],[],[],
18108,1280486,Jacques Demy: The Pink and the Black,"Jacques Demy, le rose et le noir",,"Jacques Demy’s ability to enchant audiences was rooted in his personal struggles and doubts as a showman, establishing him as one of French cinema’s greatest artists.",88,0,0,2024-05-22,Released,0.167,7.5,2,,/lumgdaQIX04P8RKtoehhdKjodQ5.jpg,/9x3n1Nh9jTX9QW4ovbV76xqzyVL.jpg,,,[],1,0,[],,,[],[],[],
1199,1340110,Redux Redux,Redux Redux,,"A woman travels the multiverse, killing her daughter’s murderer over and over again. She grows addicted to the revenge streak, putting her own humanity in jeopardy.",107,0,0,2025-03-08,Post Production,3.181,0.0,0,,/x9YW4l2hLmcK6bW3V0A9tp6yK8l.jpg,/gmjeDgt7qGEDonkzKa8uEYuhnKq.jpg,,,[],1,0,[],,,[],[],[],
21964,1108872,'Til Death Do Us Part Kourtney & Travis,'Til Death Do Us Part Kourtney & Travis,,"Kourtney, Travis, and their guests enjoy a luxurious wedding weekend in Portofino, Italy. Private and personal footage reveal an intimate family event full of beautiful moments.",73,0,0,2023-04-13,Released,3.372,6.43,7,,/dm803KgnBBVgcbQsBtij9eI4uyi.jpg,/uSiFDEzJ6JSn4gfSUI0PN5YNc6t.jpg,,https://www.youtube.com/watch?v=BIXxtKy2omY,[],1,0,[],,,[],[],[],
4946,1404426,Barreiras: Histórias e relatos de pessoas com deficiência frente ao capacitismo,Barreiras: Histórias e relatos de pessoas com deficiência frente ao capacitismo,,,0,0,0,2024-12-14,Released,0.664,0.0,0,,/vkwL4sJq6vO0u1RMR1pPxuf0FAa.jpg,,,,[],1,0,[],,,[],[],[],
10954,574451,Turtles All the Way Down,Turtles All the Way Down,You are not your thoughts.,"Aza confronts her potential for love, happiness, friendship, and hope while navigating an endless barrage of invasive, obsessive thoughts.",109,0,0,2024-04-27,Released,8.63325,7.48,144,,/tDKlFXWCvIkP2Xl2nMdI49kzwZx.jpg,/pZPkw0AFHnzAPyVVSqiSTDX1hPY.jpg,,https://www.youtube.com/watch?v=9XBFNmV0Bzc,[],1,0,[],,,[],[],[],
20740,1105736,Schlitter: Evil in the Woods,Schlitter,Home is where the revenge is...,"Lucas returns to his native village lost in the mountains to bury his parents. Traumatised as a kid by the death of his best friend when he was eight, he wants to put the past behind him. However, the father of the deceased friend discovers Marc might be responsible for his son’s death and relentlessly goes after him for revenge.",73,0,0,2023-12-01,Released,3.958,5.31,16,,/jyefyMUqKvhWedMOlKA54QOv7zD.jpg,/pL0xzHF3GWykp90dRpeKB7CoZ28.jpg,,https://www.youtube.com/watch?v=65pvFnY8byc,[],1,0,[],,,[],[],[],
24080,923994,"Esme, My Love","Esme, My Love",,"When Hannah notices the symptoms of a terminal and painful illness in her aloof daughter, Esme, she decides to take her on a trip to their abandoned family farm in a desperate attempt to connect before they have to say goodbye.",106,0,0,2023-06-02,Released,1.812,5.6,20,,/35uJJy06SbmLWDcINfzjh0IXcTF.jpg,/uQHYjTm8DOmUDnEnxPurPCw7gsl.jpg,,https://www.youtube.com/watch?v=-DBJCGmRiI4,[],1,0,[],,,[],[],[],
27925,1196139,A Small Town Christmas,A Small Town Christmas,,"Summer O'Neal is an attorney that handles accident cases, fighting insurance companies and business owners to win the most money she can. She's dating the man of her dreams and in her mind, they are on the path to marriage, although they have not consummated their six-month relationship. The only thing missing in Summer's life is the closeness of family during the holidays. She has not been to her small town in almost 20 years. However, this Christmas, as her grandmother has taken ill and cannot travel, Summer will have to push her feelings aside, face her fears and go home for the holidays.",90,0,0,2023-12-11,Released,0.386,2.0,1,,/hLBZB2vlFxXVLWVKxCfoVtlIhoK.jpg,,,,[],1,0,[],,,[],[],[],
13674,1266428,Paradise at Mothers' Feet,Бейиш — эненин таманында,,"In a remote Kyrgyz village, 35-year-old Adil, who has the mind of an 8-year-old, lives with his elderly mother, Rayhan. She has always told him he is specially loved by God and destined for Paradise. But Adil refuses to go without her. Upon hearing from his young friend that a pilgrimage to Mecca on foot could secure his mother a place in Paradise too, Adil decides to embark on this journey.",137,0,0,2024-03-01,Released,4.586,8.4,5,,/9WyPJ2CDRXDLzkk8g4uIvwYU8i0.jpg,/B0meYj8qepCG654cUd2abFOp48.jpg,,https://www.youtube.com/watch?v=cZu2pMgZeQ4,[],1,0,[],,,[],[],[],
7950,1171640,GTMAX,GTMAX,,"When a notorious gang of bikers recruits her brother for a heist, a former motocross champion must face her deepest fears to keep her family safe.",100,0,0,2024-11-19,Released,51.3325,6.14,128,,/6sg3EltJ49Dng7vcd3HQnEipXbT.jpg,/liuBLPXvisMRo5w2JEKHXceWq5u.jpg,,,[],1,0,[],,,[],[],[],
13263,1121711,Ari-Cassamortari,Ari-Cassamortari,,"After the Arcangelo affair, the Pasti brothers, together with an eccentric half-sister they didn't know they had, have made a name for themselves as ""gravediggers of VIPs"" and are vying for a coveted category award never won before, the Vespillone D'oro. But the evaluation commission finds a gigantic hole in the company's books, which threatens to exclude them from the race for the award. But how is this possible? The answer is in Matteo Pasti's confession: he ""borrowed"" large sums from company accounts to maintain a virtual relationship with the cam girl named Bella Salma. A stage name that, soon, is on the opening news of all the news: the sex worker is found dead in her villa due to an unlikely domestic accident. The Pasti phone is not long in ringing...",111,0,0,2024-09-23,Released,1.988,6.2,21,,/y2mTbZoyGwxaWFCAZVhtlzugood.jpg,/uLgL0XEOFLvLFUvarMVLFvMskn8.jpg,,,[],1,0,[],,,[],[],[],
9832,1414202,Ikimono no kiroku,いきもののきろく,,,47,0,0,2025-03-07,Planned,0.616,0.0,0,,/zDxmBd5SYnfHKR5ClnmZIfyflLW.jpg,,,,[],1,0,[],,,[],[],[],
18209,1311008,Mujeres del Sahara libre,Mujeres del Sahara libre,,,0,0,0,2024-07-08,Released,0.139,6.0,1,,/3fwCvo5t8D0FgQhc4N6PYiM4fWm.jpg,,,,[],1,0,[],,,[],[],[],
30477,455758,91:an Karlssons permis,91:an Karlssons permis,,Private number 91 gets into more hijinks in this hilarious sequel.,98,0,0,1947-12-22,Released,0.338,3.0,1,,/mcJ9trROodQNEWOCusEKNTv3eVK.jpg,/w3ejQayCoDEvhf16axUyFKCMCL7.jpg,,,[],1,0,[],,,[],[],[],
27827,1100909,Immortal Woman,불멸의 여자,,,87,0,0,2023-04-05,Released,0.564,6.0,2,,/6qT5B0A7AT2RWONyKLxpxOt4OaV.jpg,/ezfFrZnjhasblvb9SeaMXuhzxL1.jpg,,,[],1,0,[],,,[],[],[],
24043,1199192,Taurins Senior,Seniors Tauriņš,,Gunars Taurins has become a dad-sitter in Latvia. He wants to return to France as soon as possible once he has found a caregiver for his father. But it's not that easy and Gunars has to stay in Riga whether he likes it or not.,103,0,0,2023-12-05,Released,0.801,8.0,2,,/ocjLveKi8HKDs46vTwzFsE9rdN.jpg,/h2UzLYFxUy3Umyg3E5PiOsoX5L7.jpg,,,[],1,0,[],,,[],[],[],
4130,1407619,The 9 Billion Names of God,The 9 Billion Names of God,The price of finding divinity... everything?,Two computer engineers are given a strange request by a monk: Compile all 9 billion names of god. One engineer discovers a strangeness regarding the entire situation.,14,0,0,2024-12-24,Released,1.576,0.0,0,,/gca0IHkSBs8h7WXNDtc1LUz5RjE.jpg,,,,[],1,0,[],,,[],[],[],
31034,1299925,Last Night on Earth,Last Night on Earth,Tomorrow isn't promised.,"Faced with impending doom from a planet-killing asteroid, a couple flee to the hills of Tennessee to spend their last days together - but the chaotic breakdown of society disrupts their peaceful plans.",86,0,0,2024-05-31,Released,1.47775,4.33,6,,/suINgVVyYa0NVturyZ1ELstNVnf.jpg,/43YoBXm120gfu5e8fWTcGCIrMs2.jpg,,https://www.youtube.com/watch?v=rB_6ExXDZGs,[],1,0,[],,,[],[],[],
29708,1039571,I Heard the Bells,I Heard the Bells,The inspiring true story behind the beloved Christmas carol.,"Known as America’s Poet, Henry Wadsworth Longfellow leads an idyllic life – until the day his world is shattered by tragedy. With a nation divided by Civil War and his family torn apart, Henry puts down his pen, silenced by grief. But it’s the sound of Christmas morning that reignites the poet’s lost voice as he discovers the resounding hope of rekindled faith.",106,0,0,2022-12-01,Released,6.606,7.2,20,,/rk2IyAZIYWx9WzznLkNj0rdEyhR.jpg,/tJmIjMjVVb2UiTnIvvcA7XU0BcB.jpg,https://www.youtube.com/watch?v=EDjTJ_99NY8,https://www.youtube.com/watch?v=e5G8zeg9bS8,[],1,0,[],,,[],[],[],
3436,1403294,Entre Aulas,Entre Aulas,,"After skipping class, Monique and Lauany join Renan to head to an abandoned mansion, drawn by the legend of a lost girl. On an ordinary morning in the countryside, time stretches.",13,0,0,2025-01-01,Released,1.364,0.0,0,,/yDAPv7XOvTyv6CeuNE77moU3Pf1.jpg,/ftJDuy1ied5wXF8GF9lGMW8NhnZ.jpg,,,[],1,0,[],,,[],[],[],
27268,1093567,Vánoce na poušti,Vánoce na poušti,,,0,0,0,2023-02-27,Released,0.632,8.0,1,,,/kygfSf5JBOH8LRbkAx8iLxUT8EE.jpg,,,[],1,0,[],,,[],[],[],
11042,1000064,Fario,Fario,,"Léo, a twenty-seven-year-old engineer, has to sell his late father's farmland-his father, a farmer, committed suicide three years earlier-to a rare metals drilling company. However, strange occurrences have led him to believe that the project has been polluting the river since his childhood. He then embarks on a surreal investigation that forces him to confront his grief.",90,2300000,0,2024-10-10,Released,1.753625,7.0,10,,/emWTl62eW3Rwa3KhINahhtILWmr.jpg,/wngbefDolqXCAa3imCqCfgSxu2w.jpg,,,[],1,0,[],,,[],[],[],
1703,1411076,Dayı: Bir Adamın Hikâyesi 2,Dayı: Bir Adamın Hikâyesi 2,,,0,0,0,2025-02-06,Post Production,3.574,0.0,0,,/wBGjiQw3GfkV785adGaTTJpNtIJ.jpg,/cXja2YxJblBCm1BjjaN4yvDgHqI.jpg,,,[],1,0,[],,,[],[],[],
28420,1068392,New Year's Concert 2023,Neujahrskonzert der Wiener Philharmoniker 2023,The Vienna New Year's Concert - 2023,"For the 65 time Live traditional New Year's concert from the beautiful Musikverein in Vienna.  The concert, broadcast in 90 countries and reaching an audience of over 40 million people, features, as usual, polkas, waltzes and overtures from the Strauss clan and their contemporaries.  For the third time, the Vienna Philharmonic Orchestra is led by the conductor Franz Welser-Möst and the Vienna Children's Choir also participates.  Swedish commentator: Camilla Lundberg.",150,0,0,2023-01-01,Released,0.215,6.0,1,,/il1t8PVWzcohxwyJrQxPsukbt4i.jpg,/kaDeKJH68ckO07SQRP4qOclKwgI.jpg,,,[],1,0,[],,,[],[],[],
3035,1377946,Match Fixing - The Nation At Stake,Match Fixing - The Nation At Stake,,A secret war was hatched. A fake narrative took shape. A nation was deceived. Unveil a shocking conspiracy that shook the country.,0,0,0,2025-01-10,Released,3.381,0.0,0,,/szmEGYLFC7caihW0qrOoWgcMn5c.jpg,,,,[],1,0,[],,,[],[],[],
2746,1410167,The Recipe,The Recipe,,A short narrative film.,22,0,0,2025-01-15,Released,2.263,0.0,0,,,,,,[],1,0,[],,,[],[],[],
14373,1235850,Gier nach Gold - Ein Krimi aus Passau,Gier nach Gold - Ein Krimi aus Passau,,,0,0,0,2024-02-01,Released,0.622,7.0,1,,/oUQ13POQhl4qLI3xNeH3jO6aNFE.jpg,,,,[],1,0,[],,,[],[],[],
27473,1112886,A body over the sea,Un cuerpo sobre el mar,,"At 25, Christian begins to remember the rape he suffered as a child, so he decides to go to see the sea for the first time. The trip is traversed by the ghosts of the past, an uncertain present and a painful letter that tries to reveal the presence of a rapist.Christian tries to document his process to overcome his crisis and strengthen his relationship with Marlene, his mother. The two are not only closely linked by blood ties, but also by the silence that their bodies have kept for years.",19,0,0,2023-09-09,Released,0.385,8.0,1,,/lAQnulzNFVefhPLD03zq9VY7BrK.jpg,,,,[],1,0,[],,,[],[],[],
21755,890338,Broken,Fragmentada,Daughter. Mother. Police. Murderer.,"A policewoman returns with her young daughter to her hometown to care for her dying mother. The murder of a young girl will keep her there longer than expected. She will try to solve a case that no one seems to care about, risking everything on the path.",104,0,0,2023-08-03,Released,3.011,5.5,2,,/AgcB8prE7NbNCeUhZHFbdkDPhYi.jpg,/xGAz5uZjbz8ycCQWSaZmepgoPx1.jpg,,https://www.youtube.com/watch?v=1vqyfkFMkos,[],1,0,[],,,[],[],[],
31585,1427577,Don't Let Me Down,Don't Let Me Down,,"Following the end of a short-lived reunion, Michael is left with the memories of a friendship he struggles to accept was already lost in the past.",82,10000,0,2025-03-21,Released,0.831125,8.0,1,,/art73cd8rNwhUNsBefvgScqMnqq.jpg,/hH7nezcqmJBmWWxOt6rByKWpdT6.jpg,,,[],1,0,[],,,[],[],[],
8327,1388334,A Heart for Christmas,A Heart for Christmas,,A young girl's Christmas wish is fulfilled and complicated.,92,0,0,2024-11-15,Released,0.918,5.0,2,,/2YlfhzFTvEUjcFfiHLPgzxE6Dvr.jpg,/kCMJiVftEbvqQGj0yXt400dme4T.jpg,,https://www.youtube.com/watch?v=KjKCQurK69E,[],1,0,[],,,[],[],[],
13370,1251973,Ship of the Damned,Ship of the Damned,,"After an abandoned 400-year-old ship appears off the coast of a small town, Historian Elena and the local coastguard go to investigate. They discover it is not abandoned and the ship's cursed crew have horrific plans for the intruders.",85,0,0,2024-04-01,Released,0.738625,5.3,7,,/zwj9gF17g8dpN0HmOOCNhBFMXor.jpg,/ln0dJWJQhIFwxdAi39lvieIbD2S.jpg,,https://www.youtube.com/watch?v=9lF2IPkgJCs,[],1,0,[],,,[],[],[],
19311,958196,Inside,Inside,A solitary exhibition.,"An art thief trapped in a New York penthouse after his heist doesn't go as planned. Locked inside with nothing but priceless works of art, he must use all his cunning and invention to survive.",106,0,170000,2023-03-09,Released,23.751,5.62,373,,/dXsiWJWwGwYwOQ6DfYFt5pPBMwT.jpg,/5deKXeVmu3G8821gV8DtKHmRd6r.jpg,,https://www.youtube.com/watch?v=DjODCllZj4w,[],1,0,[],,,[],[],[],
5973,1240949,Beck 51 - Vilhelm,Beck 51 - Vilhelm,,"Three men enter a luxury apartment in Stockholm dressed as couriers. But what appears to be a robbery ends in a brutal murder that resembles an execution. Vilhelm Beck's patrol is the first to arrive. Haunted by his memories as a hostage, Vilhelm soon begins his own investigation into the case, which leads to a surprising contact with the Beck group.",89,0,0,2024-12-06,Released,1.77725,5.5,2,,/dIPAZTcHIjrh7HLxqKcpXnNQm61.jpg,/35woCjEmNzjX6o1NAjlb38Bp6eK.jpg,,https://www.youtube.com/watch?v=SQubRG5jTVg,[],1,0,[],,,[],[],[],
25615,1214702,Apple Music Live: Peso Pluma,Apple Music Live: Peso Pluma,,Mexican singer-songwriter Peso Pluma performs his hits in Anaheim.,68,0,0,2023-12-06,Released,1.03,6.33,12,,/10V7SXCbOY6IQ5a2iPKuf6NyL4h.jpg,/4iGm1biRdjBBLGHIfpHPaBEbAK5.jpg,,,[],1,0,[],,,[],[],[],
27663,893850,The Dead Remain with Their Mouths Open,I morti rimangono con la bocca aperta,,"Central Apennines, 1944. The snowy landscape witnesses the escape of four hunted partisans. As they wander through the blizzard in search of  a shelter, they meet a young girl.",85,0,0,2023-01-26,Released,0.253,3.4,5,,/tAAjPbQ1WaOC16O4po4yNA3fe4a.jpg,,,,[],1,0,[],,,[],[],[],
24135,1098557,The Breakthrough,The Breakthrough,,"Jane and Teddy are on the brink of divorce – but when their marital problems come to a sticking point, they have an unexpected breakthrough.",14,0,0,2023-03-11,Released,1.789,5.3,3,,/3UzPqpe2dB7fmQONOlJmkW6ed74.jpg,,,,[],1,0,[],,,[],[],[],
10472,1182387,Armor,Armor,On the bridge of death.,"Armored truck security guard James Brody is working with his son Casey transporting millions of dollars between banks when a team of thieves led by Rook orchestrate a takeover of their truck to seize the riches. Following a violent car chase, Rook soon has the armored truck surrounded and James and Casey find themselves cornered onto a decrepit bridge.",89,11500000,0,2024-10-30,Released,76.94,5.6,187,,/pnXLFioDeftqjlCVlRmXvIdMsdP.jpg,/evFChfYeD2LqobEJf8iQsrYcGTw.jpg,,https://www.youtube.com/watch?v=tzQsSmDc8gw,[],1,0,[],,,[],[],[],
20270,1212523,Betray,Betray,,"Bored within her marriage, an unhappy wife falls to temptation which quickly spirals toward a fatal encounter.",106,20000,0,2023-12-08,Released,5.89,4.5,2,,/ujzvLe6qDo5byYotIGLhJhrS05O.jpg,/pxUKcVqingenVyNcHu0XwxnmYYF.jpg,,https://www.youtube.com/watch?v=VM4Oc_Lfto0,[],1,0,[],,,[],[],[],
3514,1275811,Pinkerton,Pinkerton,"In This Line Of Work, You Make A Lot Of Enemies","The story or Alan Pinkerton, who along with his agents, became America's first private detectives.",0,0,0,2025-01-01,Released,2.742,0.0,0,,/7my7aWoTcdzVEbYDnTs40bHtH4f.jpg,,,https://www.youtube.com/watch?v=E2CX_0ObERw,[],1,0,[],,,[],[],[],
26485,1301150,The Bazinga Button,The Bazinga Button,Bazinga !,"Sheldon finds a strange button on his way to meet his friends, but little does he know this button he finds so amusing will cause him chaos !",7,5,0,2023-09-30,Released,0.667,10.0,1,,/dX35UNdAQ3zmBrS3dciScILObPb.jpg,/i8mABntLbUGgz1XHScoumURyfYm.jpg,,https://www.youtube.com/watch?v=h9HTBN1GnC8,[],1,0,[],,,[],[],[],
22555,1141052,Erumbu,எறும்பு,Revisit Your Childhood Days,"A boy, Muthu, by mistake loses a one-gram ring, the only gold their family possesses and goes on a mission along with his sister Pachayammal take the help of their neighbor Chittu, decide to earn some money to make up for a lost gold ring and replace it before his family returns home.",104,0,0,2023-06-16,Released,2.153,6.5,2,,/uEgBO7xnsooVawxsWC1bx2j9i2Y.jpg,/tNfrJ0dZvgzhYkdVg1QWJxOpHig.jpg,,,[],1,0,[],,,[],[],[],
8406,1374332,A Frown Gone Mad,فتنة في الحاجبين,,"Botox, Revolax, Sculptra, Hyaron, Juvederm: all sorts of products—perhaps not all entirely legal—sell like hot cakes in Bouba’s Lebanese beauty salon. Skillfully, though not always gently, she jabs a constant stream of clients with all kinds of injectables to temporarily reduce their facial wrinkles and frown lines.",71,0,0,2024-11-15,Released,1.769,0.0,0,,/UFuwwNbLjnekmPhVYvGVeg7nWH.jpg,,,,[],1,0,[],,,[],[],[],
18593,1289374,Gamètes,Gamètes,,"To finally start her hormonal transition, Nova needs to go through one last step : the freezing of her gametes. To support her in this difficult masturbatory endeavour in a hospital ward, Matos, Estech and Aimé-es decide to accompany her. Armed with their cameras, lights and colour gel filters, the dream team of CLAP ! infiltrates the ART service to make this trial the most pleasurable as possible.  Gametes is an ode to T4T loves, mixing documentary and fiction to highlight a little-known stage of MtoF transitions.",16,0,0,2024-05-02,Released,0.167,6.0,1,,/9DTb3zeZFfyd0PsfQEmGKmS3Zv4.jpg,,,,[],1,0,[],,,[],[],[],
20372,1166580,Get My Wife Pregnant,내 아내를 임신시켜줘,,"Joo Seung-gi and Yoo Ah-rin desperately have sex several times a day to have children, but they were not pregnant, so they were tested, and the result of the test was Seung-gi's infertility. After much consideration, Seung-gi asks his fiery friend Yoon-woo to have a relationship with Ah-rin, and after persistent persuasion, Ah-rin and Yoon-woo have a relationship. Afterwards, Seung-gi began to doubt the relationship between Yoon-woo and Ah-rin...",70,0,0,2023-05-11,Released,5.536,9.5,2,,/rXkqccTVVCFRCTXNEBAFBtGn000.jpg,/2QGD99TEKVuQWKhFw08eVh3xq3y.jpg,,,[],1,0,[],,,[],[],[],
4679,1407477,Mens vi venter på Irakkommissionen,Mens vi venter på Irakkommissionen,,"How did Denmark get involved in the Iraq War in 2003? Cultural sociologist Jørgen Andersen is on a mission. Armed with humor, a pointer and an overhead projector, he uncovers how two men and 100 lies turned Denmark into a warring nation. A satirical theater monologue by Jens Kløft with actor Peter Larsen in the role of Jørgen Andersen.",87,0,0,2024-12-17,Released,0.584,0.0,0,,,/vnu7YRR0On48xYccqCt6S6NxYwB.jpg,,,[],1,0,[],,,[],[],[],
3918,1417275,The Hart-Breaker,The Hart-Breaker,,"Nerdy girl Pearl is determined to catch the eye of her longtime crush, but is clueless on how to do it. She makes a deal with Ethan Hart, the school's biggest bad boy, to get herself noticed.",82,0,0,2024-12-26,Released,0.513,4.0,1,,/t08kt59IUc4CLrlapnzhW9FQwic.jpg,,,,[],1,0,[],,,[],[],[],
5812,1405666,Tram ...wasch Dir vorm Sterben nochmal die Hände,Tram ...wasch Dir vorm Sterben nochmal die Hände,,,0,0,0,2024-12-06,Released,0.477,0.0,0,,/a5sHCSkffwPoUmxOqVBK1XyBPqf.jpg,,,,[],1,0,[],,,[],[],[],
15651,1205297,The Compatriots,The Compatriots,,"Javi is undocumented and on the verge of being deported, when he bumps into his estranged best friend Hunter, a boisterous bachelor yearning for connection. Together, they fight to keep Javi in the only country he’s ever known.",94,0,0,2024-08-02,Released,0.439,10.0,1,,/gNWlRyNKCz4PKyv8FLhw6kW1J8e.jpg,,,https://www.youtube.com/watch?v=zqbygJYliJs,[],1,0,[],,,[],[],[],
29327,912598,Bubble,バブル,Is she a calamity or a blessing?,"In an abandoned Tokyo overrun by bubbles and gravitational abnormalities, one gifted young man has a fateful meeting with a mysterious girl.",101,0,0,2022-02-14,Released,14.798,7.3,421,,/kk28Lk8oQBGjoHRGUCN2vxKb4O2.jpg,/a8Q2g0g7XzAF6gcB8qgn37ccb9Y.jpg,https://www.youtube.com/watch?v=WItvH4Hoyag,https://www.youtube.com/watch?v=8pbWblLkHHk,[],1,0,[],,,[],[],[],
23140,1154609,Forbidden Zone,遮天：禁区,,"When celestial objects merge and strange phenomena occur in the sky, nine dragons drag a bronze coffin through the North Star, a forbidden zone, a burial island, descending to the earth. It is rumored that there is an emperor's treasure buried on the island that can enhance internal energy during training. The leaders of the sects in the North Star and the wanderers want to go to the island to seize the weapon. Among them is Ji Kong, an orphan (played by Feng Lijun). Ji Kong was adopted by his master in the sword house since he was young. His master, noticing his natural talent, paid a high price and forged thousands of swords for the holy land and sent him to the Yunxiao holy land to practice. Ji Kong and his fellow disciple go to the island together to vie for the emperor's weapon and aim for the position of the emperor.",87,0,0,2023-07-21,Released,2.423,6.8,4,,/9mS7Q9VBkH8yGrIvajxzRUNEAEE.jpg,/cLlS4LomFxDqo4UL6PIPKBnBOcp.jpg,,https://www.youtube.com/watch?v=G4FbouYFiJY,[],1,0,[],,,[],[],[],
6661,1397151,The Unstoppable Man,The Unstoppable Man,,Gopal becomes the world’s first HIV+ person to summit Mount Everest.,14,0,0,,Released,0.001,0.0,0,,/tlU2ZosJBr6oofswfl2T4kcbTH1.jpg,,,,[],1,0,[],,,[],[],[],
11140,962108,Bhaje Vaayu Vegam,భజే వాయు వేగం,,"Two brothers from village move to city to pursue their dreams, but situations land them in trouble as they inadvertently tangle with dangerous local kingpin, while desperately seeking the money to pay for their father’s life-saving surgery.",134,0,0,2024-05-31,Released,1.1300000000000001,6.0,4,,/mIChfDh0c8DAkNEEXeAavMbY6u2.jpg,/hjtIq7QCYQEBJFzV5qIq9EzwduJ.jpg,,,[],1,0,[],,,[],[],[],
18978,1048484,Vigilantes INC. - America's New Vote Suppression Hitmen,Vigilantes INC. - America's New Vote Suppression Hitmen,,"Vigilantes Inc.: America’s New Vote Suppression Hitmen  The 2024 election is in danger:  8,500 self-proclaimed vigilante vote-fraud hunters have already challenged the rights of 851,000 voters of color.  Investigative reporter Greg Palast (Guardian/Rolling Stone) hunts down the MAGA vigilantes including one dressed like Doc Holliday—with his loaded 6-guns—who blocked the vote of 4,000 Black soldiers including MAJ Gamaliel Turner.  Palast and Major Turner confront the vote rustlers in scenes humorous, weird and dangerous.",80,0,0,2024-09-06,Released,0.001,8.0,2,,/bLBEF0Tg3royvMfuqe5mz7VUjRZ.jpg,/rsHWlZ0GZguW7lXuqcD8LkU3VKF.jpg,,https://www.youtube.com/watch?v=IA04odvpABo,[],1,0,[],,,[],[],[],
11568,1169340,The Sin,씬,We're all demons thanks to you,"A group of actors and production staff, upon arriving at a rural abandoned school for filming, find themselves enveloped in a mysterious energy from the first day of filming itself. The situation takes a drastic turn after they encounter an entity that should not have been awakened. They now strive to escape from it.",102,0,257377,2024-03-29,Released,3.218,6.5,15,,/17esFRgxCM5zvFoAdywxrNKRaT3.jpg,/mRdv5UHEqFp7ACWkPYd1NGV8y4R.jpg,,https://www.youtube.com/watch?v=FxTsn907hzE,[],1,0,[],,,[],[],[],
5039,1412112,Beat-Up,Beat-Up,It's the fight for his life.,"The year is 2039, the Dehmarr Company has used a newly developed AI chip to bring a man back to life. They claim ownership over his life. He now seeks freedom.",14,200,0,2024-12-13,Released,0.576,0.0,0,,/hqt7bWILDviMvQ7CLCJ5ycu6cu5.jpg,/7g4JIVn167EIk70IcKddGOdcuX2.jpg,,,[],1,0,[],,,[],[],[],
22164,1174110,Peddha Kapu - 1,పెద కాపు-1,A Common Man's Signature,Villagers revolt against their rich political leaders.,147,0,0,2023-09-27,Released,1.414,7.2,2,,/ktAzHRoehu3YC2g9MrfBLbrpT8j.jpg,/bGqVUw9R7E8jE0iaQIRAmftPh9m.jpg,,,[],1,0,[],,,[],[],[],
27299,1101304,Man to Man,Man to Man,,"Dion, (Selorm Adonu), a young teen, gets beaten up at school. His father, (David Harewood), takes him to the boxing ring to teach him how to fight and defend himself.",20,0,0,2023-03-16,Released,0.661,5.0,2,,/7YANCoTIJATsfbUgBVAptSsTgj2.jpg,/kMUi6Ob27wWWHeky4Y1bOA7tXNq.jpg,,,[],1,0,[],,,[],[],[],
10251,1423915,BoBoiBoy Galaxy: GENTAR,BoBoiBoy Galaxy: GENTAR,,"After hearing Adu Du's story, BoBoiBoy Gentar agrees to help him save Probe. A frightened BoBoiBoy tries to recklessly engage in battle, but is forced to flee by Gopal and Qually. After a fierce chase, Gentar and the others are locked up.",92,0,0,2024-12-21,Released,1.4,0.0,0,,/xqOYl6pUSFDvJIEj3WwzBITKZpX.jpg,,,,[],1,0,[],,,[],[],[],
26491,1116099,"A Man Wishes for the First, A Woman Wishes for the Last",남자는 처음을 원하고 여자는 마지막을 원한다,,"A love story of four seasons. “Spring, the first time they met”; The moment Dongjun saw Hyeji, flowers bloomed like it was springtime. He seized the moment and confessed his feelings for her. But Hyeji turns him down, saying they'll meet again if they are meant to be. And just like a miracle, Dongjun runs into Hyeji again. Dongjun’s heart starts beating, and their love blossoms. Their story is follows four more seasons; “Hot, fierce summer”, “Fall, falling out of love”, “Cold, miserable winter” and finally, “Again, Spring”.",80,0,0,2023-05-18,Released,0.658,5.0,1,,/v8inQNKKPkCXnh1KhUiwH9Xn8lq.jpg,/36AdcfL7HCKTHDSGDuNw3cpav12.jpg,,,[],1,0,[],,,[],[],[],
3580,1410740,Le réveillon de Marie-Thérèse,Le réveillon de Marie-Thérèse,,,0,0,0,2024-12-31,Released,1.224,0.0,0,,/wZ7rS4DCYwn6BnA17Jc5QBXLqsv.jpg,/v0v5HgMgt2ep3Od5t2LhwD4TRX2.jpg,,,[],1,0,[],,,[],[],[],
3717,1410117,REAL,REAL,,,0,0,0,2024-12-30,Released,1.361,0.0,0,,/770ASp4T3qVAdplhfgz56xzQ523.jpg,/OXUj3nWn1whMMkfJxn9TRFy4kA.jpg,,,[],1,0,[],,,[],[],[],
5649,1398226,Lacerations,Lacerations,,Two lost souls long for connection amid a vast digital landscape.,26,0,0,2024-12-08,Released,0.847,0.0,0,,/7SVhR2QOyEk1O1RXFB5U5SjlOVI.jpg,,,,[],1,0,[],,,[],[],[],
15480,1330434,Sandwich Kids,ساندوتش عيال,,"The events revolve around the high divorce rates in Egypt and their negative impact on children. a lawyer who is in conflict with his wife, which draws his attention to the issue. He decides to advocate for the rights of children who have been harmed due to disputes, divorces, or separations between their parents, within a comedic framework.",95,0,0,2024-08-15,Released,1.635,2.0,1,,/f7WcFXEZFCT3cuTnEMEqsTCm3lv.jpg,/4CeRdbeegnmbuJMEOWS167E8wOv.jpg,https://www.youtube.com/watch?v=Nv_XDIoQds4,,[],1,0,[],,,[],[],[],
31425,607141,Be Happy,Be Happy,,"A dance-drama film that follows a single father and his witty, wise-beyond-her-years daughter. When his daughter's dream of performing in the country's biggest dance reality show collides with a life-altering crisis, the father is driven to do the unthinkable, showcasing the extraordinary lengths he will go to fulfill her wishes and find happiness.",129,0,0,2025-03-14,Released,9.952375,6.8,15,,/6bvW47MtJKo2ipPYJ2xDvdf4zbz.jpg,/a4H5TFw7p7hCzED5zKuNzjBbi5h.jpg,,,[],1,0,[],,,[],[],[],
31603,1436930,House Party,House Party,,A young girl finds out that no one is coming to her party.,4,50,0,2025-02-22,Released,0.34075,10.0,2,,/uiyQeVRO4dwo38Q6jH8nAQF4wt3.jpg,/t5cm2xqWESGN1JUGa221CI71NX6.jpg,,,[],1,0,[],,,[],[],[],
17949,1324744,Фамилия тренера,Фамилия тренера,,"In the early 90s, a father introduces his 7-year-old daughter to chess and notices champion talent in her. For the sake of his daughter’s future title, the father leaves his career and develops a unique training system. Father and daughter will not only have to overcome financial difficulties, but also learn to understand each other and unite for the sake of a dream.",19,0,0,2024-08-21,Released,0.496,4.5,2,,/8gi4cxiE3zQbTLzmFiVQ0qq1suz.jpg,,,,[],1,0,[],,,[],[],[],
18193,1273175,MYTH,MYTH,What would you do with the time you have left?,A game show contestant spirals through the deterioration of her own existence when faced with the relentless passage of time.,9,0,0,2024-04-11,Released,0.242,10.0,1,,/hRxLcEvudK1t41dVA216HwSn0hc.jpg,,,,[],1,0,[],,,[],[],[],
8332,1387099,The Man Rebounds,触底反弹,,"After being released from prison, Wei Dong, whose life was shattered by a drug lord’s actions, sets out to capture drug dealers and earn enough reward money to win back his family. Meanwhile, gambler Huo Sheng kills a drug mule to steal money and drugs from a crash site. Wei Dong and Huo Sheng unexpectedly become colleagues, driving trash trucks. As they unknowingly become entangled with the drug lord, a darkly comedic clash unfolds between them, with each pursuing their own agenda.",105,0,0,2024-11-15,Released,0.629,0.0,0,,/A1d4AQ1JpU3BbpRNOmuOLXVDSyi.jpg,/wqDbN3JuT5gpdAMvI15gXHknfY3.jpg,,,[],1,0,[],,,[],[],[],
27208,1108469,Samuel and the Light,Samuel e a luz,,"Samuel lives in Ponta Negra, a small village on the coast of Paraty, Brazil. At first the idyllic daily life following the rhythm of nature and the development of the kid's identity set the tone of the film. We go along with the boy and his family for six years. Little by little emerges a more complex reality and its contradictions, between modernity and tradition, nature and technology. The arrival of electricity and tourism in the village crystallizes the deconstruction of an idealized paradise, drawing a portrait of contemporary Brazil.",70,0,0,2023-04-25,Released,0.387,9.0,1,,/dOKWaLm7PIaFNrjacxbXzJBL0IZ.jpg,/foUqmIXzddXnCsHkNPsgJrDO0o6.jpg,,,[],1,0,[],,,[],[],[],
15248,1370986,Topolino,Topolino,Topolino [top-oh-lee-no] 1. Relatively small gnawing mammal e.g. mouse,A documentary short film in which three men recount their respective father's history with the Fiat Topolino.,7,0,0,2024-09-20,Released,0.27,10.0,1,,,/xNwT2UydbgcHy1tW9zfyKxKhvkQ.jpg,,,[],1,0,[],,,[],[],[],
16274,1346704,נקמה יהודית 6,נקמה יהודית 6,,,0,0,0,2024-08-14,Released,0.3,7.5,2,,/nBEoFhsma3h2jfypRnkwK9GjzTy.jpg,,,,[],1,0,[],,,[],[],[],
11685,971968,Being Maria,Maria,The true story of Maria Schneider behind the making of Last Tango in Paris.,"A young, struggling actress lands her dream role in a film by an emerging Italian director, starring alongside an American superstar. What begins as her big breakthrough quickly turns into a living hell.",100,0,0,2024-06-19,Released,3.949125,6.3,38,,/AtBV9COCzgKvmmyDFXTEAh79wYD.jpg,/aBNrvQd9B6y3h2GbDfJHQdF6CPE.jpg,,,[],1,0,[],,,[],[],[],
877,1381945,Маленький шеф,Маленький шеф,,The boy decides to save the family on the verge of divorce by buying an old food truck.,0,0,0,2025-04-17,In Production,0.66,0.0,0,,/1lJSNaloKO6P89nqClQKBcrdzm6.jpg,,,,[],1,0,[],,,[],[],[],
10139,1423043,First Kiss,First Kiss,,,0,0,0,2025-01-20,Released,2.744,0.0,0,,/xB7NUiGLzec283wx6LSe9IHwIsK.jpg,,,,[],1,0,[],,,[],[],[],
28452,1159676,İtiraf,İtiraf,,,0,0,0,2023-07-15,Released,0.367,8.0,1,,/9IbjyEoYqmOjIN5H0Gu50TxsUTo.jpg,/mNfOKarXrXoFd24fOmroKYEpjR7.jpg,,,[],1,0,[],,,[],[],[],
21180,1177672,Explorer: Lake of Fire,Explorer: Lake of Fire,,"In 2001, satellite imagery captured a mysterious “thermal anomaly” on an unexplored volcano at the ends of the Earth. What lies inside could provide new clues to help predict volcanic eruptions around the globe. But the island is so remote with conditions that are so extreme. No one has ever been able to reach the top to investigate what lies inside.. until now.",44,0,0,2023-10-26,Released,4.443,6.5,4,,/h5uUFjhk1G5xoRRB2OMiJMlxoIo.jpg,/xhh1FXSTSaKu46FiFEnvklqPtyF.jpg,,,[],1,0,[],,,[],[],[],
10420,1001141,The 4th Wall,Le quatrième mur,,"Lebanon, 1982. To keep a promise made to an old friend, Georges, an idealistic theater director, travels to Beirut for a project as utopian as it is risky: to stage the play Antigone on the front line, in order to steal a moment of peace from the raging civil war. The characters will be played by actors from different political and religious camps. Lost in a city and a conflict he knows nothing about, Georges is guided by Marwan. As fighting resumes, everything is soon called into question, and Georges, who falls in love with Imane, has to face up to the reality of war.",116,3200000,0,2025-01-15,Released,1.0670000000000002,7.4,19,,/yFaAQsmX1O3s9M1CPzkAcfnjN0Y.jpg,/6ECm789LlUo117zVGVNJU728ks8.jpg,,https://www.youtube.com/watch?v=gcjDN1xqBmE,[],1,0,[],,,[],[],[],
19858,1152379,League of Gods: The Fall of Sheng,封神：祸商,,,80,0,0,2023-07-14,Released,9.756,5.0,2,,/jHKni0n2bB3oIHv3fyKjOGI0LgS.jpg,/z3hBxj5kFoFZNl3Cn8BiUZQq3qW.jpg,,,[],1,0,[],,,[],[],[],
13645,1139238,Walker,검은 소년,,"Violent father Moo-jin, whose family is everything. Mother So-yeon left because she couldn't stand the violence. Hoon, who loves both his father and mother, is forced to make a choice and leaves, but eventually remains alone and enters his world.",88,0,0,2024-02-07,Released,1.2175,4.0,1,,/2dCH3afVDQCGneWt9mGZqK5ro2h.jpg,/7UqFimDb9UUb3WrJ8NVM5M7VKji.jpg,,,[],1,0,[],,,[],[],[],
28144,1134859,Supporting Actors,Mellékszereplők,,"This social Drama tells the parallel stories of three families in rural Hungary today. The stories of a rich businessman, Árpád, his wife Franciska and their daughter Babita, a photographer called Gábor, his ceramist girlfriend Edina and a prison priest. Their destinies are linked. Many of them live or have lived in the same city and their lives upended by the secrets and crimes that are revealed over a period of 10 years.",0,0,0,2023-10-26,Released,0.227,8.0,1,,/BNe9VY93Q6KFXmEztgn6JVWcXT.jpg,/z1ghrEdARRfH8Vu39pqszCMTJdv.jpg,,,[],1,0,[],,,[],[],[],
31768,1439514,The Phalanx,The Phalanx,,"Letters from the Ceresco community trace the fragility of harmony, the dream of life in association. Members of the phalanx drift apart, lingering in private corners, suspended in speculative time.",13,0,0,2025-03-16,Released,0.135,4.3,3,,/4wgiJBrpvLh9kOe8feXd5MxLbzW.jpg,,,,[],1,0,[],,,[],[],[],
17138,1315917,La Flamme ukrainienne,La Flamme ukrainienne,,,0,0,0,2024-07-12,Released,0.546,6.8,4,,/mWrC9KXF1TVgM3SXpcAeRXJ8G3U.jpg,/sA1bOXiIg36jS8oq2L8lVtzC3JU.jpg,,,[],1,0,[],,,[],[],[],
17124,1403534,Internal Bleeding,Internal Bleeding,Be careful with your teeth.,"Miranda Beckett is an asexual 20-year-old teacher who begins a loving relationship with Mark, the young and sexy school janitor who dreams of being a stand-up comedian and prioritizes sexual pleasure over anything else. One night, she is brutally murdered.",72,24,70,2024-02-05,Released,1.084,10.0,1,,/yRaM1luqkbcVBdIK9poxj6gWDLv.jpg,,,,[],1,0,[],,,[],[],[],
17456,1194897,After Dawn,Après l’aurore,,"The light of dawn rises in a rose colored sky overlooking imposing tower blocks. It’s the beginning of an odyssey set at the heart of a public housing district following the lives of Yves, a thirty something Berlin based artist, Hamza, a 14-year-old deaf boy, and Déborah, a lonely basketball coach.",25,0,0,2024-03-04,Released,0.351,7.5,1,,/gHVsoKtIzN11bV3EzJfIjMleJim.jpg,/8Z7y0pdr2Ct4E8IBbUDQtOdPPZn.jpg,,,[],1,0,[],,,[],[],[],
13281,1073635,Hwjn,حوجن,,"When a human family moves into Hwjn and his family's house in a world where Jinn is compelled to live among humans, their lives are completely upended. Hwjn, who is forbidden by old regulations from mingling, unintentionally falls in love with the human daughter, Sawsan.",126,0,24584,2024-01-04,Released,1.418125,6.7,3,,/rkrAsE5QGnmT9rJAjz3FAkRlikU.jpg,/o5Pr3gvkVwYEK7nB5AkE1Yk0yGq.jpg,,https://www.youtube.com/watch?v=BU133GQzFB0,[],1,0,[],,,[],[],[],
13322,1244061,Thekku Vadakku,തെക്കു വടക്ക്,,"Two rivals, a retired engineer and a rice mill owner, engage in a fierce competition. Their feud entertains the town as they battle to determine the ultimate victor and whether the loser accepts defeat gracefully.",129,0,0,2024-10-04,Released,1.474,6.5,2,,/eo2LPxEXIK3ZnjPHo89XPUnItAf.jpg,/pW8BzCds8s3FdfBpqiOC4Wf1RvL.jpg,,,[],1,0,[],,,[],[],[],
10878,1247019,Death Whisperer 2,ธี่หยด 2,"The haunted, calling voices will be utterly terrifying.","Three years after his sister's death, Yak relentlessly searches for the dark spirit that killed her in hopes of seeking revenge.",112,0,4210676,2024-10-10,Released,130.14375,7.0,83,,/uDW5eeFUYp1vaU2ymEdVBG6g7iq.jpg,/vfkzNcVzTRCq3C2jYIZtIjSdwf7.jpg,,https://www.youtube.com/watch?v=ZCEuUcE9oZw,[],1,0,[],,,[],[],[],
7153,1393910,Walking The Line,Walking The Line,,"This hybrid between a videogame and a film inspires you to think about your choices. As humans, we are constantly toeing the line between good and evil, and sometimes we fall in the middle. This is where anti-heroes lie in wait... in the gray.",7,0,0,2024-11-26,Released,0.933,0.0,0,,/ibZvFY5wSO0t7z5NHsISFJISzLS.jpg,/2VQZ57BzgilW1WjLA6Me0qlWtJW.jpg,,,[],1,0,[],,,[],[],[],
284,360138,Se a Vida Começasse Agora,Se a Vida Começasse Agora,,,0,0,0,2025-11-28,In Production,0.841,0.0,0,,/vziEtteRr43oHNYMrcc8wMvk7Xi.jpg,/57jmvXYWZMvjgyOU06MWrqjI3Ru.jpg,,,[],1,0,[],,,[],[],[],
8163,1388012,Queens of Vikretamandi,Queens of Vikretamandi,'Auratein kabhi mehnat nahi kar sakti.',"In 'Queen of Vikretamandi, we follow the stories of three female street vendors in Mumbai. Each woman faces her own challenges but also enjoys her victories. The documentary shows their strength and hard work. It creates a close and powerful picture of how they survive and thrive in a busy city that is always awake.",8,50,0,2024-11-16,Released,0.332,0.0,0,,/hcbpOCNlihW2SMti8NBQFhSZbdz.jpg,/zmfqOXdTF3wv2w1qtMqybeDhlWv.jpg,,,[],1,0,[],,,[],[],[],
28439,924228,Nobody Meets Your Eyes,Kukaan ei katso sinua silmiin,,They are everywhere without us observing them. These ‘invisibles’ can only be seen on camera and only heard thanks to a microphone. Footage shot in public spaces shows people who seem non-existent to everyone else in the frame.,64,0,0,2023-04-28,Released,0.5,8.0,1,,/iYKbt6ovyfEPJfFOdUFG3BZezSW.jpg,/i3U364XEgXW0WvX5JaPPxOWLaED.jpg,,https://www.youtube.com/watch?v=faVuPRpqIr4,[],1,0,[],,,[],[],[],
11356,1188456,A Strange House,変な家,,"Amemiya is an unpopular Youtuber who specializes in the occult. One day, his manager brings him a floor plan with an inscrutable point. With the help of Kurihara and Yuzuki, he begins to look into the plan and reveal the mystery behind.",110,0,30864331,2024-03-15,Released,1.11475,6.58,13,,/uYWD7TmbLLPGODczH9NGVDqE8dY.jpg,/5UOOA9RUazq4S3D9t4ljCVjlpYd.jpg,https://www.youtube.com/watch?v=ligW_jpmFHk,,[],1,0,[],,,[],[],[],
27547,1252686,When It Catches U,When It Catches U,Don't get caught.,"A young man finds himself pursued by a mysterious spiritual mask stalker who employs a haunting song to ensnare his prey. As tension mounts, he must confront the sinister forces threatening his existence in a battle of wits and willpower.",17,0,0,2023-12-29,Released,0.609,9.0,1,,/fqVDf2M5VngmenETeoQgyojTOFH.jpg,/k4oZFiPmW0pn7uOu5i8gwNMD0tR.jpg,,https://www.youtube.com/watch?v=91Wafzb7YSs,[],1,0,[],,,[],[],[],
12281,1225683,Estomago 2: The Cookfather,Estômago 2: O Poderoso Chef,"In the food chain, you either eat or you are the food.","Sequel to the award-winning 2007 film, Stomach 2 tells the tasty and bloody dispute between a faction leader and an Italian boss for control of the prison where they are held and the privilege of being served by the talented cook Raimundo Nonato",131,0,0,2024-08-29,Released,1.413875,6.8,11,,/21zKw6hhZaJxFyCDRHcS3E3BUzd.jpg,/1VsEw1q0K0ut98nkK4kuiOhAwOA.jpg,,,[],1,0,[],,,[],[],[],
14489,1059373,Day of the Tiger,Tigru,,"31-year-old Vera is a vet in a small-town zoo veterinarian in Transylvania. After losing her new-born baby, she becomes obsessed with giving him the proper Eastern Orthodox burial rituals, spends more time at work and subsequently drifts apart from her husband, Toma. One day a tiger escapes from the zoo…",80,0,0,2024-07-25,Released,0.696,5.5,2,,/9WknZXDmZKJZueADmyz8ADwz98j.jpg,/5F5GParHzT23MQZEDYQ6bSFrbXp.jpg,,https://www.youtube.com/watch?v=B-LlGvD23sY,[],1,0,[],,,[],[],[],
5915,1390528,Have I Told You Lately,Have I Told You Lately,,"After her mother passes away, Bora finds herself weighing 105kg. Memories and love towards her mother weigh down on Bora.",26,0,0,2024-12-06,Released,0.502,0.0,0,,/iwgGg842orwsBYsLbHSej1CNgnm.jpg,,,,[],1,0,[],,,[],[],[],
979,1421309,La vita da grandi,La vita da grandi,,,0,0,0,2025-04-03,In Production,0.676,0.0,0,,,/fNzlB6XcgHOlLAgJqZP9NRhmFET.jpg,,,[],1,0,[],,,[],[],[],
23860,1031143,Another Body,Another Body,,A college student searches for justice after she discovers deepfake pornography of herself circulating online.,80,0,14000,2023-10-20,Released,1.935,6.8,10,,/pU8C939AI6CQIintohv4ghQ132x.jpg,/jycEYzpASmk6dUZGGt0lPSnyKSU.jpg,,https://www.youtube.com/watch?v=Cs3Wlf9BcEI,[],1,0,[],,,[],[],[],
16450,1284629,Sludge,Sludge,,A young woman must confront her inner demons personified as a swamp monster in a battle for self- acceptance.,13,7278,0,2024-05-03,Released,0.41,10.0,1,,/EfsPDNLLwuZCmpyLph45DAoU5M.jpg,/2n2LDJ3yBsYLmhxKdGCjzCT6Gzv.jpg,,,[],1,0,[],,,[],[],[],
17782,1325501,Souviens-toi des cacahuètes,Souviens-toi des cacahuètes,,,0,0,0,2024-06-23,Released,0.218,8.0,1,,/vuuLkfVoC3qk2PORAPyXNPT7FWx.jpg,/uVRUchCXjcrfrthzjwWYhvETAAs.jpg,,,[],1,0,[],,,[],[],[],
11307,1279752,Baby Assassins: Nice Days,ベイビーわるきゅーれ ナイスデイズ,"Even if I kill you, I won't forget.","Teenage assassins Mahiro and Chisato visit the coastal city of Miyazaki for a contract and a vacation when they unexpectedly cross paths with a legendary, bloodthirsty assassin who's looking to add to his kill count.",113,0,0,2024-08-02,Released,4.103875,8.4,11,,/k8hk9ndfEUoRtAJd5xHSi3xAChj.jpg,/aaHHkaR5frsSwqW2cnMuiSHgLZV.jpg,,https://www.youtube.com/watch?v=0BLfY8GSGdY,[],1,0,[],,,[],[],[],
9013,1399724,Princess and the Pea,Prinses op de Erwt,How do you help someone who doesn't want your help?,"Princess and the Pea is about the turbulent dynamic between teenager Lotta and her parents when she’s stuck at home with depression and anxiety. She can’t, she won’t, she wouldn’t dare. Also isolated at home are Marthe and Paul, scared to lose their daughter. In a house full of misunderstanding and hopelessness the family gets help from a psychologist in their search for recognition, connection, and hope.",27,5817,0,2024-11-09,Released,0.332,0.0,0,,/9clrkWNiMdBEf1tGr607FhJxvPJ.jpg,,,,[],1,0,[],,,[],[],[],
2170,1248185,Pheasant Island,Faisaien Irla,,"The appearance of a corpse on Pheasant Island bursts into the lives of Laida and Sambou, a young couple who live on the border of Bidasoa.",98,0,0,2025-01-25,Released,16.905,0.0,0,,/uW4HgEWCTdW2CmnGHwWU4tMfESc.jpg,/1S2soqVkt3fWWbYpWPwWTudFvRl.jpg,,,[],1,0,[],,,[],[],[],
15732,1250892,Chappelle's Home Team - Donnell Rawlings: A New Day,Chappelle's Home Team - Donnell Rawlings: A New Day,,"Donnell Rawlings riffs on toxic relationships, getting older, visiting New Zealand and his secret to co-parenting a young son in this stand-up special.",40,0,0,2024-02-26,Released,0.67525,6.2,5,,/43TKQr4JnRe5ydmmKkASFxJYG0J.jpg,/sn9Xmf4o4LlLxN4zSp1SrN4pLdt.jpg,,https://www.youtube.com/watch?v=_rAw4Vywxb8,[],1,0,[],,,[],[],[],
30102,652097,Housle a sen,Housle a sen,,,0,0,0,1947-01-31,Released,2.013,6.0,1,,/aGEs2NwRRMFVAjEKCIPTd1QMrFN.jpg,,,,[],1,0,[],,,[],[],[],
4731,1399697,The grave is green,Het graf is groen,"Er is een tijd van komen, en een tijd van gaan.",A documentary about a funeral director and her views on life and death.,7,0,0,2024-12-17,Released,0.628,0.0,0,,/bX9ApGBUHQqAuM7xA0S0MYcyj50.jpg,,,,[],1,0,[],,,[],[],[],
13542,1318848,Tina Turner - My Songs. My Life,Tina Turner - My Songs. My Life,,,0,0,0,2024-07-19,Released,1.46,8.0,2,,/vHsSXdqd7eePDCVdphXsMryF1LU.jpg,/182EgnNmaFGVXmBV2Sg5YwyuoLs.jpg,,,[],1,0,[],,,[],[],[],
23749,1184069,Zainab Johnson: Hijabs Off,Zainab Johnson: Hijabs Off,,"Zainab Johnson is a gifted and daring comedian who effortlessly blends relatable stories, sharp wit, and thought-provoking social commentary into her unique style of stand-up comedy. Her debut special explores her identity as a Black female Muslim, having 12 siblings, and growing up in Harlem.",68,0,0,2023-10-23,Released,0.856,6.5,2,,/aDO7kzHgiHRwl0pjqeOrgy3MmWa.jpg,/9WdiS27Ac2Wh1MAX7rpMwv56ebk.jpg,,https://www.youtube.com/watch?v=z3xgP2L6OUI,[],1,0,[],,,[],[],[],
19526,976293,Lie with Me,Arrête avec tes mensonges,,"An author returns to his hometown of Cognac for the first time in 35 years to help promote a distillery. Once there, he meets his first love’s son, Lucas. Memories come rushing back to him: irrepressible attraction, bodies becoming one in the heat of desire, a passion that can never be revealed… His first love’s name was Thomas. They were 17.",98,2100000,0,2023-02-22,Released,14.837,7.38,101,,/9SmukStTFWTElr3YYCDLe7tIwY9.jpg,/r0Zhgr8KhJHnRB0tp8bvySHx40r.jpg,,https://www.youtube.com/watch?v=9JjOjkfH4TI,[],1,0,[],,,[],[],[],
10428,1226777,Eephus,Eephus,,"As an imminent construction project looms over their beloved small-town baseball field, a pair of New England rec-league teams face off for the last time. Tensions flare up and ceremonial laughs are shared as an era of camaraderie and escapism fades into an uncertain future.",98,7500000,0,2025-01-01,Released,1.9335,6.2,3,,/zDdzvIVGkAUfUMi7mJykgEu5ynu.jpg,/gDkePcszTeHCiYzaWdv59zkCk4H.jpg,,https://www.youtube.com/watch?v=7g-bxQwmU0s,[],1,0,[],,,[],[],[],
10302,539745,Animal Farm,Animal Farm,,Animals on a farm lead a revolution against the farmers to put their destiny in their own hands. However this revolution eats their own children and they cannot avoid corruption.,0,0,0,2025-07-11,In Production,1.772,0.0,0,,/iZ57lbpgGF774mJ4sdeASSAdrqm.jpg,,,,[],1,0,[],,,[],[],[],
1551,1278762,Trillion Game the Movie,劇場版 トリリオンゲーム,Fight Until You Win.,"Haru Tennoji and Manabu ""Gaku"" Taira are once again on the move to earn 1 trillion dollars and get everything in the world. Haru Tennoji turns his attention to a new business which is to develop the first casino resort in Japan. Will Haru and Gaku's use of unpredictable strategies and bluffing allow them to earn a trillion dollars?",0,0,0,2025-02-14,In Production,5.481,0.0,0,,/t3S1a9QuQ8ZD9K4Ui4282dNaQRL.jpg,/yMTKJEfbIJZtEQsfsS8vXDy33Tg.jpg,https://www.youtube.com/watch?v=LxG-Nw8JgBU,https://www.youtube.com/watch?v=j6WQ64k4v-k,[],1,0,[],,,[],[],[],
1466,1313256,The Space You Need,The Space You Need,They're on different planets.,"Sci-Fi Author Julian and Aluminium CEO Leo are in a slump in their relationship. So when Leo gets the chance to join the test flight of a new space travel company is it just the space they need to get back on track? The Space You Need is a unique queer romantic comedy set in the world of Dexter Intergalactic Endeavours, the world's first ever low cost alternative commercial spaceline.",21,0,0,2025-02-20,In Production,1.341,0.0,0,,/6NYJNzeUgmqrqaXglG3ihrn504I.jpg,/mML72O8SAksF1AQYlPk8A4a52uj.jpg,,,[],1,0,[],,,[],[],[],
3,1279468,War of the Winds III,War of the Winds III,,The third installment in the 'War of the Winds' trilogy.,0,0,0,2031-06-06,Rumored,0.017,0.0,0,,,,,,[],1,0,[],,,[],[],[],
16324,1357069,Huck e Zelensky - Não Está Tudo Bem,Huck e Zelensky - Não Está Tudo Bem,,,0,0,0,2024-09-15,Released,0.289,1.0,1,,/vYuxuS6Se2rWQ9BNF0Vq71PiOpK.jpg,/p3EX8sJ6d2BH327H1aKAJAdviji.jpg,,,[],1,0,[],,,[],[],[],
24278,1075621,Les 10 ans de Studio Bagel,Les 10 ans de Studio Bagel,Are you ready to discover what they have (almost) become?,A look back at the French Internet collective as they celebrate their 10th year anniversary.,64,0,0,2023-02-10,Released,1.522,6.0,2,,/lnZ664YVBl1uiFp63JSYZNwpNIo.jpg,/3ZdtH7SfHW0zZcVPZDS2vz6tqtd.jpg,,,[],1,0,[],,,[],[],[],
19436,1016084,BlackBerry,BlackBerry,Work hard. Fail hard.,Two mismatched entrepreneurs – egghead innovator Mike Lazaridis and cut-throat businessman Jim Balsillie – joined forces in an endeavour that was to become a worldwide hit in little more than a decade. The story of the meteoric rise and catastrophic demise of the world's first smartphone.,120,5000000,2600000,2023-02-13,Released,18.437,7.13,596,,/nQSvHZDuMlrZdm7ooMo8gb4CXhW.jpg,/cUHxmWfkp6se0Rt10Kr86bMCYDE.jpg,https://www.youtube.com/watch?v=azXYGZwkeqg,https://www.youtube.com/watch?v=cXL_HDzBQsM,[],1,0,[],,,[],[],[],
3933,1407803,Verdensmænd - Bobos surprise,Verdensmænd - Bobos surprise,,,0,0,0,2024-12-26,Released,0.488,10.0,1,,/gj78vKF4kxp0j9Q1Op8mi12I6kd.jpg,/MSP35R6y0ypmf3zU1kyUw1P4It.jpg,,,[],1,0,[],,,[],[],[],
13427,1279421,Putin's Playground,Putinovo hřiště,,"For years, Russia has been trying to rebuild its empire. The hybrid war doctrine introduced by Putin in 2013 assumes attacking Western countries without declaring war. The invasion of Ukraine made us lose our sense of security. A pair of documentary filmmakers from Poland set off on a journey to look for answers to the question about the threats that may face Central and Eastern Europe.",91,0,0,2024-06-06,Released,0.94,5.0,5,,/8VxulbfN8YneasqqV8AMxgpCpuR.jpg,/gnNV970as6Wyi6GX5ucoZorgquf.jpg,,,[],1,0,[],,,[],[],[],
31195,1283665,The End of the World,Konec svĕta,,"An original story told by Uncle Igor, a son of Russian aristocrats, and his nine year old grandson Tonda. A powerful story of complicated times around 1968, a story full of contrasts: Whether it is the relation between what Grandpa's plentiful life entails and Tonda's imminent children's presence, or between poetry and fine humor and dramatic situations of military occupation. Or generally between everyday worries of a person and the pressure of great history. On grandpa's life story, mapping a big part of the 20th century traumas, one can see how much an individual's fate depends on the movement and changes of history. And how much one can defy it and maintain inner firmness and integrity. Or perhaps just dear life.",124,0,0,2024-09-19,Released,0.524,7.0,1,,/dhIMJf7kkkcbPXxyrjzg5RPcnau.jpg,/h5U4oG6eLaZLjeAVXT1fyovqeeC.jpg,,,[],1,0,[],,,[],[],[],
2086,1408348,Siw,Siw,,"In this documentary about Siw Malmkvist visiting places and people who have played important roles for the 88-year-old artist - who now has a 70-year career behind him. Malmkvist is known, among other things, for the song ""Augustin"" with which she won the Melodifestivalen in 1959 and, in addition to her achievements in Sweden, has also reaped success in Germany and Italy in particular.",0,0,0,2025-09-05,In Production,0.592,0.0,0,,,,,,[],1,0,[],,,[],[],[],
13984,1290992,Olağanüstü Türk Süper Kahraman Filmi,Olağanüstü Türk Süper Kahraman Filmi,,The movie is about Spiderman and Batman trying to prevent an assassination plan at Balıkesir Social Sciences High School in Turkey.,0,1,1,2024-05-15,Released,0.474125,10.0,1,,/rJZ2ecI0o36XGos7doqI7ohrtUE.jpg,/pQqTyHeDT9tfJBKTZvfgb9OjEhb.jpg,,,[],1,0,[],,,[],[],[],
3336,1273089,Hüddam 5: Zuhur,Hüddam 5: Zuhur,,,0,0,0,2025-01-03,Released,0.54225,1.0,1,,/wc7Fodd4VCKFDu5WTYAhw9aTcYI.jpg,,,,[],1,0,[],,,[],[],[],
5245,1400451,Arranged Love,Arranged Love,,"What happens when a girl’s parents find the ""perfect"" boy for her? Is she ready to say yes, or does she want “more”? ✨ Watch as sparks fly, emotions run high, and love takes turn after turn! A story that was supposed to be simple… but as Merunasri and Dhaventhiran learn, love writes its own stories.❤️ Witness the magic of an unexpected love story, coming soon!",109,0,0,2024-12-12,Released,0.81,0.0,0,,/xbMYvxzEq232ZVwDto6IS5sL0VR.jpg,,,,[],1,0,[],,,[],[],[],
15404,1313513,Mariana's Trench,Marianengraben,,"Since her little brother Tim drowned in Trieste, Paula has lost the will to live. When she encounters old Helmut, a widower who wants to drive the ashes of his late wife to South Tyrol, she sees a way out – to go to Trieste and take her own life on Tim's birthday. But during the journey, an unexpected friendship develops with Helmut – and her lust for life is reborn.",88,0,0,2024-11-07,Released,0.617,8.5,1,,/gbuhiqUJ6LKB2F9lFeCLP5dptPR.jpg,/gAoOADuIfS5dx41GcFlhNeuJstT.jpg,,,[],1,0,[],,,[],[],[],
20733,1119750,The Wedding Contract,The Wedding Contract,,"Rebecca, a teacher, and Adam, an ad executive are excited to plan their Jewish wedding, but their wedding and future are put into jeopardy when Adam lands a new ad campaign, and their mothers meet for the first time.",84,0,0,2023-06-17,Released,4.016,5.9,10,,/qRf0OkF7QcwwYmP4thgnU7ArZet.jpg,/k4GU1ABRhoOU0l2YCiQ9fuvHXNC.jpg,,https://www.youtube.com/watch?v=JuD-f3Gw4Ew,[],1,0,[],,,[],[],[],
1661,1382708,Giving Up World Domination,世界征服やめた,,,0,0,0,2025-02-07,In Production,2.431,0.0,0,,/ijtmCizrxyd1J161fwJhgpBuboO.jpg,,,,[],1,0,[],,,[],[],[],
4550,1395814,Alusivas Causalidades,Alusivas Causalidades,Could you eat a hot dog in front of somebody you don't love?,"Javier breaks up with his girlfriend because he can't eat a hot dog in front of her, Naranja is studying to enter college. Together, they walk around Santiago.",107,67,0,2024-12-19,Released,1.197,0.0,0,,/3EKRmmBv7W9ZLWylgvhffQ8V2n7.jpg,,,,[],1,0,[],,,[],[],[],
30865,804862,Bring Them Down,Bring Them Down,,"When the ongoing rivalry between farmers Michael and Jack suddenly escalates, it triggers a chain of events that take increasingly violent and devastating turns, leaving both families permanently altered.",105,0,0,2025-02-06,Released,7.1531,6.62,46,,/2jskL5eOFTQknpRalJ4chVYyuFo.jpg,/om7apkYMeZMsZ60RsR9DGitTkPy.jpg,https://www.youtube.com/watch?v=J-uXYWEXgLw,https://www.youtube.com/watch?v=7pIKR6UBogs,[],1,0,[],,,[],[],[],
27581,1189703,Lincoln The Musical,Lincoln The Musical,"Looking to cash in on the success of Hamilton, a Broadway producer hires an egotistical Hollywood Director and clueless Soundcloud rapper to mount a play about the life of Abraham Lincoln starring an unknown female lead","When NYC’s Broadway theater season opens, Katie Sarasola is looking for her big break and producer Kenny Schumacher needs to have a surefire hit. Secretly hoping to cash in on the success of Hamilton, Kenny decides to mount an all Hip Hop version of Abraham Lincoln’s life. An egotistical Hollywood director, clueless trap rapper, washed up choreographer, and an unknown lead actress are hired to bring Kenny's vision to life. ""Lincoln The Musical"" is a parody of the entertainment industry as seen through the lens of a Broadway show. Peek behind the curtain as Katie deals with egos and her own raw emotions as she prepares for the biggest night of her life. After Opening night, will Lincoln be known as the biggest show of all time or Broadway’s biggest bomb?",64,0,0,2023-08-15,Released,0.605,10.0,2,,/g2uWDNDnP4Q3NciHH36EBCynOYO.jpg,/fzY7Cot3gTEre6jvzOxCIQ2WBBM.jpg,,,[],1,0,[],,,[],[],[],
14005,1365083,Witch Hunter,Witch Hunter,The epic tale is finally told!,"A medieval town is terrorized by demonic beasts transformed from woodland creatures by a powerful and vile witch. Now, a brave witch hunter and his warrior band must venture into the forest to confront the monstrous creatures and put an end to the witch’s dark magic.",80,0,0,2024-10-04,Released,0.5205,1.0,1,,/joVuyv8wYznW5Djs2cw4T0dzNiK.jpg,/1YAzJDspzNBhbNwVelW3aiWgev.jpg,,https://www.youtube.com/watch?v=pmQGLtWvR5A,[],1,0,[],,,[],[],[],
3057,1419301,Red Carpet: VIPs on the mat.,Red Carpet: Vip al tappeto,,"Three teams of comedians in the role of bodyguards are tasked with escorting a celebrity to her final destination, ensuring that she stays on the red carpet at all times. The teams' mission is hindered by a series of physical impediments, unforeseen contingencies, and comedian hecklers who try to get in the way, different for each team. Each time a celebrity steps off the red carpet, the team loses one of its three bodyguards. The two teams with the best time compete in the finals, this time on an equal course for both. Victory is awarded to the team that manages to escort its celebrity to the finish line in the shortest time, maintaining control over the course and dealing with setbacks successfully.",126,0,0,2025-01-09,Released,2.238,0.0,0,,/eUo9pFwQAS7vvujr1zinv9porfv.jpg,/1PR4FV98mdBYJz940SIPo4Vxa7N.jpg,,,[],1,0,[],,,[],[],[],
16834,1218848,Le théâtre magique d’Eliane,Le théâtre magique d’Eliane,,"Eliane Walther's puppet theater has been presenting fairy tales for children since 2008. She creates a magical and poetic world with simple means. Everything is created by hand in miniature form, from the witch's house, the protagonists and the books to the vegetable garden. During theatrical performances, Eliane Walther varies her own voice for each character. This brings the wonders and adventures of the stories to life and delights her audience.",70,0,0,2024-01-21,Released,0.256,8.0,1,,/v7JILr28CdpdnPCX2d35J0e1ka9.jpg,,,,[],1,0,[],,,[],[],[],
3865,1407708,Grammy Greats: The Stories Behind the Songs,Grammy Greats: The Stories Behind the Songs,,"This special program takes a nostalgic look at some of the most memorable songs that have won the Grammy Award for Song of the Year. With hosts Gayle King and Mickey Guyton leading the way, viewers can expect an engaging exploration of the stories and emotions that shaped these iconic tracks.",60,0,0,2024-12-27,Released,1.191,0.0,0,,,/jfMmei3TFgfHmLtvyW3TwhiUhpg.jpg,,https://www.youtube.com/watch?v=KDjgFOWfaPE,[],1,0,[],,,[],[],[],
23623,1034402,The Love Issue,The Love Issue,,"The conscientious beauty editor of a women’s magazine persuades an up-and-coming photographer to pretend to be her boyfriend when her ex (who is also her boss) gets engaged to somebody else. Whilst working together to shake up the magazine’s waning reputation, the photographer brings out the fun-loving part of her she’d forgotten existed – but isn’t developing real feelings for each other against the rules.",90,0,0,2023-02-08,Released,0.891,6.8,8,,/nLQuB6STr9f4HvWxNxo7AZtvb1m.jpg,/cGaP8bP0IIgQHTpegqXKWFgs9wf.jpg,,https://www.youtube.com/watch?v=pWTPsJkf2JQ,[],1,0,[],,,[],[],[],
2015,1416811,Tom Green: I Got a Mule!,Tom Green: I Got a Mule!,,Tom Green shares humorous insights about his experience transitioning from Hollywood to a simpler lifestyle in the countryside. He also provides amusing observations about modern social media pitfalls and other relatable topics.,58,0,0,2025-01-27,Released,0.456125,3.0,1,,/uYXEmuS9GlVdYSAZrTZdeR1Ahth.jpg,/iSpScfZ21jpeHbGwxFgtlhPugZE.jpg,,https://www.youtube.com/watch?v=Iz3K6i_hPqM,[],1,0,[],,,[],[],[],
18879,1362317,For Our Daughters,For Our Daughters,"Stories of abuse, betrayal, and resistance in the Evangelical church.","From Kristin Kobes Du Mez, the creator/author of Jesus and John Wayne, comes a powerful new documentary highlighting how a culture of submission and sexual abuse in the evangelical church ties directly to the Christian nationalist quest to use the outcome of the 2024 election to deprive all American women of basic democratic rights. FOR OUR DAUGHTERS speaks to all women of faith, encouraging them to use their voices and their votes to ensure that their daughters will have the rights to health and happiness guaranteed to all Americans.",30,0,0,2024-09-26,Released,0.001,9.0,1,,/lujduBZC7WSddWB8eYCS5xSKVHF.jpg,/asNPnzN3ov5brUHmWzQrqKWWgZz.jpg,,https://www.youtube.com/watch?v=d5QrMeYB3VY,[],1,0,[],,,[],[],[],
14278,1232227,"SEAMUS. Now, Then and Before","SEAMUS. Now, Then and Before",There's no such thing as a coincidence.,"An intertwining story of coincidence and closure. Now, then and before the ""death"" of his YouTube partner and best friend, Seamus tries to come to terms with his new predicament and create a final video for the channel, a sendoff to the last five years of friendship.",72,4000,200,2024-01-06,Released,0.589125,10.0,1,,/8aiH7UtDIBPl8Zg4SArHVZaEQnP.jpg,/gDSeZM40ktb1CrOq6tpZBH8WzhY.jpg,,https://www.youtube.com/watch?v=mTI_jCYOGZA,[],1,0,[],,,[],[],[],
28578,1198933,Leo Reich: Literally Who Cares?!,Leo Reich: Literally Who Cares?!,,"Hot. Young. Cool. Fresh. Ripped. Hilarious. Groundbreaking. Avant-garde. These are just some of the words that comedian and writer Leo Reich uses to describe himself. In his first HBO comedy special, this self-diagnosed important young mind faces the swirling uncertainty of our collective future, asking the big questions, such as: “Is this helping?"", “Am I hot?”, and ""No offense guys but literally what is going on?""",65,0,0,2023-12-16,Released,0.463,5.3,7,,/uCC3eReaVc1euK2DrR5xZo5QJK5.jpg,/v8YMG3X6wnRwfbOwbXdmqLS7CxM.jpg,,https://www.youtube.com/watch?v=KKyZXASSnzk,[],1,0,[],,,[],[],[],
31773,1438545,The Worlds of a Second,The Worlds of a Second,,Thirty worlds in less than a blink and oh-so many more...,1,500,0,2025-02-24,Released,0.15,5.0,1,,/fhqDEucirXR7Vsfe4aSfjqc32zK.jpg,,,,[],1,0,[],,,[],[],[],
2391,1174023,Red Stars Upon the Field,Rote Sterne überm Feld,,"“If the ghosts can visit our time, we can visit theirs”. This freewheeling tour of German history of the 20th and 21st centuries follows a postmodern artist back to her East German village birthplace – where a discovered skeleton opens up mysteries both personal and political.",113,0,0,2025-01-21,Released,5.681,0.0,0,,,,,,[],1,0,[],,,[],[],[],
15402,1339746,Final Liberation,Final Liberation,What is Moksha?,This film revolves around a boy who accesses his dead mother and comes to know of things he hadn't known of her past.,6,0,0,2024-08-27,Released,0.464,10.0,1,,/w1XeQ49YRpHLwH5Bl2bKwQLU8c.jpg,/mei24ESZiB060Focy2iN2JJCkey.jpg,,,[],1,0,[],,,[],[],[],
20508,1232226,My Husband's Gift,남편의 S선물,,"So-hee is a young wife who relieves her husband, who is crippled from the waist down, every night with her own hands. However, she feels lonely every night. One day, after she satisfied her husband's needs, her husband caught her masturbating without him knowing. Seeing that his wife is unable to satisfy her lust because of his disability, he makes an unexpected proposal.",64,0,0,2023-12-22,Released,7.157,10.0,1,,/heXkrxW0Zaow88O3SCcbwxxYKsf.jpg,/9TCzK7zRQt5ilJhUVUdMDnbLRva.jpg,,,[],1,0,[],,,[],[],[],
26638,1206042,The Longest Night,En Uzun Gece,,"Hüseyin, a family man, is forced to share a bed with his brother-in-law Firat, who happens to be staying overnight in their apartment. The weather is unbearably hot and Hüseyin's ""longest night"" begins.",18,0,0,2023-11-15,Released,0.697,5.5,2,,/k2mGlKwS5RKgNC9P7bdOMEPu34O.jpg,/dgWngeFn1s5whqYGUHSXNQqAOJf.jpg,,,[],1,0,[],,,[],[],[],
3197,1421872,Two Women One Lobster,Two Women One Lobster,,"In 1930s rural England, a young housemaid, Alice, becomes entangled in suspicion and power games when her employer, Beatrice, uncovers a hidden letter from her husband.",3,0,0,2025-01-06,Released,1.145,0.0,0,,/jlmBD2hdbqfNg4Vr5PdBNAY4m7r.jpg,,,,[],1,0,[],,,[],[],[],
32117,1245165,Graduation Trip: Mallorca,Viaje de fin de curso: Mallorca,,"2021. After spending a year in confinement, a group of high school students and their two teachers begin an end-of-year trip to Mallorca. This great plan is the last opportunity they have to all be together, make up for lost time, be able to have fun like they have never had before and say goodbye to this crazy stage of their lives. However, a new coronavirus outbreak disrupts all their plans and forces them to stay locked in their hotel rooms. More than 50 students, 2 teachers, a hotel and many, many minibars... What could go wrong?",113,0,0,2025-05-30,Released,96.0667,5.53,20,,/ejYX4ygRoupGRjFgmmtnK0sMxhN.jpg,/z5caDtY3tn6rwbzB8iIA8PFCqYN.jpg,,https://www.youtube.com/watch?v=H1lyNOlvFkI,[],1,0,[],,,[],[],[],
30470,286633,The Soil Under Your Feet,Talpalatnyi föld,Treasured Earth,"In 1905 Hungary,  a young  village woman has just undergone a marriage  to the spoiled son of a man to whom her father is indebted, in order that the debt be cancelled, only to be spirited away by her true love, a young  peasant, by whom she soon becomes pregnant.  Together they attempt to find a way to buy up her father's debt and also pay for a divorce from her husband, against various odds.",97,0,0,1947-08-13,Released,0.54,6.0,2,,/xZbXAsz6B9x0iJtzXQ5jzIunkdt.jpg,,,,[],1,0,[],,,[],[],[],
30603,28162,A Matter of Life and Death,A Matter of Life and Death,Neither Heaven nor Earth could keep them apart!,"When a young RAF pilot miraculously survives bailing out of his aeroplane without a parachute, he falls in love with an American radio operator. But the officials in the other world realise their mistake and dispatch an angel to collect him.",104,0,0,1946-12-15,Released,8.609,7.7,413,,/H74LWKnhOeIFSk9gNjBcPjIov3.jpg,/5HPPIHg9lEyH1rvzi5bAAbo2RxW.jpg,,https://www.youtube.com/watch?v=S0veuSLLWZ0,[],1,0,[],,,[],[],[],
8091,1369071,Prey to Me,En proie,,Two lovers cross the border in their quest for a common space of pleasure between violent and sensual intensity.,13,0,0,2024-11-17,Released,0.001,0.0,0,,/dFynaJtUY3UtoRpI0vo1HlOOfE2.jpg,,,,[],1,0,[],,,[],[],[],
18850,1228534,Afghanistan : les derniers résistants,Afghanistan : les derniers résistants,,,0,0,0,2024-01-09,Released,0.097,7.0,1,,/dZoarIPmfcCSt4IGME8SihR0esy.jpg,,,,[],1,0,[],,,[],[],[],
27425,1024142,Kickstart My Heart,Kickstart My Heart,What are you fighting for?,"After a gruesome car accident, a young woman fights her mind's 3 levels of hell to survive.",14,0,0,2023-03-30,Released,0.64,6.0,5,,/60uW9rUDi9ojIvmroVnspw6VKZn.jpg,/z93NtPaNkuRF0gFdXCfV23L7hAi.jpg,,,[],1,0,[],,,[],[],[],
19495,1058699,STILL: A Michael J. Fox Movie,STILL: A Michael J. Fox Movie,,A short kid from a Canadian army base becomes the international pop culture darling of the 1980s—only to find the course of his life altered by a stunning diagnosis. What happens when an incurable optimist confronts an incurable disease?,95,0,0,2023-01-20,Released,12.17,7.6,170,,/fDO4gYZxvdsIrHKzsSAbc3N7Wfg.jpg,/wQiXDEzfU8pydakr5yZ01bhlN30.jpg,,https://www.youtube.com/watch?v=yHgMSR4F1Ak,[],1,0,[],,,[],[],[],
24004,1077299,Martyr or Murderer,Martyr or Murderer,,"A sequel to Maid in Malacañang. The film explores the assassination of Ninoy Aquino on August 21, 1983, three years before the events of Maid in Malacañang, and how the Marcoses were accused of as those responsible for killing him.",103,0,0,2023-03-01,Released,1.505,2.0,1,,/foC3u7CB6STe9sYQzXkGRS0umSK.jpg,/urSmtJCZBdhRcVAzgkDhCh4VImF.jpg,https://www.youtube.com/watch?v=shteqrwV3fU,https://www.youtube.com/watch?v=1pa29gGnRUs,[],1,0,[],,,[],[],[],
10082,1411380,Hotel Loo,Otel Loo,Does my betrayal come from my zodiac sign or my character?,Upcoming film directed by Elvin Rustamzade.,75,0,0,2025-02-14,In Production,0.377,0.0,0,,/iUFqasN4ipytrOdZ979OERWRRRI.jpg,,,,[],1,0,[],,,[],[],[],
18723,1300054,valo-valo,valo-valo,,Body horror film referring to the Udmurt legend about two human souls that can fly out of the heel in the form of a bat - which means the death of the creatures.,4,0,0,2024-03-11,Released,0.109,8.0,1,,/q2i31IIvXufjU78jGaSFeHAAfiz.jpg,,,https://www.youtube.com/watch?v=dfK84cu4L4c,[],1,0,[],,,[],[],[],
73,1102464,Untitled Jordan Peele Film,Untitled Jordan Peele Film,,"Untitled fourth film directed by Jordan Peele, cast and plot kept under wraps.",0,0,0,2026-10-23,Planned,3.563,0.0,0,,,/pz7u18TEz8SxLE53nGCmF59O8De.jpg,,,[],1,0,[],,,[],[],[],
13902,1380033,Missing Scene,Escena Perdida,"Rehearsing the past, he finds the lines he never got to say.","During the rehearsals for his upcoming play, Carlos, a theater director, reminisces about the romantic breakup that inspired the script.",5,200,0,2024-08-18,Released,0.787,10.0,1,,/4K3E2UiKkWEYnWPq03d1BGVw6LL.jpg,/fuioJy1t6uTNOTS6UhCbK0sIpbG.jpg,,,[],1,0,[],,,[],[],[],
13773,1255130,Death on Holiday,Moartea în vacanță,You might die laughing,"Mihai, Adrian and Patricia struggle to get into the good graces of Rodica, a lonely and rich old woman in the hope that they will inherit her fortune.",89,0,1861259,2024-11-01,Released,0.6355,8.4,5,,/xoowGWiWIAl4WookuicCk0siAro.jpg,/msz8PI9HGPZXosPrkSGzZCIIFZJ.jpg,,,[],1,0,[],,,[],[],[],
16925,1321977,"Сергей Астахов, или Механика киноискусства","Сергей Астахов, или Механика киноискусства",,"A film about the life and work of cinematographer Sergei Astakhov, who has directed more than seventy full-length films, including the cult films “Brother” and “Brother-2”, the public’s favorite film “In Love of His Own Will”, and the most complex films of recent times – “Salute” -7”, “Heart of Parma” and many others. The secret of Astakhov’s success is a unique combination of artistic intuition with the talent of an engineer-inventor. The film shows Astakhov in a variety of manifestations: on the set, and during the construction of his house, and during the construction of a chapel, and at a children's Christmas party. And everywhere he is invariably charming with his energy and love of life!",75,0,0,2024-08-10,Released,0.382,5.0,2,,,,,,[],1,0,[],,,[],[],[],
14283,1022312,A Woman,孔秀,,"From the late 1960s to the early 1980s, Kong Xiu, an ordinary female worker, bravely got rid of the shackles of two unfortunate marriages, and grew up to be a writer in her spare time in the heavy workshop work.",110,0,0,2024-03-08,Released,0.82525,6.0,2,,/7UERaEwqSlrwagwW4tfIFYDX8rr.jpg,/sb4ZRstAbeSGyaiq4efDZecOnJb.jpg,,,[],1,0,[],,,[],[],[],
